0 verbose cli /usr/local/bin/node /usr/local/bin/npm
1 info using npm@11.16.0
2 info using node@v24.18.1
3 silly config load:file:/usr/local/lib/node_modules/npm/npmrc
4 silly config load:file:/Users/rafaeltoledanojuarez/.gemini/antigravity/scratch/flota-app/.npmrc
5 silly config load:file:/Users/rafaeltoledanojuarez/.npmrc
6 silly config load:file:/usr/local/etc/npmrc
7 verbose title npm install
8 verbose argv "install" "--cache" ".npm-cache"
9 verbose logfile logs-max:10 dir:/Users/rafaeltoledanojuarez/.gemini/antigravity/scratch/flota-app/.npm-cache/_logs/2026-08-04T03_47_00_404Z-
10 verbose logfile /Users/rafaeltoledanojuarez/.gemini/antigravity/scratch/flota-app/.npm-cache/_logs/2026-08-04T03_47_00_404Z-debug-0.log
11 silly logfile done cleaning log files
12 silly packumentCache heap:4496293888 maxSize:1124073472 maxEntrySize:562036736
13 silly idealTree buildDeps
14 silly fetch manifest next@16.3.0
15 silly packumentCache full:https://registry.npmjs.org/next cache-miss
16 http fetch GET 200 https://registry.npmjs.org/npm 175ms
17 http fetch GET 200 https://registry.npmjs.org/next 560ms (cache miss)
18 silly packumentCache full:https://registry.npmjs.org/next set size:undefined disposed:false
19 silly fetch manifest @opentelemetry/api@^1.1.0
20 silly packumentCache full:https://registry.npmjs.org/@opentelemetry%2fapi cache-miss
21 http fetch GET 200 https://registry.npmjs.org/@opentelemetry%2fapi 64ms (cache miss)
22 silly packumentCache full:https://registry.npmjs.org/@opentelemetry%2fapi set size:undefined disposed:false
23 silly fetch manifest @playwright/test@^1.51.1
24 silly packumentCache full:https://registry.npmjs.org/@playwright%2ftest cache-miss
25 http fetch GET 200 https://registry.npmjs.org/@playwright%2ftest 313ms (cache miss)
26 silly packumentCache full:https://registry.npmjs.org/@playwright%2ftest set size:undefined disposed:false
27 silly fetch manifest babel-plugin-react-compiler@*
28 silly packumentCache full:https://registry.npmjs.org/babel-plugin-react-compiler cache-miss
29 http fetch GET 200 https://registry.npmjs.org/babel-plugin-react-compiler 56ms (cache miss)
30 silly packumentCache full:https://registry.npmjs.org/babel-plugin-react-compiler set size:undefined disposed:false
31 silly fetch manifest react@19.2.8
32 silly packumentCache full:https://registry.npmjs.org/react cache-miss
33 http fetch GET 200 https://registry.npmjs.org/react 161ms (cache miss)
34 silly packumentCache full:https://registry.npmjs.org/react set size:undefined disposed:false
35 silly fetch manifest react-dom@19.2.8
36 silly packumentCache full:https://registry.npmjs.org/react-dom cache-miss
37 http fetch GET 200 https://registry.npmjs.org/react-dom 201ms (cache miss)
38 silly packumentCache full:https://registry.npmjs.org/react-dom set size:undefined disposed:false
39 silly fetch manifest sass@^1.3.0
40 silly packumentCache full:https://registry.npmjs.org/sass cache-miss
41 http fetch GET 200 https://registry.npmjs.org/sass 62ms (cache miss)
42 silly packumentCache full:https://registry.npmjs.org/sass set size:undefined disposed:false
43 silly fetch manifest @tailwindcss/postcss@^4
44 silly packumentCache full:https://registry.npmjs.org/@tailwindcss%2fpostcss cache-miss
45 http fetch GET 200 https://registry.npmjs.org/@tailwindcss%2fpostcss 365ms (cache miss)
46 silly packumentCache full:https://registry.npmjs.org/@tailwindcss%2fpostcss set size:undefined disposed:false
47 silly fetch manifest eslint@^9
48 silly packumentCache full:https://registry.npmjs.org/eslint cache-miss
49 http fetch GET 200 https://registry.npmjs.org/eslint 71ms (cache miss)
50 silly packumentCache full:https://registry.npmjs.org/eslint set size:undefined disposed:false
51 silly fetch manifest jiti@*
52 silly packumentCache full:https://registry.npmjs.org/jiti cache-miss
53 http fetch GET 200 https://registry.npmjs.org/jiti 43ms (cache miss)
54 silly packumentCache full:https://registry.npmjs.org/jiti set size:undefined disposed:false
55 silly fetch manifest eslint-config-next@16.3.0
56 silly packumentCache full:https://registry.npmjs.org/eslint-config-next cache-miss
57 http fetch GET 200 https://registry.npmjs.org/eslint-config-next 172ms (cache miss)
58 silly packumentCache full:https://registry.npmjs.org/eslint-config-next set size:undefined disposed:false
59 silly fetch manifest typescript@>=3.3.1
60 silly packumentCache full:https://registry.npmjs.org/typescript cache-miss
61 http fetch GET 200 https://registry.npmjs.org/typescript 279ms (cache miss)
62 silly packumentCache full:https://registry.npmjs.org/typescript set size:undefined disposed:false
63 silly fetch manifest tailwindcss@^4
64 silly packumentCache full:https://registry.npmjs.org/tailwindcss cache-miss
65 http fetch GET 200 https://registry.npmjs.org/tailwindcss 296ms (cache miss)
66 silly packumentCache full:https://registry.npmjs.org/tailwindcss set size:undefined disposed:false
67 silly placeDep ROOT @tailwindcss/postcss@4.3.3 OK for: flota-app@0.1.0 want: ^4
68 silly placeDep ROOT eslint@9.39.5 OK for: flota-app@0.1.0 want: ^9
69 silly placeDep ROOT eslint-config-next@16.3.0 OK for: flota-app@0.1.0 want: 16.3.0
70 silly placeDep ROOT next@16.3.0 OK for: flota-app@0.1.0 want: 16.3.0
71 silly placeDep ROOT react@19.2.8 OK for: next@16.3.0 want: ^18.2.0 || 19.0.0-rc-de68d2f4-20241204 || ^19.0.0
72 silly placeDep ROOT react-dom@19.2.8 OK for: next@16.3.0 want: ^18.2.0 || 19.0.0-rc-de68d2f4-20241204 || ^19.0.0
73 silly placeDep ROOT tailwindcss@4.3.3 OK for: flota-app@0.1.0 want: ^4
74 silly fetch manifest postcss@^8.5.16
75 silly packumentCache full:https://registry.npmjs.org/postcss cache-miss
76 silly fetch manifest tailwindcss@4.3.3
77 silly packumentCache full:https://registry.npmjs.org/tailwindcss cache-miss
78 silly fetch manifest @alloc/quick-lru@^5.2.0
79 silly packumentCache full:https://registry.npmjs.org/@alloc%2fquick-lru cache-miss
80 silly fetch manifest @tailwindcss/node@4.3.3
81 silly packumentCache full:https://registry.npmjs.org/@tailwindcss%2fnode cache-miss
82 silly fetch manifest @tailwindcss/oxide@4.3.3
83 silly packumentCache full:https://registry.npmjs.org/@tailwindcss%2foxide cache-miss
84 silly fetch manifest ajv@^6.14.0
85 silly packumentCache full:https://registry.npmjs.org/ajv cache-miss
86 silly fetch manifest chalk@^4.0.0
87 silly packumentCache full:https://registry.npmjs.org/chalk cache-miss
88 silly fetch manifest debug@^4.3.2
89 silly packumentCache full:https://registry.npmjs.org/debug cache-miss
90 silly fetch manifest espree@^10.4.0
91 silly packumentCache full:https://registry.npmjs.org/espree cache-miss
92 http cache https://registry.npmjs.org/tailwindcss 24ms (cache hit)
93 silly packumentCache full:https://registry.npmjs.org/tailwindcss set size:10806639 disposed:false
94 silly fetch manifest ignore@^5.2.0
95 silly packumentCache full:https://registry.npmjs.org/ignore cache-miss
96 http fetch GET 200 https://registry.npmjs.org/postcss 72ms (cache miss)
97 silly packumentCache full:https://registry.npmjs.org/postcss set size:undefined disposed:false
98 silly fetch manifest esquery@^1.5.0
99 silly packumentCache full:https://registry.npmjs.org/esquery cache-miss
100 http fetch GET 200 https://registry.npmjs.org/@alloc%2fquick-lru 100ms (cache miss)
101 silly packumentCache full:https://registry.npmjs.org/@alloc%2fquick-lru set size:undefined disposed:false
102 silly fetch manifest esutils@^2.0.2
103 silly packumentCache full:https://registry.npmjs.org/esutils cache-miss
104 http fetch GET 200 https://registry.npmjs.org/esquery 40ms (cache miss)
105 silly packumentCache full:https://registry.npmjs.org/esquery set size:undefined disposed:false
106 silly fetch manifest find-up@^5.0.0
107 silly packumentCache full:https://registry.npmjs.org/find-up cache-miss
108 http fetch GET 200 https://registry.npmjs.org/chalk 122ms (cache miss)
109 silly packumentCache full:https://registry.npmjs.org/chalk set size:undefined disposed:false
110 silly fetch manifest is-glob@^4.0.0
111 silly packumentCache full:https://registry.npmjs.org/is-glob cache-miss
112 http fetch GET 200 https://registry.npmjs.org/debug 129ms (cache miss)
113 silly packumentCache full:https://registry.npmjs.org/debug set size:undefined disposed:false
114 silly fetch manifest minimatch@^3.1.5
115 silly packumentCache full:https://registry.npmjs.org/minimatch cache-miss
116 http fetch GET 200 https://registry.npmjs.org/esutils 37ms (cache miss)
117 silly packumentCache full:https://registry.npmjs.org/esutils set size:undefined disposed:false
118 silly fetch manifest @eslint/js@9.39.5
119 silly packumentCache full:https://registry.npmjs.org/@eslint%2fjs cache-miss
120 http fetch GET 200 https://registry.npmjs.org/ignore 92ms (cache miss)
121 silly packumentCache full:https://registry.npmjs.org/ignore set size:undefined disposed:false
122 silly fetch manifest optionator@^0.9.3
123 silly packumentCache full:https://registry.npmjs.org/optionator cache-miss
124 http fetch GET 200 https://registry.npmjs.org/find-up 36ms (cache miss)
125 silly packumentCache full:https://registry.npmjs.org/find-up set size:undefined disposed:false
126 silly fetch manifest cross-spawn@^7.0.6
127 silly packumentCache full:https://registry.npmjs.org/cross-spawn cache-miss
128 http fetch GET 200 https://registry.npmjs.org/espree 159ms (cache miss)
129 silly packumentCache full:https://registry.npmjs.org/espree set size:undefined disposed:false
130 silly fetch manifest glob-parent@^6.0.2
131 silly packumentCache full:https://registry.npmjs.org/glob-parent cache-miss
132 http fetch GET 200 https://registry.npmjs.org/is-glob 40ms (cache miss)
133 silly packumentCache full:https://registry.npmjs.org/is-glob set size:undefined disposed:false
134 silly fetch manifest imurmurhash@^0.1.4
135 silly packumentCache full:https://registry.npmjs.org/imurmurhash cache-miss
136 http fetch GET 200 https://registry.npmjs.org/optionator 39ms (cache miss)
137 silly packumentCache full:https://registry.npmjs.org/optionator set size:undefined disposed:false
138 silly fetch manifest @eslint/core@^0.17.0
139 silly packumentCache full:https://registry.npmjs.org/@eslint%2fcore cache-miss
140 http fetch GET 200 https://registry.npmjs.org/minimatch 49ms (cache miss)
141 silly packumentCache full:https://registry.npmjs.org/minimatch set size:undefined disposed:false
142 silly fetch manifest eslint-scope@^8.4.0
143 silly packumentCache full:https://registry.npmjs.org/eslint-scope cache-miss
144 http fetch GET 200 https://registry.npmjs.org/ajv 188ms (cache miss)
145 silly packumentCache full:https://registry.npmjs.org/ajv set size:undefined disposed:false
146 silly fetch manifest lodash.merge@^4.6.2
147 silly packumentCache full:https://registry.npmjs.org/lodash.merge cache-miss
148 http fetch GET 200 https://registry.npmjs.org/imurmurhash 34ms (cache miss)
149 silly packumentCache full:https://registry.npmjs.org/imurmurhash set size:undefined disposed:false
150 silly fetch manifest @humanfs/node@^0.16.6
151 silly packumentCache full:https://registry.npmjs.org/@humanfs%2fnode cache-miss
152 http fetch GET 200 https://registry.npmjs.org/cross-spawn 45ms (cache miss)
153 silly packumentCache full:https://registry.npmjs.org/cross-spawn set size:undefined disposed:false
154 silly fetch manifest @types/estree@^1.0.6
155 silly packumentCache full:https://registry.npmjs.org/@types%2festree cache-miss
156 http fetch GET 200 https://registry.npmjs.org/@tailwindcss%2fnode 203ms (cache miss)
157 silly packumentCache full:https://registry.npmjs.org/@tailwindcss%2fnode set size:undefined disposed:false
158 silly fetch manifest fast-deep-equal@^3.1.3
159 silly packumentCache full:https://registry.npmjs.org/fast-deep-equal cache-miss
160 http fetch GET 200 https://registry.npmjs.org/glob-parent 57ms (cache miss)
161 silly packumentCache full:https://registry.npmjs.org/glob-parent set size:undefined disposed:false
162 silly fetch manifest natural-compare@^1.4.0
163 silly packumentCache full:https://registry.npmjs.org/natural-compare cache-miss
164 http fetch GET 200 https://registry.npmjs.org/@tailwindcss%2foxide 223ms (cache miss)
165 silly packumentCache full:https://registry.npmjs.org/@tailwindcss%2foxide set size:undefined disposed:false
166 silly fetch manifest @eslint/eslintrc@^3.3.6
167 silly packumentCache full:https://registry.npmjs.org/@eslint%2feslintrc cache-miss
168 http fetch GET 200 https://registry.npmjs.org/lodash.merge 46ms (cache miss)
169 silly packumentCache full:https://registry.npmjs.org/lodash.merge set size:undefined disposed:false
170 silly fetch manifest file-entry-cache@^8.0.0
171 silly packumentCache full:https://registry.npmjs.org/file-entry-cache cache-miss
172 http fetch GET 200 https://registry.npmjs.org/eslint-scope 57ms (cache miss)
173 silly packumentCache full:https://registry.npmjs.org/eslint-scope set size:undefined disposed:false
174 silly fetch manifest @eslint/plugin-kit@^0.4.1
175 silly packumentCache full:https://registry.npmjs.org/@eslint%2fplugin-kit cache-miss
176 http fetch GET 200 https://registry.npmjs.org/fast-deep-equal 35ms (cache miss)
177 silly packumentCache full:https://registry.npmjs.org/fast-deep-equal set size:undefined disposed:false
178 silly fetch manifest eslint-visitor-keys@^4.2.1
179 silly packumentCache full:https://registry.npmjs.org/eslint-visitor-keys cache-miss
180 http fetch GET 200 https://registry.npmjs.org/@humanfs%2fnode 47ms (cache miss)
181 silly packumentCache full:https://registry.npmjs.org/@humanfs%2fnode set size:undefined disposed:false
182 silly fetch manifest @eslint/config-array@^0.21.2
183 silly packumentCache full:https://registry.npmjs.org/@eslint%2fconfig-array cache-miss
184 http fetch GET 200 https://registry.npmjs.org/@eslint%2fcore 75ms (cache miss)
185 silly packumentCache full:https://registry.npmjs.org/@eslint%2fcore set size:undefined disposed:false
186 silly fetch manifest @humanwhocodes/retry@^0.4.2
187 silly packumentCache full:https://registry.npmjs.org/@humanwhocodes%2fretry cache-miss
188 http fetch GET 200 https://registry.npmjs.org/@types%2festree 57ms (cache miss)
189 silly packumentCache full:https://registry.npmjs.org/@types%2festree set size:undefined disposed:false
190 silly fetch manifest escape-string-regexp@^4.0.0
191 silly packumentCache full:https://registry.npmjs.org/escape-string-regexp cache-miss
192 http fetch GET 200 https://registry.npmjs.org/natural-compare 43ms (cache miss)
193 silly packumentCache full:https://registry.npmjs.org/natural-compare set size:undefined disposed:false
194 silly fetch manifest @eslint/config-helpers@^0.4.2
195 silly packumentCache full:https://registry.npmjs.org/@eslint%2fconfig-helpers cache-miss
196 http fetch GET 200 https://registry.npmjs.org/file-entry-cache 31ms (cache miss)
197 silly packumentCache full:https://registry.npmjs.org/file-entry-cache set size:undefined disposed:false
198 silly fetch manifest @eslint-community/regexpp@^4.12.1
199 silly packumentCache full:https://registry.npmjs.org/@eslint-community%2fregexpp cache-miss
200 http fetch GET 200 https://registry.npmjs.org/@eslint%2feslintrc 44ms (cache miss)
201 silly packumentCache full:https://registry.npmjs.org/@eslint%2feslintrc set size:undefined disposed:false
202 silly fetch manifest @eslint-community/eslint-utils@^4.8.0
203 silly packumentCache full:https://registry.npmjs.org/@eslint-community%2feslint-utils cache-miss
204 http fetch GET 200 https://registry.npmjs.org/eslint-visitor-keys 34ms (cache miss)
205 silly packumentCache full:https://registry.npmjs.org/eslint-visitor-keys set size:undefined disposed:false
206 silly fetch manifest @humanwhocodes/module-importer@^1.0.1
207 silly packumentCache full:https://registry.npmjs.org/@humanwhocodes%2fmodule-importer cache-miss
208 http fetch GET 200 https://registry.npmjs.org/@eslint%2fjs 144ms (cache miss)
209 silly packumentCache full:https://registry.npmjs.org/@eslint%2fjs set size:undefined disposed:false
210 silly fetch manifest json-stable-stringify-without-jsonify@^1.0.1
211 silly packumentCache full:https://registry.npmjs.org/json-stable-stringify-without-jsonify cache-miss
212 http fetch GET 200 https://registry.npmjs.org/escape-string-regexp 36ms (cache miss)
213 silly packumentCache full:https://registry.npmjs.org/escape-string-regexp set size:undefined disposed:false
214 silly fetch manifest globals@16.4.0
215 silly packumentCache full:https://registry.npmjs.org/globals cache-miss
216 http fetch GET 200 https://registry.npmjs.org/@eslint%2fconfig-array 59ms (cache miss)
217 silly packumentCache full:https://registry.npmjs.org/@eslint%2fconfig-array set size:undefined disposed:false
218 silly fetch manifest typescript-eslint@^8.46.0
219 silly packumentCache full:https://registry.npmjs.org/typescript-eslint cache-miss
220 http fetch GET 200 https://registry.npmjs.org/@eslint%2fconfig-helpers 58ms (cache miss)
221 silly packumentCache full:https://registry.npmjs.org/@eslint%2fconfig-helpers set size:undefined disposed:false
222 silly fetch manifest eslint-plugin-react@^7.37.0
223 silly packumentCache full:https://registry.npmjs.org/eslint-plugin-react cache-miss
224 http fetch GET 200 https://registry.npmjs.org/@eslint-community%2fregexpp 50ms (cache miss)
225 silly packumentCache full:https://registry.npmjs.org/@eslint-community%2fregexpp set size:undefined disposed:false
226 silly fetch manifest eslint-plugin-import@^2.32.0
227 silly packumentCache full:https://registry.npmjs.org/eslint-plugin-import cache-miss
228 http fetch GET 200 https://registry.npmjs.org/@humanwhocodes%2fmodule-importer 49ms (cache miss)
229 silly packumentCache full:https://registry.npmjs.org/@humanwhocodes%2fmodule-importer set size:undefined disposed:false
230 silly fetch manifest eslint-plugin-jsx-a11y@^6.10.0
231 silly packumentCache full:https://registry.npmjs.org/eslint-plugin-jsx-a11y cache-miss
232 http fetch GET 200 https://registry.npmjs.org/globals 47ms (cache miss)
233 silly packumentCache full:https://registry.npmjs.org/globals set size:undefined disposed:false
234 silly fetch manifest @next/eslint-plugin-next@16.3.0
235 silly packumentCache full:https://registry.npmjs.org/@next%2feslint-plugin-next cache-miss
236 http fetch GET 200 https://registry.npmjs.org/eslint-plugin-import 45ms (cache miss)
237 silly packumentCache full:https://registry.npmjs.org/eslint-plugin-import set size:undefined disposed:false
238 silly fetch manifest eslint-plugin-react-hooks@^7.0.0
239 silly packumentCache full:https://registry.npmjs.org/eslint-plugin-react-hooks cache-miss
240 http fetch GET 200 https://registry.npmjs.org/@eslint%2fplugin-kit 133ms (cache miss)
241 silly packumentCache full:https://registry.npmjs.org/@eslint%2fplugin-kit set size:undefined disposed:false
242 silly fetch manifest eslint-import-resolver-node@^0.3.6
243 silly packumentCache full:https://registry.npmjs.org/eslint-import-resolver-node cache-miss
244 http fetch GET 200 https://registry.npmjs.org/eslint-plugin-react 57ms (cache miss)
245 silly packumentCache full:https://registry.npmjs.org/eslint-plugin-react set size:undefined disposed:false
246 silly fetch manifest eslint-import-resolver-typescript@^3.5.2
247 silly packumentCache full:https://registry.npmjs.org/eslint-import-resolver-typescript cache-miss
248 http fetch GET 200 https://registry.npmjs.org/@humanwhocodes%2fretry 128ms (cache miss)
249 silly packumentCache full:https://registry.npmjs.org/@humanwhocodes%2fretry set size:undefined disposed:false
250 silly fetch manifest postcss@8.5.23
251 silly packumentCache full:https://registry.npmjs.org/postcss cache-miss
252 http cache https://registry.npmjs.org/postcss 2ms (cache hit)
253 silly packumentCache full:https://registry.npmjs.org/postcss set size:756623 disposed:false
254 silly fetch manifest @next/env@16.3.0
255 silly packumentCache full:https://registry.npmjs.org/@next%2fenv cache-miss
256 http fetch GET 200 https://registry.npmjs.org/@eslint-community%2feslint-utils 126ms (cache miss)
257 silly packumentCache full:https://registry.npmjs.org/@eslint-community%2feslint-utils set size:undefined disposed:false
258 silly fetch manifest styled-jsx@5.1.6
259 silly packumentCache full:https://registry.npmjs.org/styled-jsx cache-miss
260 http fetch GET 200 https://registry.npmjs.org/json-stable-stringify-without-jsonify 124ms (cache miss)
261 silly packumentCache full:https://registry.npmjs.org/json-stable-stringify-without-jsonify set size:undefined disposed:false
262 silly fetch manifest @swc/helpers@0.5.15
263 silly packumentCache full:https://registry.npmjs.org/@swc%2fhelpers cache-miss
264 http fetch GET 200 https://registry.npmjs.org/eslint-import-resolver-node 45ms (cache miss)
265 silly packumentCache full:https://registry.npmjs.org/eslint-import-resolver-node set size:undefined disposed:false
266 silly fetch manifest caniuse-lite@^1.0.30001579
267 silly packumentCache full:https://registry.npmjs.org/caniuse-lite cache-miss
268 http fetch GET 200 https://registry.npmjs.org/eslint-import-resolver-typescript 43ms (cache miss)
269 silly packumentCache full:https://registry.npmjs.org/eslint-import-resolver-typescript set size:undefined disposed:false
270 silly fetch manifest baseline-browser-mapping@^2.9.19
271 silly packumentCache full:https://registry.npmjs.org/baseline-browser-mapping cache-miss
272 http fetch GET 200 https://registry.npmjs.org/styled-jsx 39ms (cache miss)
273 silly packumentCache full:https://registry.npmjs.org/styled-jsx set size:undefined disposed:false
274 silly fetch manifest sharp@^0.35.3
275 silly packumentCache full:https://registry.npmjs.org/sharp cache-miss
276 http fetch GET 200 https://registry.npmjs.org/eslint-plugin-jsx-a11y 149ms (cache miss)
277 silly packumentCache full:https://registry.npmjs.org/eslint-plugin-jsx-a11y set size:undefined disposed:false
278 silly fetch manifest @next/swc-darwin-x64@16.3.0
279 silly packumentCache full:https://registry.npmjs.org/@next%2fswc-darwin-x64 cache-miss
280 http fetch GET 200 https://registry.npmjs.org/@swc%2fhelpers 77ms (cache miss)
281 silly packumentCache full:https://registry.npmjs.org/@swc%2fhelpers set size:undefined disposed:false
282 silly fetch manifest @next/swc-darwin-arm64@16.3.0
283 silly packumentCache full:https://registry.npmjs.org/@next%2fswc-darwin-arm64 cache-miss
284 http fetch GET 200 https://registry.npmjs.org/sharp 52ms (cache miss)
285 silly packumentCache full:https://registry.npmjs.org/sharp set size:undefined disposed:false
286 silly fetch manifest @next/swc-linux-x64-gnu@16.3.0
287 silly packumentCache full:https://registry.npmjs.org/@next%2fswc-linux-x64-gnu cache-miss
288 http fetch GET 200 https://registry.npmjs.org/typescript-eslint 242ms (cache miss)
289 silly packumentCache full:https://registry.npmjs.org/typescript-eslint set size:undefined disposed:false
290 silly fetch manifest @next/swc-linux-x64-musl@16.3.0
291 silly packumentCache full:https://registry.npmjs.org/@next%2fswc-linux-x64-musl cache-miss
292 http fetch GET 200 https://registry.npmjs.org/eslint-plugin-react-hooks 199ms (cache miss)
293 silly packumentCache full:https://registry.npmjs.org/eslint-plugin-react-hooks set size:undefined disposed:false
294 silly fetch manifest @next/swc-win32-x64-msvc@16.3.0
295 silly packumentCache full:https://registry.npmjs.org/@next%2fswc-win32-x64-msvc cache-miss
296 http fetch GET 200 https://registry.npmjs.org/caniuse-lite 179ms (cache miss)
297 silly packumentCache full:https://registry.npmjs.org/caniuse-lite set size:undefined disposed:false
298 silly fetch manifest @next/swc-linux-arm64-gnu@16.3.0
299 silly packumentCache full:https://registry.npmjs.org/@next%2fswc-linux-arm64-gnu cache-miss
300 http fetch GET 200 https://registry.npmjs.org/@next%2feslint-plugin-next 261ms (cache miss)
301 silly packumentCache full:https://registry.npmjs.org/@next%2feslint-plugin-next set size:undefined disposed:false
302 silly fetch manifest @next/swc-linux-arm64-musl@16.3.0
303 silly packumentCache full:https://registry.npmjs.org/@next%2fswc-linux-arm64-musl cache-miss
304 http fetch GET 200 https://registry.npmjs.org/baseline-browser-mapping 194ms (cache miss)
305 silly packumentCache full:https://registry.npmjs.org/baseline-browser-mapping set size:undefined disposed:false
306 silly fetch manifest @next/swc-win32-arm64-msvc@16.3.0
307 silly packumentCache full:https://registry.npmjs.org/@next%2fswc-win32-arm64-msvc cache-miss
308 http fetch GET 200 https://registry.npmjs.org/@next%2fenv 240ms (cache miss)
309 silly packumentCache full:https://registry.npmjs.org/@next%2fenv set size:undefined disposed:false
310 silly fetch manifest scheduler@^0.27.0
311 silly packumentCache full:https://registry.npmjs.org/scheduler cache-miss
312 http fetch GET 200 https://registry.npmjs.org/@next%2fswc-darwin-x64 268ms (cache miss)
313 silly packumentCache full:https://registry.npmjs.org/@next%2fswc-darwin-x64 set size:undefined disposed:false
314 http fetch GET 200 https://registry.npmjs.org/@next%2fswc-linux-x64-gnu 290ms (cache miss)
315 silly packumentCache full:https://registry.npmjs.org/@next%2fswc-linux-x64-gnu set size:undefined disposed:false
316 http fetch GET 200 https://registry.npmjs.org/scheduler 201ms (cache miss)
317 silly packumentCache full:https://registry.npmjs.org/scheduler set size:undefined disposed:false
318 http fetch GET 200 https://registry.npmjs.org/@next%2fswc-darwin-arm64 382ms (cache miss)
319 silly packumentCache full:https://registry.npmjs.org/@next%2fswc-darwin-arm64 set size:undefined disposed:false
320 http fetch GET 200 https://registry.npmjs.org/@next%2fswc-linux-arm64-gnu 282ms (cache miss)
321 silly packumentCache full:https://registry.npmjs.org/@next%2fswc-linux-arm64-gnu set size:undefined disposed:false
322 http fetch GET 200 https://registry.npmjs.org/@next%2fswc-win32-x64-msvc 330ms (cache miss)
323 silly packumentCache full:https://registry.npmjs.org/@next%2fswc-win32-x64-msvc set size:undefined disposed:false
324 http fetch GET 200 https://registry.npmjs.org/@next%2fswc-linux-x64-musl 377ms (cache miss)
325 silly packumentCache full:https://registry.npmjs.org/@next%2fswc-linux-x64-musl set size:undefined disposed:false
326 http fetch GET 200 https://registry.npmjs.org/@next%2fswc-linux-arm64-musl 327ms (cache miss)
327 silly packumentCache full:https://registry.npmjs.org/@next%2fswc-linux-arm64-musl set size:undefined disposed:false
328 http fetch GET 200 https://registry.npmjs.org/@next%2fswc-win32-arm64-msvc 336ms (cache miss)
329 silly packumentCache full:https://registry.npmjs.org/@next%2fswc-win32-arm64-msvc set size:undefined disposed:false
330 silly placeDep ROOT @alloc/quick-lru@5.2.0 OK for: @tailwindcss/postcss@4.3.3 want: ^5.2.0
331 silly placeDep ROOT @tailwindcss/node@4.3.3 OK for: @tailwindcss/postcss@4.3.3 want: 4.3.3
332 silly placeDep ROOT @tailwindcss/oxide@4.3.3 OK for: @tailwindcss/postcss@4.3.3 want: 4.3.3
333 silly placeDep ROOT postcss@8.5.25 OK for: @tailwindcss/postcss@4.3.3 want: ^8.5.16
334 silly fetch manifest jiti@^2.7.0
335 silly packumentCache full:https://registry.npmjs.org/jiti cache-miss
336 silly fetch manifest lightningcss@1.32.0
337 silly packumentCache full:https://registry.npmjs.org/lightningcss cache-miss
338 silly fetch manifest magic-string@^0.30.21
339 silly packumentCache full:https://registry.npmjs.org/magic-string cache-miss
340 silly fetch manifest source-map-js@^1.2.1
341 silly packumentCache full:https://registry.npmjs.org/source-map-js cache-miss
342 silly fetch manifest enhanced-resolve@^5.24.1
343 silly packumentCache full:https://registry.npmjs.org/enhanced-resolve cache-miss
344 silly fetch manifest @jridgewell/remapping@^2.3.5
345 silly packumentCache full:https://registry.npmjs.org/@jridgewell%2fremapping cache-miss
346 silly fetch manifest @tailwindcss/oxide-darwin-x64@4.3.3
347 silly packumentCache full:https://registry.npmjs.org/@tailwindcss%2foxide-darwin-x64 cache-miss
348 silly fetch manifest @tailwindcss/oxide-freebsd-x64@4.3.3
349 silly packumentCache full:https://registry.npmjs.org/@tailwindcss%2foxide-freebsd-x64 cache-miss
350 silly fetch manifest @tailwindcss/oxide-wasm32-wasi@4.3.3
351 silly packumentCache full:https://registry.npmjs.org/@tailwindcss%2foxide-wasm32-wasi cache-miss
352 http cache https://registry.npmjs.org/jiti 6ms (cache hit)
353 silly packumentCache full:https://registry.npmjs.org/jiti set size:387989 disposed:false
354 silly fetch manifest @tailwindcss/oxide-darwin-arm64@4.3.3
355 silly packumentCache full:https://registry.npmjs.org/@tailwindcss%2foxide-darwin-arm64 cache-miss
356 http fetch GET 200 https://registry.npmjs.org/source-map-js 41ms (cache miss)
357 silly packumentCache full:https://registry.npmjs.org/source-map-js set size:undefined disposed:false
358 silly fetch manifest @tailwindcss/oxide-android-arm64@4.3.3
359 silly packumentCache full:https://registry.npmjs.org/@tailwindcss%2foxide-android-arm64 cache-miss
360 http fetch GET 200 https://registry.npmjs.org/lightningcss 43ms (cache miss)
361 silly packumentCache full:https://registry.npmjs.org/lightningcss set size:undefined disposed:false
362 silly fetch manifest @tailwindcss/oxide-linux-x64-gnu@4.3.3
363 silly packumentCache full:https://registry.npmjs.org/@tailwindcss%2foxide-linux-x64-gnu cache-miss
364 http fetch GET 200 https://registry.npmjs.org/enhanced-resolve 47ms (cache miss)
365 silly packumentCache full:https://registry.npmjs.org/enhanced-resolve set size:undefined disposed:false
366 silly fetch manifest @tailwindcss/oxide-linux-x64-musl@4.3.3
367 silly packumentCache full:https://registry.npmjs.org/@tailwindcss%2foxide-linux-x64-musl cache-miss
368 http fetch GET 200 https://registry.npmjs.org/magic-string 52ms (cache miss)
369 silly packumentCache full:https://registry.npmjs.org/magic-string set size:undefined disposed:false
370 silly fetch manifest @tailwindcss/oxide-win32-x64-msvc@4.3.3
371 silly packumentCache full:https://registry.npmjs.org/@tailwindcss%2foxide-win32-x64-msvc cache-miss
372 http fetch GET 200 https://registry.npmjs.org/@jridgewell%2fremapping 74ms (cache miss)
373 silly packumentCache full:https://registry.npmjs.org/@jridgewell%2fremapping set size:undefined disposed:false
374 silly fetch manifest @tailwindcss/oxide-linux-arm64-gnu@4.3.3
375 silly packumentCache full:https://registry.npmjs.org/@tailwindcss%2foxide-linux-arm64-gnu cache-miss
376 http fetch GET 200 https://registry.npmjs.org/@tailwindcss%2foxide-freebsd-x64 104ms (cache miss)
377 silly packumentCache full:https://registry.npmjs.org/@tailwindcss%2foxide-freebsd-x64 set size:undefined disposed:false
378 silly fetch manifest @tailwindcss/oxide-linux-arm64-musl@4.3.3
379 silly packumentCache full:https://registry.npmjs.org/@tailwindcss%2foxide-linux-arm64-musl cache-miss
380 http fetch GET 200 https://registry.npmjs.org/@tailwindcss%2foxide-wasm32-wasi 120ms (cache miss)
381 silly packumentCache full:https://registry.npmjs.org/@tailwindcss%2foxide-wasm32-wasi set size:undefined disposed:false
382 silly fetch manifest @tailwindcss/oxide-win32-arm64-msvc@4.3.3
383 silly packumentCache full:https://registry.npmjs.org/@tailwindcss%2foxide-win32-arm64-msvc cache-miss
384 http fetch GET 200 https://registry.npmjs.org/@tailwindcss%2foxide-darwin-x64 136ms (cache miss)
385 silly packumentCache full:https://registry.npmjs.org/@tailwindcss%2foxide-darwin-x64 set size:undefined disposed:false
386 silly fetch manifest @tailwindcss/oxide-linux-arm-gnueabihf@4.3.3
387 silly packumentCache full:https://registry.npmjs.org/@tailwindcss%2foxide-linux-arm-gnueabihf cache-miss
388 http fetch GET 200 https://registry.npmjs.org/@tailwindcss%2foxide-android-arm64 119ms (cache miss)
389 silly packumentCache full:https://registry.npmjs.org/@tailwindcss%2foxide-android-arm64 set size:undefined disposed:false
390 silly fetch manifest nanoid@^3.3.16
391 silly packumentCache full:https://registry.npmjs.org/nanoid cache-miss
392 http fetch GET 200 https://registry.npmjs.org/@tailwindcss%2foxide-darwin-arm64 161ms (cache miss)
393 silly packumentCache full:https://registry.npmjs.org/@tailwindcss%2foxide-darwin-arm64 set size:undefined disposed:false
394 silly fetch manifest picocolors@^1.1.1
395 silly packumentCache full:https://registry.npmjs.org/picocolors cache-miss
396 http fetch GET 200 https://registry.npmjs.org/@tailwindcss%2foxide-linux-x64-gnu 136ms (cache miss)
397 silly packumentCache full:https://registry.npmjs.org/@tailwindcss%2foxide-linux-x64-gnu set size:undefined disposed:false
398 http fetch GET 200 https://registry.npmjs.org/@tailwindcss%2foxide-win32-x64-msvc 134ms (cache miss)
399 silly packumentCache full:https://registry.npmjs.org/@tailwindcss%2foxide-win32-x64-msvc set size:undefined disposed:false
400 http fetch GET 200 https://registry.npmjs.org/@tailwindcss%2foxide-linux-x64-musl 151ms (cache miss)
401 silly packumentCache full:https://registry.npmjs.org/@tailwindcss%2foxide-linux-x64-musl set size:undefined disposed:false
402 http fetch GET 200 https://registry.npmjs.org/nanoid 48ms (cache miss)
403 silly packumentCache full:https://registry.npmjs.org/nanoid set size:undefined disposed:false
404 http fetch GET 200 https://registry.npmjs.org/picocolors 42ms (cache miss)
405 silly packumentCache full:https://registry.npmjs.org/picocolors set size:undefined disposed:false
406 http fetch GET 200 https://registry.npmjs.org/@tailwindcss%2foxide-linux-arm64-gnu 145ms (cache miss)
407 silly packumentCache full:https://registry.npmjs.org/@tailwindcss%2foxide-linux-arm64-gnu set size:undefined disposed:false
408 http fetch GET 200 https://registry.npmjs.org/@tailwindcss%2foxide-linux-arm64-musl 120ms (cache miss)
409 silly packumentCache full:https://registry.npmjs.org/@tailwindcss%2foxide-linux-arm64-musl set size:undefined disposed:false
410 http fetch GET 200 https://registry.npmjs.org/@tailwindcss%2foxide-win32-arm64-msvc 123ms (cache miss)
411 silly packumentCache full:https://registry.npmjs.org/@tailwindcss%2foxide-win32-arm64-msvc set size:undefined disposed:false
412 http fetch GET 200 https://registry.npmjs.org/@tailwindcss%2foxide-linux-arm-gnueabihf 181ms (cache miss)
413 silly packumentCache full:https://registry.npmjs.org/@tailwindcss%2foxide-linux-arm-gnueabihf set size:undefined disposed:false
414 silly placeDep ROOT @jridgewell/remapping@2.3.5 OK for: @tailwindcss/node@4.3.3 want: ^2.3.5
415 silly placeDep ROOT enhanced-resolve@5.24.5 OK for: @tailwindcss/node@4.3.3 want: ^5.24.1
416 silly placeDep ROOT jiti@2.7.0 OK for: @tailwindcss/node@4.3.3 want: ^2.7.0
417 silly placeDep ROOT lightningcss@1.32.0 OK for: @tailwindcss/node@4.3.3 want: 1.32.0
418 silly placeDep ROOT magic-string@0.30.21 OK for: @tailwindcss/node@4.3.3 want: ^0.30.21
419 silly placeDep ROOT source-map-js@1.2.1 OK for: @tailwindcss/node@4.3.3 want: ^1.2.1
420 silly fetch manifest @jridgewell/gen-mapping@^0.3.5
421 silly packumentCache full:https://registry.npmjs.org/@jridgewell%2fgen-mapping cache-miss
422 silly fetch manifest @jridgewell/trace-mapping@^0.3.24
423 silly packumentCache full:https://registry.npmjs.org/@jridgewell%2ftrace-mapping cache-miss
424 silly fetch manifest tapable@^2.3.3
425 silly packumentCache full:https://registry.npmjs.org/tapable cache-miss
426 silly fetch manifest graceful-fs@^4.2.4
427 silly packumentCache full:https://registry.npmjs.org/graceful-fs cache-miss
428 silly fetch manifest detect-libc@^2.0.3
429 silly packumentCache full:https://registry.npmjs.org/detect-libc cache-miss
430 silly fetch manifest lightningcss-darwin-x64@1.32.0
431 silly packumentCache full:https://registry.npmjs.org/lightningcss-darwin-x64 cache-miss
432 silly fetch manifest lightningcss-freebsd-x64@1.32.0
433 silly packumentCache full:https://registry.npmjs.org/lightningcss-freebsd-x64 cache-miss
434 silly fetch manifest lightningcss-darwin-arm64@1.32.0
435 silly packumentCache full:https://registry.npmjs.org/lightningcss-darwin-arm64 cache-miss
436 silly fetch manifest lightningcss-android-arm64@1.32.0
437 silly packumentCache full:https://registry.npmjs.org/lightningcss-android-arm64 cache-miss
438 http fetch GET 200 https://registry.npmjs.org/@jridgewell%2fgen-mapping 40ms (cache miss)
439 silly packumentCache full:https://registry.npmjs.org/@jridgewell%2fgen-mapping set size:undefined disposed:false
440 silly fetch manifest lightningcss-linux-x64-gnu@1.32.0
441 silly packumentCache full:https://registry.npmjs.org/lightningcss-linux-x64-gnu cache-miss
442 http fetch GET 200 https://registry.npmjs.org/@jridgewell%2ftrace-mapping 46ms (cache miss)
443 silly packumentCache full:https://registry.npmjs.org/@jridgewell%2ftrace-mapping set size:undefined disposed:false
444 silly fetch manifest lightningcss-linux-x64-musl@1.32.0
445 silly packumentCache full:https://registry.npmjs.org/lightningcss-linux-x64-musl cache-miss
446 http fetch GET 200 https://registry.npmjs.org/tapable 65ms (cache miss)
447 silly packumentCache full:https://registry.npmjs.org/tapable set size:undefined disposed:false
448 silly fetch manifest lightningcss-win32-x64-msvc@1.32.0
449 silly packumentCache full:https://registry.npmjs.org/lightningcss-win32-x64-msvc cache-miss
450 http fetch GET 200 https://registry.npmjs.org/graceful-fs 87ms (cache miss)
451 silly packumentCache full:https://registry.npmjs.org/graceful-fs set size:undefined disposed:false
452 silly fetch manifest lightningcss-linux-arm64-gnu@1.32.0
453 silly packumentCache full:https://registry.npmjs.org/lightningcss-linux-arm64-gnu cache-miss
454 http fetch GET 200 https://registry.npmjs.org/detect-libc 108ms (cache miss)
455 silly packumentCache full:https://registry.npmjs.org/detect-libc set size:undefined disposed:false
456 silly fetch manifest lightningcss-linux-arm64-musl@1.32.0
457 silly packumentCache full:https://registry.npmjs.org/lightningcss-linux-arm64-musl cache-miss
458 http fetch GET 200 https://registry.npmjs.org/lightningcss-android-arm64 111ms (cache miss)
459 silly packumentCache full:https://registry.npmjs.org/lightningcss-android-arm64 set size:undefined disposed:false
460 silly fetch manifest lightningcss-win32-arm64-msvc@1.32.0
461 silly packumentCache full:https://registry.npmjs.org/lightningcss-win32-arm64-msvc cache-miss
462 http fetch GET 200 https://registry.npmjs.org/lightningcss-freebsd-x64 119ms (cache miss)
463 silly packumentCache full:https://registry.npmjs.org/lightningcss-freebsd-x64 set size:undefined disposed:false
464 silly fetch manifest lightningcss-linux-arm-gnueabihf@1.32.0
465 silly packumentCache full:https://registry.npmjs.org/lightningcss-linux-arm-gnueabihf cache-miss
466 http fetch GET 200 https://registry.npmjs.org/lightningcss-darwin-x64 120ms (cache miss)
467 silly packumentCache full:https://registry.npmjs.org/lightningcss-darwin-x64 set size:undefined disposed:false
468 silly fetch manifest @jridgewell/sourcemap-codec@^1.5.5
469 silly packumentCache full:https://registry.npmjs.org/@jridgewell%2fsourcemap-codec cache-miss
470 http fetch GET 200 https://registry.npmjs.org/lightningcss-linux-arm64-gnu 33ms (cache miss)
471 silly packumentCache full:https://registry.npmjs.org/lightningcss-linux-arm64-gnu set size:undefined disposed:false
472 http fetch GET 200 https://registry.npmjs.org/lightningcss-linux-x64-gnu 81ms (cache miss)
473 silly packumentCache full:https://registry.npmjs.org/lightningcss-linux-x64-gnu set size:undefined disposed:false
474 http fetch GET 200 https://registry.npmjs.org/lightningcss-win32-x64-msvc 59ms (cache miss)
475 silly packumentCache full:https://registry.npmjs.org/lightningcss-win32-x64-msvc set size:undefined disposed:false
476 http fetch GET 200 https://registry.npmjs.org/lightningcss-linux-x64-musl 77ms (cache miss)
477 silly packumentCache full:https://registry.npmjs.org/lightningcss-linux-x64-musl set size:undefined disposed:false
478 http fetch GET 200 https://registry.npmjs.org/lightningcss-darwin-arm64 137ms (cache miss)
479 silly packumentCache full:https://registry.npmjs.org/lightningcss-darwin-arm64 set size:undefined disposed:false
480 http fetch GET 200 https://registry.npmjs.org/lightningcss-linux-arm64-musl 36ms (cache miss)
481 silly packumentCache full:https://registry.npmjs.org/lightningcss-linux-arm64-musl set size:undefined disposed:false
482 http fetch GET 200 https://registry.npmjs.org/lightningcss-win32-arm64-msvc 33ms (cache miss)
483 silly packumentCache full:https://registry.npmjs.org/lightningcss-win32-arm64-msvc set size:undefined disposed:false
484 http fetch GET 200 https://registry.npmjs.org/lightningcss-linux-arm-gnueabihf 34ms (cache miss)
485 silly packumentCache full:https://registry.npmjs.org/lightningcss-linux-arm-gnueabihf set size:undefined disposed:false
486 http fetch GET 200 https://registry.npmjs.org/@jridgewell%2fsourcemap-codec 143ms (cache miss)
487 silly packumentCache full:https://registry.npmjs.org/@jridgewell%2fsourcemap-codec set size:undefined disposed:false
488 silly placeDep ROOT @jridgewell/gen-mapping@0.3.13 OK for: @jridgewell/remapping@2.3.5 want: ^0.3.5
489 silly placeDep ROOT @jridgewell/trace-mapping@0.3.31 OK for: @jridgewell/remapping@2.3.5 want: ^0.3.24
490 silly fetch manifest @jridgewell/sourcemap-codec@^1.5.0
491 silly packumentCache full:https://registry.npmjs.org/@jridgewell%2fsourcemap-codec cache-miss
492 silly fetch manifest @jridgewell/resolve-uri@^3.1.0
493 silly packumentCache full:https://registry.npmjs.org/@jridgewell%2fresolve-uri cache-miss
494 silly fetch manifest @jridgewell/sourcemap-codec@^1.4.14
495 silly packumentCache full:https://registry.npmjs.org/@jridgewell%2fsourcemap-codec cache-miss
496 http cache https://registry.npmjs.org/@jridgewell%2fsourcemap-codec 4ms (cache hit)
497 silly packumentCache full:https://registry.npmjs.org/@jridgewell%2fsourcemap-codec set size:51856 disposed:false
498 http cache https://registry.npmjs.org/@jridgewell%2fsourcemap-codec 4ms (cache hit)
499 silly packumentCache full:https://registry.npmjs.org/@jridgewell%2fsourcemap-codec set size:51856 disposed:false
500 silly packumentCache full:https://registry.npmjs.org/@jridgewell%2fsourcemap-codec dispose
501 http fetch GET 200 https://registry.npmjs.org/@jridgewell%2fresolve-uri 100ms (cache miss)
502 silly packumentCache full:https://registry.npmjs.org/@jridgewell%2fresolve-uri set size:undefined disposed:false
503 silly placeDep ROOT @jridgewell/sourcemap-codec@1.5.5 OK for: @jridgewell/gen-mapping@0.3.13 want: ^1.5.0
504 silly placeDep ROOT @jridgewell/resolve-uri@3.1.2 OK for: @jridgewell/trace-mapping@0.3.31 want: ^3.1.0
505 silly placeDep ROOT @tailwindcss/oxide-android-arm64@4.3.3 OK for: @tailwindcss/oxide@4.3.3 want: 4.3.3
506 silly placeDep ROOT @tailwindcss/oxide-darwin-arm64@4.3.3 OK for: @tailwindcss/oxide@4.3.3 want: 4.3.3
507 silly placeDep ROOT @tailwindcss/oxide-darwin-x64@4.3.3 OK for: @tailwindcss/oxide@4.3.3 want: 4.3.3
508 silly placeDep ROOT @tailwindcss/oxide-freebsd-x64@4.3.3 OK for: @tailwindcss/oxide@4.3.3 want: 4.3.3
509 silly placeDep ROOT @tailwindcss/oxide-linux-arm-gnueabihf@4.3.3 OK for: @tailwindcss/oxide@4.3.3 want: 4.3.3
510 silly placeDep ROOT @tailwindcss/oxide-linux-arm64-gnu@4.3.3 OK for: @tailwindcss/oxide@4.3.3 want: 4.3.3
511 silly placeDep ROOT @tailwindcss/oxide-linux-arm64-musl@4.3.3 OK for: @tailwindcss/oxide@4.3.3 want: 4.3.3
512 silly placeDep ROOT @tailwindcss/oxide-linux-x64-gnu@4.3.3 OK for: @tailwindcss/oxide@4.3.3 want: 4.3.3
513 silly placeDep ROOT @tailwindcss/oxide-linux-x64-musl@4.3.3 OK for: @tailwindcss/oxide@4.3.3 want: 4.3.3
514 silly placeDep ROOT @tailwindcss/oxide-wasm32-wasi@4.3.3 OK for: @tailwindcss/oxide@4.3.3 want: 4.3.3
515 silly placeDep ROOT @tailwindcss/oxide-win32-arm64-msvc@4.3.3 OK for: @tailwindcss/oxide@4.3.3 want: 4.3.3
516 silly placeDep ROOT @tailwindcss/oxide-win32-x64-msvc@4.3.3 OK for: @tailwindcss/oxide@4.3.3 want: 4.3.3
517 silly placeDep ROOT graceful-fs@4.2.11 OK for: enhanced-resolve@5.24.5 want: ^4.2.4
518 silly placeDep ROOT tapable@2.3.3 OK for: enhanced-resolve@5.24.5 want: ^2.3.3
519 silly fetch manifest eslint@^6.0.0 || ^7.0.0 || >=8.0.0
520 silly packumentCache full:https://registry.npmjs.org/eslint cache-miss
521 http cache https://registry.npmjs.org/eslint 4ms (cache hit)
522 silly packumentCache full:https://registry.npmjs.org/eslint set size:2040662 disposed:false
523 silly placeDep ROOT @eslint-community/eslint-utils@4.10.1 OK for: eslint@9.39.5 want: ^4.8.0
524 silly placeDep ROOT @eslint-community/regexpp@4.12.2 OK for: eslint@9.39.5 want: ^4.12.1
525 silly placeDep ROOT @eslint/config-array@0.21.2 OK for: eslint@9.39.5 want: ^0.21.2
526 silly placeDep ROOT @eslint/config-helpers@0.4.2 OK for: eslint@9.39.5 want: ^0.4.2
527 silly placeDep ROOT @eslint/core@0.17.0 OK for: eslint@9.39.5 want: ^0.17.0
528 silly placeDep ROOT @eslint/eslintrc@3.3.6 OK for: eslint@9.39.5 want: ^3.3.6
529 silly placeDep ROOT @eslint/js@9.39.5 OK for: eslint@9.39.5 want: 9.39.5
530 silly placeDep ROOT @eslint/plugin-kit@0.4.1 OK for: eslint@9.39.5 want: ^0.4.1
531 silly placeDep ROOT @humanfs/node@0.16.8 OK for: eslint@9.39.5 want: ^0.16.6
532 silly placeDep ROOT @humanwhocodes/module-importer@1.0.1 OK for: eslint@9.39.5 want: ^1.0.1
533 silly placeDep ROOT @humanwhocodes/retry@0.4.3 OK for: eslint@9.39.5 want: ^0.4.2
534 silly placeDep ROOT @types/estree@1.0.9 OK for: eslint@9.39.5 want: ^1.0.6
535 silly placeDep ROOT ajv@6.15.0 OK for: eslint@9.39.5 want: ^6.14.0
536 silly placeDep ROOT chalk@4.1.2 OK for: eslint@9.39.5 want: ^4.0.0
537 silly placeDep ROOT cross-spawn@7.0.6 OK for: eslint@9.39.5 want: ^7.0.6
538 silly placeDep ROOT debug@4.4.3 OK for: eslint@9.39.5 want: ^4.3.2
539 silly placeDep ROOT escape-string-regexp@4.0.0 OK for: eslint@9.39.5 want: ^4.0.0
540 silly placeDep ROOT eslint-scope@8.4.0 OK for: eslint@9.39.5 want: ^8.4.0
541 silly placeDep ROOT eslint-visitor-keys@4.2.1 OK for: eslint@9.39.5 want: ^4.2.1
542 silly placeDep ROOT espree@10.4.0 OK for: eslint@9.39.5 want: ^10.4.0
543 silly placeDep ROOT esquery@1.7.0 OK for: eslint@9.39.5 want: ^1.5.0
544 silly placeDep ROOT esutils@2.0.3 OK for: eslint@9.39.5 want: ^2.0.2
545 silly placeDep ROOT fast-deep-equal@3.1.3 OK for: eslint@9.39.5 want: ^3.1.3
546 silly placeDep ROOT file-entry-cache@8.0.0 OK for: eslint@9.39.5 want: ^8.0.0
547 silly placeDep ROOT find-up@5.0.0 OK for: eslint@9.39.5 want: ^5.0.0
548 silly placeDep ROOT glob-parent@6.0.2 OK for: eslint@9.39.5 want: ^6.0.2
549 silly placeDep ROOT ignore@5.3.2 OK for: eslint@9.39.5 want: ^5.2.0
550 silly placeDep ROOT imurmurhash@0.1.4 OK for: eslint@9.39.5 want: ^0.1.4
551 silly placeDep ROOT is-glob@4.0.3 OK for: eslint@9.39.5 want: ^4.0.0
552 silly placeDep ROOT json-stable-stringify-without-jsonify@1.0.1 OK for: eslint@9.39.5 want: ^1.0.1
553 silly placeDep ROOT lodash.merge@4.6.2 OK for: eslint@9.39.5 want: ^4.6.2
554 silly placeDep ROOT minimatch@3.1.5 OK for: eslint@9.39.5 want: ^3.1.5
555 silly placeDep ROOT natural-compare@1.4.0 OK for: eslint@9.39.5 want: ^1.4.0
556 silly placeDep ROOT optionator@0.9.4 OK for: eslint@9.39.5 want: ^0.9.3
557 silly fetch manifest eslint-visitor-keys@^3.4.3
558 silly packumentCache full:https://registry.npmjs.org/eslint-visitor-keys cache-miss
559 silly fetch manifest debug@^4.3.1
560 silly packumentCache full:https://registry.npmjs.org/debug cache-miss
561 silly fetch manifest @eslint/object-schema@^2.1.7
562 silly packumentCache full:https://registry.npmjs.org/@eslint%2fobject-schema cache-miss
563 silly fetch manifest @types/json-schema@^7.0.15
564 silly packumentCache full:https://registry.npmjs.org/@types%2fjson-schema cache-miss
565 silly fetch manifest espree@^10.0.1
566 silly packumentCache full:https://registry.npmjs.org/espree cache-miss
567 silly fetch manifest globals@^14.0.0
568 silly packumentCache full:https://registry.npmjs.org/globals cache-miss
569 silly fetch manifest import-fresh@^3.2.1
570 silly packumentCache full:https://registry.npmjs.org/import-fresh cache-miss
571 silly fetch manifest js-yaml@^4.3.0
572 silly packumentCache full:https://registry.npmjs.org/js-yaml cache-miss
573 silly fetch manifest strip-json-comments@^3.1.1
574 silly packumentCache full:https://registry.npmjs.org/strip-json-comments cache-miss
575 http cache https://registry.npmjs.org/globals 4ms (cache hit)
576 silly packumentCache full:https://registry.npmjs.org/globals set size:327383 disposed:false
577 silly fetch manifest levn@^0.4.1
578 silly packumentCache full:https://registry.npmjs.org/levn cache-miss
579 http cache https://registry.npmjs.org/espree 8ms (cache hit)
580 silly packumentCache full:https://registry.npmjs.org/espree set size:326080 disposed:false
581 silly fetch manifest @humanwhocodes/retry@^0.4.0
582 silly packumentCache full:https://registry.npmjs.org/@humanwhocodes%2fretry cache-miss
583 http cache https://registry.npmjs.org/eslint-visitor-keys 10ms (cache hit)
584 silly packumentCache full:https://registry.npmjs.org/eslint-visitor-keys set size:69949 disposed:false
585 silly fetch manifest @humanfs/core@^0.19.2
586 silly packumentCache full:https://registry.npmjs.org/@humanfs%2fcore cache-miss
587 http cache https://registry.npmjs.org/debug 11ms (cache hit)
588 silly packumentCache full:https://registry.npmjs.org/debug set size:195840 disposed:false
589 silly fetch manifest @humanfs/types@^0.15.0
590 silly packumentCache full:https://registry.npmjs.org/@humanfs%2ftypes cache-miss
591 http cache https://registry.npmjs.org/@humanwhocodes%2fretry 4ms (cache hit)
592 silly packumentCache full:https://registry.npmjs.org/@humanwhocodes%2fretry set size:42348 disposed:false
593 silly fetch manifest uri-js@^4.2.2
594 silly packumentCache full:https://registry.npmjs.org/uri-js cache-miss
595 http fetch GET 200 https://registry.npmjs.org/import-fresh 34ms (cache miss)
596 silly packumentCache full:https://registry.npmjs.org/import-fresh set size:undefined disposed:false
597 silly fetch manifest fast-deep-equal@^3.1.1
598 silly packumentCache full:https://registry.npmjs.org/fast-deep-equal cache-miss
599 http fetch GET 200 https://registry.npmjs.org/strip-json-comments 34ms (cache miss)
600 silly packumentCache full:https://registry.npmjs.org/strip-json-comments set size:undefined disposed:false
601 silly fetch manifest json-schema-traverse@^0.4.1
602 silly packumentCache full:https://registry.npmjs.org/json-schema-traverse cache-miss
603 http cache https://registry.npmjs.org/fast-deep-equal 2ms (cache hit)
604 silly packumentCache full:https://registry.npmjs.org/fast-deep-equal set size:48634 disposed:false
605 silly fetch manifest fast-json-stable-stringify@^2.0.0
606 silly packumentCache full:https://registry.npmjs.org/fast-json-stable-stringify cache-miss
607 http fetch GET 200 https://registry.npmjs.org/@types%2fjson-schema 40ms (cache miss)
608 silly packumentCache full:https://registry.npmjs.org/@types%2fjson-schema set size:undefined disposed:false
609 silly fetch manifest ansi-styles@^4.1.0
610 silly packumentCache full:https://registry.npmjs.org/ansi-styles cache-miss
611 http fetch GET 200 https://registry.npmjs.org/levn 34ms (cache miss)
612 silly packumentCache full:https://registry.npmjs.org/levn set size:undefined disposed:false
613 silly fetch manifest supports-color@^7.1.0
614 silly packumentCache full:https://registry.npmjs.org/supports-color cache-miss
615 http fetch GET 200 https://registry.npmjs.org/uri-js 40ms (cache miss)
616 silly packumentCache full:https://registry.npmjs.org/uri-js set size:undefined disposed:false
617 silly fetch manifest which@^2.0.1
618 silly packumentCache full:https://registry.npmjs.org/which cache-miss
619 http fetch GET 200 https://registry.npmjs.org/js-yaml 58ms (cache miss)
620 silly packumentCache full:https://registry.npmjs.org/js-yaml set size:undefined disposed:false
621 silly fetch manifest path-key@^3.1.0
622 silly packumentCache full:https://registry.npmjs.org/path-key cache-miss
623 http fetch GET 200 https://registry.npmjs.org/@humanfs%2fcore 51ms (cache miss)
624 silly packumentCache full:https://registry.npmjs.org/@humanfs%2fcore set size:undefined disposed:false
625 silly fetch manifest shebang-command@^2.0.0
626 silly packumentCache full:https://registry.npmjs.org/shebang-command cache-miss
627 http fetch GET 200 https://registry.npmjs.org/@eslint%2fobject-schema 67ms (cache miss)
628 silly packumentCache full:https://registry.npmjs.org/@eslint%2fobject-schema set size:undefined disposed:false
629 silly fetch manifest ms@^2.1.3
630 silly packumentCache full:https://registry.npmjs.org/ms cache-miss
631 http fetch GET 200 https://registry.npmjs.org/@humanfs%2ftypes 56ms (cache miss)
632 silly packumentCache full:https://registry.npmjs.org/@humanfs%2ftypes set size:undefined disposed:false
633 silly fetch manifest esrecurse@^4.3.0
634 silly packumentCache full:https://registry.npmjs.org/esrecurse cache-miss
635 http fetch GET 200 https://registry.npmjs.org/json-schema-traverse 34ms (cache miss)
636 silly packumentCache full:https://registry.npmjs.org/json-schema-traverse set size:undefined disposed:false
637 silly fetch manifest estraverse@^5.2.0
638 silly packumentCache full:https://registry.npmjs.org/estraverse cache-miss
639 http fetch GET 200 https://registry.npmjs.org/fast-json-stable-stringify 43ms (cache miss)
640 silly packumentCache full:https://registry.npmjs.org/fast-json-stable-stringify set size:undefined disposed:false
641 silly fetch manifest acorn@^8.15.0
642 silly packumentCache full:https://registry.npmjs.org/acorn cache-miss
643 http fetch GET 200 https://registry.npmjs.org/supports-color 41ms (cache miss)
644 silly packumentCache full:https://registry.npmjs.org/supports-color set size:undefined disposed:false
645 silly fetch manifest acorn-jsx@^5.3.2
646 silly packumentCache full:https://registry.npmjs.org/acorn-jsx cache-miss
647 http fetch GET 200 https://registry.npmjs.org/ansi-styles 44ms (cache miss)
648 silly packumentCache full:https://registry.npmjs.org/ansi-styles set size:undefined disposed:false
649 silly fetch manifest estraverse@^5.1.0
650 silly packumentCache full:https://registry.npmjs.org/estraverse cache-miss
651 http fetch GET 200 https://registry.npmjs.org/esrecurse 32ms (cache miss)
652 silly packumentCache full:https://registry.npmjs.org/esrecurse set size:undefined disposed:false
653 silly fetch manifest flat-cache@^4.0.0
654 silly packumentCache full:https://registry.npmjs.org/flat-cache cache-miss
655 http fetch GET 200 https://registry.npmjs.org/shebang-command 38ms (cache miss)
656 silly packumentCache full:https://registry.npmjs.org/shebang-command set size:undefined disposed:false
657 silly fetch manifest locate-path@^6.0.0
658 silly packumentCache full:https://registry.npmjs.org/locate-path cache-miss
659 http fetch GET 200 https://registry.npmjs.org/which 47ms (cache miss)
660 silly packumentCache full:https://registry.npmjs.org/which set size:undefined disposed:false
661 silly fetch manifest path-exists@^4.0.0
662 silly packumentCache full:https://registry.npmjs.org/path-exists cache-miss
663 http fetch GET 200 https://registry.npmjs.org/path-key 47ms (cache miss)
664 silly packumentCache full:https://registry.npmjs.org/path-key set size:undefined disposed:false
665 silly fetch manifest is-glob@^4.0.3
666 silly packumentCache full:https://registry.npmjs.org/is-glob cache-miss
667 http fetch GET 200 https://registry.npmjs.org/ms 41ms (cache miss)
668 silly packumentCache full:https://registry.npmjs.org/ms set size:undefined disposed:false
669 silly fetch manifest is-extglob@^2.1.1
670 silly packumentCache full:https://registry.npmjs.org/is-extglob cache-miss
671 http cache https://registry.npmjs.org/is-glob 2ms (cache hit)
672 silly packumentCache full:https://registry.npmjs.org/is-glob set size:40530 disposed:false
673 silly fetch manifest brace-expansion@^1.1.7
674 silly packumentCache full:https://registry.npmjs.org/brace-expansion cache-miss
675 http fetch GET 200 https://registry.npmjs.org/locate-path 57ms (cache miss)
676 silly packumentCache full:https://registry.npmjs.org/locate-path set size:undefined disposed:false
677 silly fetch manifest prelude-ls@^1.2.1
678 silly packumentCache full:https://registry.npmjs.org/prelude-ls cache-miss
679 http fetch GET 200 https://registry.npmjs.org/acorn-jsx 78ms (cache miss)
680 silly packumentCache full:https://registry.npmjs.org/acorn-jsx set size:undefined disposed:false
681 silly fetch manifest deep-is@^0.1.3
682 silly packumentCache full:https://registry.npmjs.org/deep-is cache-miss
683 http fetch GET 200 https://registry.npmjs.org/estraverse 78ms (cache miss)
684 silly packumentCache full:https://registry.npmjs.org/estraverse set size:undefined disposed:false
685 silly fetch manifest word-wrap@^1.2.5
686 silly packumentCache full:https://registry.npmjs.org/word-wrap cache-miss
687 http fetch GET 200 https://registry.npmjs.org/brace-expansion 53ms (cache miss)
688 silly packumentCache full:https://registry.npmjs.org/brace-expansion set size:undefined disposed:false
689 silly fetch manifest type-check@^0.4.0
690 silly packumentCache full:https://registry.npmjs.org/type-check cache-miss
691 http fetch GET 200 https://registry.npmjs.org/acorn 84ms (cache miss)
692 silly packumentCache full:https://registry.npmjs.org/acorn set size:undefined disposed:false
693 silly fetch manifest fast-levenshtein@^2.0.6
694 silly packumentCache full:https://registry.npmjs.org/fast-levenshtein cache-miss
695 http fetch GET 200 https://registry.npmjs.org/estraverse 101ms (cache miss)
696 silly packumentCache full:https://registry.npmjs.org/estraverse set size:undefined disposed:false
697 http fetch GET 200 https://registry.npmjs.org/flat-cache 71ms (cache miss)
698 silly packumentCache full:https://registry.npmjs.org/flat-cache set size:undefined disposed:false
699 http fetch GET 200 https://registry.npmjs.org/is-extglob 64ms (cache miss)
700 silly packumentCache full:https://registry.npmjs.org/is-extglob set size:undefined disposed:false
701 http fetch GET 200 https://registry.npmjs.org/path-exists 80ms (cache miss)
702 silly packumentCache full:https://registry.npmjs.org/path-exists set size:undefined disposed:false
703 http fetch GET 200 https://registry.npmjs.org/prelude-ls 35ms (cache miss)
704 silly packumentCache full:https://registry.npmjs.org/prelude-ls set size:undefined disposed:false
705 http fetch GET 200 https://registry.npmjs.org/word-wrap 31ms (cache miss)
706 silly packumentCache full:https://registry.npmjs.org/word-wrap set size:undefined disposed:false
707 http fetch GET 200 https://registry.npmjs.org/deep-is 39ms (cache miss)
708 silly packumentCache full:https://registry.npmjs.org/deep-is set size:undefined disposed:false
709 http fetch GET 200 https://registry.npmjs.org/type-check 35ms (cache miss)
710 silly packumentCache full:https://registry.npmjs.org/type-check set size:undefined disposed:false
711 http fetch GET 200 https://registry.npmjs.org/fast-levenshtein 33ms (cache miss)
712 silly packumentCache full:https://registry.npmjs.org/fast-levenshtein set size:undefined disposed:false
713 silly placeDep node_modules/@eslint-community/eslint-utils eslint-visitor-keys@3.4.3 OK for: @eslint-community/eslint-utils@4.10.1 want: ^3.4.3
714 silly placeDep ROOT @eslint/object-schema@2.1.7 OK for: @eslint/config-array@0.21.2 want: ^2.1.7
715 silly placeDep ROOT @types/json-schema@7.0.15 OK for: @eslint/core@0.17.0 want: ^7.0.15
716 silly placeDep ROOT globals@14.0.0 OK for: @eslint/eslintrc@3.3.6 want: ^14.0.0
717 silly placeDep ROOT import-fresh@3.3.1 OK for: @eslint/eslintrc@3.3.6 want: ^3.2.1
718 silly placeDep ROOT js-yaml@4.3.1 OK for: @eslint/eslintrc@3.3.6 want: ^4.3.0
719 silly placeDep ROOT strip-json-comments@3.1.1 OK for: @eslint/eslintrc@3.3.6 want: ^3.1.1
720 silly fetch manifest resolve-from@^4.0.0
721 silly packumentCache full:https://registry.npmjs.org/resolve-from cache-miss
722 silly fetch manifest parent-module@^1.0.0
723 silly packumentCache full:https://registry.npmjs.org/parent-module cache-miss
724 silly fetch manifest argparse@^2.0.1
725 silly packumentCache full:https://registry.npmjs.org/argparse cache-miss
726 http fetch GET 200 https://registry.npmjs.org/resolve-from 34ms (cache miss)
727 silly packumentCache full:https://registry.npmjs.org/resolve-from set size:undefined disposed:false
728 http fetch GET 200 https://registry.npmjs.org/argparse 50ms (cache miss)
729 silly packumentCache full:https://registry.npmjs.org/argparse set size:undefined disposed:false
730 http fetch GET 200 https://registry.npmjs.org/parent-module 50ms (cache miss)
731 silly packumentCache full:https://registry.npmjs.org/parent-module set size:undefined disposed:false
732 silly placeDep ROOT levn@0.4.1 OK for: @eslint/plugin-kit@0.4.1 want: ^0.4.1
733 silly fetch manifest type-check@~0.4.0
734 silly packumentCache full:https://registry.npmjs.org/type-check cache-miss
735 http cache https://registry.npmjs.org/type-check 1ms (cache hit)
736 silly packumentCache full:https://registry.npmjs.org/type-check set size:21221 disposed:false
737 silly placeDep ROOT @humanfs/core@0.19.2 OK for: @humanfs/node@0.16.8 want: ^0.19.2
738 silly placeDep ROOT @humanfs/types@0.15.0 OK for: @humanfs/node@0.16.8 want: ^0.15.0
739 silly placeDep ROOT fast-json-stable-stringify@2.1.0 OK for: ajv@6.15.0 want: ^2.0.0
740 silly placeDep ROOT json-schema-traverse@0.4.1 OK for: ajv@6.15.0 want: ^0.4.1
741 silly placeDep ROOT uri-js@4.4.1 OK for: ajv@6.15.0 want: ^4.2.2
742 silly fetch manifest punycode@^2.1.0
743 silly packumentCache full:https://registry.npmjs.org/punycode cache-miss
744 http fetch GET 200 https://registry.npmjs.org/punycode 42ms (cache miss)
745 silly packumentCache full:https://registry.npmjs.org/punycode set size:undefined disposed:false
746 silly placeDep ROOT ansi-styles@4.3.0 OK for: chalk@4.1.2 want: ^4.1.0
747 silly placeDep ROOT supports-color@7.2.0 OK for: chalk@4.1.2 want: ^7.1.0
748 silly fetch manifest color-convert@^2.0.1
749 silly packumentCache full:https://registry.npmjs.org/color-convert cache-miss
750 silly fetch manifest has-flag@^4.0.0
751 silly packumentCache full:https://registry.npmjs.org/has-flag cache-miss
752 http fetch GET 200 https://registry.npmjs.org/has-flag 33ms (cache miss)
753 silly packumentCache full:https://registry.npmjs.org/has-flag set size:undefined disposed:false
754 http fetch GET 200 https://registry.npmjs.org/color-convert 34ms (cache miss)
755 silly packumentCache full:https://registry.npmjs.org/color-convert set size:undefined disposed:false
756 silly placeDep ROOT color-convert@2.0.1 OK for: ansi-styles@4.3.0 want: ^2.0.1
757 silly fetch manifest color-name@~1.1.4
758 silly packumentCache full:https://registry.npmjs.org/color-name cache-miss
759 http fetch GET 200 https://registry.npmjs.org/color-name 28ms (cache miss)
760 silly packumentCache full:https://registry.npmjs.org/color-name set size:undefined disposed:false
761 silly placeDep ROOT color-name@1.1.4 OK for: color-convert@2.0.1 want: ~1.1.4
762 silly placeDep ROOT path-key@3.1.1 OK for: cross-spawn@7.0.6 want: ^3.1.0
763 silly placeDep ROOT shebang-command@2.0.0 OK for: cross-spawn@7.0.6 want: ^2.0.0
764 silly placeDep ROOT which@2.0.2 OK for: cross-spawn@7.0.6 want: ^2.0.1
765 silly fetch manifest shebang-regex@^3.0.0
766 silly packumentCache full:https://registry.npmjs.org/shebang-regex cache-miss
767 silly fetch manifest isexe@^2.0.0
768 silly packumentCache full:https://registry.npmjs.org/isexe cache-miss
769 http fetch GET 200 https://registry.npmjs.org/isexe 39ms (cache miss)
770 silly packumentCache full:https://registry.npmjs.org/isexe set size:undefined disposed:false
771 http fetch GET 200 https://registry.npmjs.org/shebang-regex 115ms (cache miss)
772 silly packumentCache full:https://registry.npmjs.org/shebang-regex set size:undefined disposed:false
773 silly placeDep ROOT ms@2.1.3 OK for: debug@4.4.3 want: ^2.1.3
774 silly fetch manifest eslint@>=9.0.0
775 silly packumentCache full:https://registry.npmjs.org/eslint cache-miss
776 http cache https://registry.npmjs.org/eslint 4ms (cache hit)
777 silly packumentCache full:https://registry.npmjs.org/eslint set size:2040662 disposed:false
778 silly fetch manifest typescript@>=4.8.4 <6.1.0
779 silly packumentCache full:https://registry.npmjs.org/typescript cache-miss
780 http cache https://registry.npmjs.org/typescript 16ms (cache hit)
781 silly packumentCache full:https://registry.npmjs.org/typescript set size:15509764 disposed:false
782 silly fetch manifest eslint@^3 || ^4 || ^5 || ^6 || ^7 || ^8 || ^9.7
783 silly packumentCache full:https://registry.npmjs.org/eslint cache-miss
784 http cache https://registry.npmjs.org/eslint 4ms (cache hit)
785 silly packumentCache full:https://registry.npmjs.org/eslint set size:2040662 disposed:false
786 silly fetch manifest eslint@^2 || ^3 || ^4 || ^5 || ^6 || ^7.2.0 || ^8 || ^9
787 silly packumentCache full:https://registry.npmjs.org/eslint cache-miss
788 http cache https://registry.npmjs.org/eslint 7ms (cache hit)
789 silly packumentCache full:https://registry.npmjs.org/eslint set size:2040662 disposed:false
790 silly fetch manifest eslint@^3 || ^4 || ^5 || ^6 || ^7 || ^8 || ^9
791 silly packumentCache full:https://registry.npmjs.org/eslint cache-miss
792 http cache https://registry.npmjs.org/eslint 3ms (cache hit)
793 silly packumentCache full:https://registry.npmjs.org/eslint set size:2040662 disposed:false
794 silly fetch manifest eslint-plugin-import-x@*
795 silly packumentCache full:https://registry.npmjs.org/eslint-plugin-import-x cache-miss
796 http fetch GET 200 https://registry.npmjs.org/eslint-plugin-import-x 48ms (cache miss)
797 silly packumentCache full:https://registry.npmjs.org/eslint-plugin-import-x set size:undefined disposed:false
798 silly fetch manifest @typescript-eslint/utils@^8.56.0
799 silly packumentCache full:https://registry.npmjs.org/@typescript-eslint%2futils cache-miss
800 http fetch GET 200 https://registry.npmjs.org/@typescript-eslint%2futils 281ms (cache miss)
801 silly packumentCache full:https://registry.npmjs.org/@typescript-eslint%2futils set size:undefined disposed:false
802 silly placeDep ROOT @next/eslint-plugin-next@16.3.0 OK for: eslint-config-next@16.3.0 want: 16.3.0
803 silly placeDep ROOT eslint-import-resolver-node@0.3.10 OK for: eslint-config-next@16.3.0 want: ^0.3.6
804 silly placeDep ROOT eslint-import-resolver-typescript@3.10.1 OK for: eslint-config-next@16.3.0 want: ^3.5.2
805 silly placeDep ROOT eslint-plugin-import@2.32.0 OK for: eslint-config-next@16.3.0 want: ^2.32.0
806 silly placeDep ROOT eslint-plugin-jsx-a11y@6.10.2 OK for: eslint-config-next@16.3.0 want: ^6.10.0
807 silly placeDep ROOT eslint-plugin-react@7.37.5 OK for: eslint-config-next@16.3.0 want: ^7.37.0
808 silly placeDep ROOT eslint-plugin-react-hooks@7.1.1 OK for: eslint-config-next@16.3.0 want: ^7.0.0
809 silly placeDep node_modules/eslint-config-next globals@16.4.0 OK for: eslint-config-next@16.3.0 want: 16.4.0
810 silly placeDep ROOT typescript-eslint@8.66.0 OK for: eslint-config-next@16.3.0 want: ^8.46.0
811 silly placeDep ROOT typescript@6.0.3 OK for: typescript-eslint@8.66.0 want: >=4.8.4 <6.1.0
812 silly fetch manifest fast-glob@3.3.1
813 silly packumentCache full:https://registry.npmjs.org/fast-glob cache-miss
814 silly fetch manifest @eslint-community/eslint-utils@4.9.1
815 silly packumentCache full:https://registry.npmjs.org/@eslint-community%2feslint-utils cache-miss
816 silly fetch manifest debug@^3.2.7
817 silly packumentCache full:https://registry.npmjs.org/debug cache-hit
818 silly fetch manifest resolve@^2.0.0-next.6
819 silly packumentCache full:https://registry.npmjs.org/resolve cache-miss
820 silly fetch manifest is-core-module@^2.16.1
821 silly packumentCache full:https://registry.npmjs.org/is-core-module cache-miss
822 silly fetch manifest tinyglobby@^0.2.13
823 silly packumentCache full:https://registry.npmjs.org/tinyglobby cache-miss
824 silly fetch manifest stable-hash@^0.0.5
825 silly packumentCache full:https://registry.npmjs.org/stable-hash cache-miss
826 silly fetch manifest get-tsconfig@^4.10.0
827 silly packumentCache full:https://registry.npmjs.org/get-tsconfig cache-miss
828 silly fetch manifest is-bun-module@^2.0.0
829 silly packumentCache full:https://registry.npmjs.org/is-bun-module cache-miss
830 silly fetch manifest unrs-resolver@^1.6.2
831 silly packumentCache full:https://registry.npmjs.org/unrs-resolver cache-miss
832 http cache https://registry.npmjs.org/@eslint-community%2feslint-utils 4ms (cache hit)
833 silly packumentCache full:https://registry.npmjs.org/@eslint-community%2feslint-utils set size:108339 disposed:false
834 silly fetch manifest @nolyfill/is-core-module@1.0.39
835 silly packumentCache full:https://registry.npmjs.org/@nolyfill%2fis-core-module cache-miss
836 http fetch GET 200 https://registry.npmjs.org/tinyglobby 41ms (cache miss)
837 silly packumentCache full:https://registry.npmjs.org/tinyglobby set size:undefined disposed:false
838 silly fetch manifest @rtsao/scc@^1.1.0
839 silly packumentCache full:https://registry.npmjs.org/@rtsao%2fscc cache-miss
840 http fetch GET 200 https://registry.npmjs.org/is-bun-module 41ms (cache miss)
841 silly packumentCache full:https://registry.npmjs.org/is-bun-module set size:undefined disposed:false
842 silly fetch manifest array-includes@^3.1.9
843 silly packumentCache full:https://registry.npmjs.org/array-includes cache-miss
844 http fetch GET 200 https://registry.npmjs.org/is-core-module 43ms (cache miss)
845 silly packumentCache full:https://registry.npmjs.org/is-core-module set size:undefined disposed:false
846 silly fetch manifest array.prototype.findlastindex@^1.2.6
847 silly packumentCache full:https://registry.npmjs.org/array.prototype.findlastindex cache-miss
848 http fetch GET 200 https://registry.npmjs.org/fast-glob 46ms (cache miss)
849 silly packumentCache full:https://registry.npmjs.org/fast-glob set size:undefined disposed:false
850 silly fetch manifest array.prototype.flat@^1.3.3
851 silly packumentCache full:https://registry.npmjs.org/array.prototype.flat cache-miss
852 http fetch GET 200 https://registry.npmjs.org/get-tsconfig 48ms (cache miss)
853 silly packumentCache full:https://registry.npmjs.org/get-tsconfig set size:undefined disposed:false
854 silly fetch manifest array.prototype.flatmap@^1.3.3
855 silly packumentCache full:https://registry.npmjs.org/array.prototype.flatmap cache-miss
856 http fetch GET 200 https://registry.npmjs.org/@nolyfill%2fis-core-module 47ms (cache miss)
857 silly packumentCache full:https://registry.npmjs.org/@nolyfill%2fis-core-module set size:undefined disposed:false
858 silly fetch manifest doctrine@^2.1.0
859 silly packumentCache full:https://registry.npmjs.org/doctrine cache-miss
860 http fetch GET 200 https://registry.npmjs.org/unrs-resolver 52ms (cache miss)
861 silly packumentCache full:https://registry.npmjs.org/unrs-resolver set size:undefined disposed:false
862 silly fetch manifest eslint-module-utils@^2.12.1
863 silly packumentCache full:https://registry.npmjs.org/eslint-module-utils cache-miss
864 http fetch GET 200 https://registry.npmjs.org/resolve 60ms (cache miss)
865 silly packumentCache full:https://registry.npmjs.org/resolve set size:undefined disposed:false
866 silly fetch manifest hasown@^2.0.2
867 silly packumentCache full:https://registry.npmjs.org/hasown cache-miss
868 http fetch GET 200 https://registry.npmjs.org/@rtsao%2fscc 39ms (cache miss)
869 silly packumentCache full:https://registry.npmjs.org/@rtsao%2fscc set size:undefined disposed:false
870 silly fetch manifest object.fromentries@^2.0.8
871 silly packumentCache full:https://registry.npmjs.org/object.fromentries cache-miss
872 http fetch GET 200 https://registry.npmjs.org/array.prototype.findlastindex 38ms (cache miss)
873 silly packumentCache full:https://registry.npmjs.org/array.prototype.findlastindex set size:undefined disposed:false
874 silly fetch manifest object.groupby@^1.0.3
875 silly packumentCache full:https://registry.npmjs.org/object.groupby cache-miss
876 http fetch GET 200 https://registry.npmjs.org/array-includes 41ms (cache miss)
877 silly packumentCache full:https://registry.npmjs.org/array-includes set size:undefined disposed:false
878 silly fetch manifest object.values@^1.2.1
879 silly packumentCache full:https://registry.npmjs.org/object.values cache-miss
880 http fetch GET 200 https://registry.npmjs.org/hasown 31ms (cache miss)
881 silly packumentCache full:https://registry.npmjs.org/hasown set size:undefined disposed:false
882 silly fetch manifest semver@^6.3.1
883 silly packumentCache full:https://registry.npmjs.org/semver cache-miss
884 http fetch GET 200 https://registry.npmjs.org/eslint-module-utils 45ms (cache miss)
885 silly packumentCache full:https://registry.npmjs.org/eslint-module-utils set size:undefined disposed:false
886 silly fetch manifest string.prototype.trimend@^1.0.9
887 silly packumentCache full:https://registry.npmjs.org/string.prototype.trimend cache-miss
888 http fetch GET 200 https://registry.npmjs.org/stable-hash 115ms (cache miss)
889 silly packumentCache full:https://registry.npmjs.org/stable-hash set size:undefined disposed:false
890 silly fetch manifest tsconfig-paths@^3.15.0
891 silly packumentCache full:https://registry.npmjs.org/tsconfig-paths cache-miss
892 http fetch GET 200 https://registry.npmjs.org/object.fromentries 34ms (cache miss)
893 silly packumentCache full:https://registry.npmjs.org/object.fromentries set size:undefined disposed:false
894 silly fetch manifest aria-query@^5.3.2
895 silly packumentCache full:https://registry.npmjs.org/aria-query cache-miss
896 http fetch GET 200 https://registry.npmjs.org/object.values 33ms (cache miss)
897 silly packumentCache full:https://registry.npmjs.org/object.values set size:undefined disposed:false
898 silly fetch manifest array-includes@^3.1.8
899 silly packumentCache full:https://registry.npmjs.org/array-includes cache-miss
900 http cache https://registry.npmjs.org/array-includes 1ms (cache hit)
901 silly packumentCache full:https://registry.npmjs.org/array-includes set size:77143 disposed:false
902 silly fetch manifest array.prototype.flatmap@^1.3.2
903 silly packumentCache full:https://registry.npmjs.org/array.prototype.flatmap cache-miss
904 http fetch GET 200 https://registry.npmjs.org/object.groupby 38ms (cache miss)
905 silly packumentCache full:https://registry.npmjs.org/object.groupby set size:undefined disposed:false
906 silly fetch manifest ast-types-flow@^0.0.8
907 silly packumentCache full:https://registry.npmjs.org/ast-types-flow cache-miss
908 http fetch GET 200 https://registry.npmjs.org/semver 40ms (cache miss)
909 silly packumentCache full:https://registry.npmjs.org/semver set size:undefined disposed:false
910 silly fetch manifest axe-core@^4.10.0
911 silly packumentCache full:https://registry.npmjs.org/axe-core cache-miss
912 http fetch GET 200 https://registry.npmjs.org/string.prototype.trimend 42ms (cache miss)
913 silly packumentCache full:https://registry.npmjs.org/string.prototype.trimend set size:undefined disposed:false
914 silly fetch manifest axobject-query@^4.1.0
915 silly packumentCache full:https://registry.npmjs.org/axobject-query cache-miss
916 http fetch GET 200 https://registry.npmjs.org/tsconfig-paths 29ms (cache miss)
917 silly packumentCache full:https://registry.npmjs.org/tsconfig-paths set size:undefined disposed:false
918 silly fetch manifest damerau-levenshtein@^1.0.8
919 silly packumentCache full:https://registry.npmjs.org/damerau-levenshtein cache-miss
920 http fetch GET 200 https://registry.npmjs.org/aria-query 35ms (cache miss)
921 silly packumentCache full:https://registry.npmjs.org/aria-query set size:undefined disposed:false
922 silly fetch manifest emoji-regex@^9.2.2
923 silly packumentCache full:https://registry.npmjs.org/emoji-regex cache-miss
924 http fetch GET 200 https://registry.npmjs.org/ast-types-flow 30ms (cache miss)
925 silly packumentCache full:https://registry.npmjs.org/ast-types-flow set size:undefined disposed:false
926 silly fetch manifest jsx-ast-utils@^3.3.5
927 silly packumentCache full:https://registry.npmjs.org/jsx-ast-utils cache-miss
928 http fetch GET 200 https://registry.npmjs.org/array.prototype.flat 124ms (cache miss)
929 silly packumentCache full:https://registry.npmjs.org/array.prototype.flat set size:undefined disposed:false
930 silly fetch manifest language-tags@^1.0.9
931 silly packumentCache full:https://registry.npmjs.org/language-tags cache-miss
932 http fetch GET 200 https://registry.npmjs.org/doctrine 120ms (cache miss)
933 silly packumentCache full:https://registry.npmjs.org/doctrine set size:undefined disposed:false
934 silly fetch manifest safe-regex-test@^1.0.3
935 silly packumentCache full:https://registry.npmjs.org/safe-regex-test cache-miss
936 http fetch GET 200 https://registry.npmjs.org/damerau-levenshtein 29ms (cache miss)
937 silly packumentCache full:https://registry.npmjs.org/damerau-levenshtein set size:undefined disposed:false
938 silly fetch manifest string.prototype.includes@^2.0.1
939 silly packumentCache full:https://registry.npmjs.org/string.prototype.includes cache-miss
940 http fetch GET 200 https://registry.npmjs.org/array.prototype.flatmap 134ms (cache miss)
941 silly packumentCache full:https://registry.npmjs.org/array.prototype.flatmap set size:undefined disposed:false
942 silly fetch manifest array.prototype.findlast@^1.2.5
943 silly packumentCache full:https://registry.npmjs.org/array.prototype.findlast cache-miss
944 http fetch GET 200 https://registry.npmjs.org/array.prototype.flatmap 65ms (cache miss)
945 silly packumentCache full:https://registry.npmjs.org/array.prototype.flatmap set size:undefined disposed:false
946 silly fetch manifest array.prototype.tosorted@^1.1.4
947 silly packumentCache full:https://registry.npmjs.org/array.prototype.tosorted cache-miss
948 http fetch GET 200 https://registry.npmjs.org/emoji-regex 38ms (cache miss)
949 silly packumentCache full:https://registry.npmjs.org/emoji-regex set size:undefined disposed:false
950 silly fetch manifest es-iterator-helpers@^1.2.1
951 silly packumentCache full:https://registry.npmjs.org/es-iterator-helpers cache-miss
952 http fetch GET 200 https://registry.npmjs.org/jsx-ast-utils 41ms (cache miss)
953 silly packumentCache full:https://registry.npmjs.org/jsx-ast-utils set size:undefined disposed:false
954 silly fetch manifest estraverse@^5.3.0
955 silly packumentCache full:https://registry.npmjs.org/estraverse cache-miss
956 http cache https://registry.npmjs.org/estraverse 2ms (cache hit)
957 silly packumentCache full:https://registry.npmjs.org/estraverse set size:62412 disposed:false
958 silly fetch manifest jsx-ast-utils@^2.4.1 || ^3.0.0
959 silly packumentCache full:https://registry.npmjs.org/jsx-ast-utils cache-miss
960 http fetch GET 200 https://registry.npmjs.org/axobject-query 55ms (cache miss)
961 silly packumentCache full:https://registry.npmjs.org/axobject-query set size:undefined disposed:false
962 silly fetch manifest object.entries@^1.1.9
963 silly packumentCache full:https://registry.npmjs.org/object.entries cache-miss
964 http cache https://registry.npmjs.org/jsx-ast-utils 4ms (cache hit)
965 silly packumentCache full:https://registry.npmjs.org/jsx-ast-utils set size:115998 disposed:false
966 silly fetch manifest prop-types@^15.8.1
967 silly packumentCache full:https://registry.npmjs.org/prop-types cache-miss
968 http fetch GET 200 https://registry.npmjs.org/string.prototype.includes 28ms (cache miss)
969 silly packumentCache full:https://registry.npmjs.org/string.prototype.includes set size:undefined disposed:false
970 silly fetch manifest resolve@^2.0.0-next.5
971 silly packumentCache full:https://registry.npmjs.org/resolve cache-miss
972 http cache https://registry.npmjs.org/resolve 1ms (cache hit)
973 silly packumentCache full:https://registry.npmjs.org/resolve set size:244568 disposed:false
974 silly fetch manifest string.prototype.matchall@^4.0.12
975 silly packumentCache full:https://registry.npmjs.org/string.prototype.matchall cache-miss
976 http fetch GET 200 https://registry.npmjs.org/language-tags 37ms (cache miss)
977 silly packumentCache full:https://registry.npmjs.org/language-tags set size:undefined disposed:false
978 silly fetch manifest string.prototype.repeat@^1.0.0
979 silly packumentCache full:https://registry.npmjs.org/string.prototype.repeat cache-miss
980 http fetch GET 200 https://registry.npmjs.org/safe-regex-test 36ms (cache miss)
981 silly packumentCache full:https://registry.npmjs.org/safe-regex-test set size:undefined disposed:false
982 silly fetch manifest zod@^3.25.0 || ^4.0.0
983 silly packumentCache full:https://registry.npmjs.org/zod cache-miss
984 http fetch GET 200 https://registry.npmjs.org/array.prototype.tosorted 41ms (cache miss)
985 silly packumentCache full:https://registry.npmjs.org/array.prototype.tosorted set size:undefined disposed:false
986 silly fetch manifest @babel/core@^7.24.4
987 silly packumentCache full:https://registry.npmjs.org/@babel%2fcore cache-miss
988 http fetch GET 200 https://registry.npmjs.org/es-iterator-helpers 35ms (cache miss)
989 silly packumentCache full:https://registry.npmjs.org/es-iterator-helpers set size:undefined disposed:false
990 silly fetch manifest @babel/parser@^7.24.4
991 silly packumentCache full:https://registry.npmjs.org/@babel%2fparser cache-miss
992 http fetch GET 200 https://registry.npmjs.org/object.entries 35ms (cache miss)
993 silly packumentCache full:https://registry.npmjs.org/object.entries set size:undefined disposed:false
994 silly fetch manifest hermes-parser@^0.25.1
995 silly packumentCache full:https://registry.npmjs.org/hermes-parser cache-miss
996 http fetch GET 200 https://registry.npmjs.org/string.prototype.matchall 32ms (cache miss)
997 silly packumentCache full:https://registry.npmjs.org/string.prototype.matchall set size:undefined disposed:false
998 silly fetch manifest zod-validation-error@^3.5.0 || ^4.0.0
999 silly packumentCache full:https://registry.npmjs.org/zod-validation-error cache-miss
1000 http fetch GET 200 https://registry.npmjs.org/prop-types 42ms (cache miss)
1001 silly packumentCache full:https://registry.npmjs.org/prop-types set size:undefined disposed:false
1002 silly fetch manifest @typescript-eslint/utils@8.66.0
1003 silly packumentCache full:https://registry.npmjs.org/@typescript-eslint%2futils cache-miss
1004 http fetch GET 200 https://registry.npmjs.org/string.prototype.repeat 36ms (cache miss)
1005 silly packumentCache full:https://registry.npmjs.org/string.prototype.repeat set size:undefined disposed:false
1006 silly fetch manifest @typescript-eslint/parser@8.66.0
1007 silly packumentCache full:https://registry.npmjs.org/@typescript-eslint%2fparser cache-miss
1008 http cache https://registry.npmjs.org/@typescript-eslint%2futils 10ms (cache hit)
1009 silly packumentCache full:https://registry.npmjs.org/@typescript-eslint%2futils set size:10622580 disposed:false
1010 silly fetch manifest @typescript-eslint/eslint-plugin@8.66.0
1011 silly packumentCache full:https://registry.npmjs.org/@typescript-eslint%2feslint-plugin cache-miss
1012 http fetch GET 200 https://registry.npmjs.org/array.prototype.findlast 109ms (cache miss)
1013 silly packumentCache full:https://registry.npmjs.org/array.prototype.findlast set size:undefined disposed:false
1014 silly fetch manifest @typescript-eslint/typescript-estree@8.66.0
1015 silly packumentCache full:https://registry.npmjs.org/@typescript-eslint%2ftypescript-estree cache-miss
1016 http fetch GET 200 https://registry.npmjs.org/zod-validation-error 56ms (cache miss)
1017 silly packumentCache full:https://registry.npmjs.org/zod-validation-error set size:undefined disposed:false
1018 http fetch GET 200 https://registry.npmjs.org/@babel%2fcore 75ms (cache miss)
1019 silly packumentCache full:https://registry.npmjs.org/@babel%2fcore set size:undefined disposed:false
1020 http fetch GET 200 https://registry.npmjs.org/@babel%2fparser 82ms (cache miss)
1021 silly packumentCache full:https://registry.npmjs.org/@babel%2fparser set size:undefined disposed:false
1022 http fetch GET 200 https://registry.npmjs.org/zod 112ms (cache miss)
1023 silly packumentCache full:https://registry.npmjs.org/zod set size:undefined disposed:false
1024 http fetch GET 200 https://registry.npmjs.org/axe-core 196ms (cache miss)
1025 silly packumentCache full:https://registry.npmjs.org/axe-core set size:undefined disposed:false
1026 http fetch GET 200 https://registry.npmjs.org/hermes-parser 119ms (cache miss)
1027 silly packumentCache full:https://registry.npmjs.org/hermes-parser set size:undefined disposed:false
1028 http fetch GET 200 https://registry.npmjs.org/@typescript-eslint%2ftypescript-estree 361ms (cache miss)
1029 silly packumentCache full:https://registry.npmjs.org/@typescript-eslint%2ftypescript-estree set size:undefined disposed:false
1030 http fetch GET 200 https://registry.npmjs.org/@typescript-eslint%2feslint-plugin 584ms (cache miss)
1031 silly packumentCache full:https://registry.npmjs.org/@typescript-eslint%2feslint-plugin set size:undefined disposed:false
1032 http fetch GET 200 https://registry.npmjs.org/@typescript-eslint%2fparser 840ms (cache miss)
1033 silly packumentCache full:https://registry.npmjs.org/@typescript-eslint%2fparser set size:undefined disposed:false
1034 silly placeDep node_modules/@next/eslint-plugin-next @eslint-community/eslint-utils@4.9.1 OK for: @next/eslint-plugin-next@16.3.0 want: 4.9.1
1035 silly placeDep ROOT fast-glob@3.3.1 OK for: @next/eslint-plugin-next@16.3.0 want: 3.3.1
1036 silly fetch manifest merge2@^1.3.0
1037 silly packumentCache full:https://registry.npmjs.org/merge2 cache-miss
1038 silly fetch manifest micromatch@^4.0.4
1039 silly packumentCache full:https://registry.npmjs.org/micromatch cache-miss
1040 silly fetch manifest glob-parent@^5.1.2
1041 silly packumentCache full:https://registry.npmjs.org/glob-parent cache-miss
1042 silly fetch manifest @nodelib/fs.stat@^2.0.2
1043 silly packumentCache full:https://registry.npmjs.org/@nodelib%2ffs.stat cache-miss
1044 silly fetch manifest @nodelib/fs.walk@^1.2.3
1045 silly packumentCache full:https://registry.npmjs.org/@nodelib%2ffs.walk cache-miss
1046 http cache https://registry.npmjs.org/glob-parent 7ms (cache hit)
1047 silly packumentCache full:https://registry.npmjs.org/glob-parent set size:42445 disposed:false
1048 http fetch GET 200 https://registry.npmjs.org/merge2 46ms (cache miss)
1049 silly packumentCache full:https://registry.npmjs.org/merge2 set size:undefined disposed:false
1050 http fetch GET 200 https://registry.npmjs.org/@nodelib%2ffs.walk 55ms (cache miss)
1051 silly packumentCache full:https://registry.npmjs.org/@nodelib%2ffs.walk set size:undefined disposed:false
1052 http fetch GET 200 https://registry.npmjs.org/micromatch 56ms (cache miss)
1053 silly packumentCache full:https://registry.npmjs.org/micromatch set size:undefined disposed:false
1054 http fetch GET 200 https://registry.npmjs.org/@nodelib%2ffs.stat 66ms (cache miss)
1055 silly packumentCache full:https://registry.npmjs.org/@nodelib%2ffs.stat set size:undefined disposed:false
1056 silly placeDep node_modules/eslint-import-resolver-node debug@3.2.7 OK for: eslint-import-resolver-node@0.3.10 want: ^3.2.7
1057 silly placeDep ROOT is-core-module@2.16.2 OK for: eslint-import-resolver-node@0.3.10 want: ^2.16.1
1058 silly placeDep ROOT resolve@2.0.0-next.7 OK for: eslint-import-resolver-node@0.3.10 want: ^2.0.0-next.6
1059 silly fetch manifest hasown@^2.0.3
1060 silly packumentCache full:https://registry.npmjs.org/hasown cache-miss
1061 silly fetch manifest es-errors@^1.3.0
1062 silly packumentCache full:https://registry.npmjs.org/es-errors cache-miss
1063 silly fetch manifest node-exports-info@^1.6.0
1064 silly packumentCache full:https://registry.npmjs.org/node-exports-info cache-miss
1065 silly fetch manifest object-keys@^1.1.1
1066 silly packumentCache full:https://registry.npmjs.org/object-keys cache-miss
1067 silly fetch manifest path-parse@^1.0.7
1068 silly packumentCache full:https://registry.npmjs.org/path-parse cache-miss
1069 silly fetch manifest supports-preserve-symlinks-flag@^1.0.0
1070 silly packumentCache full:https://registry.npmjs.org/supports-preserve-symlinks-flag cache-miss
1071 http cache https://registry.npmjs.org/hasown 3ms (cache hit)
1072 silly packumentCache full:https://registry.npmjs.org/hasown set size:18361 disposed:false
1073 http fetch GET 200 https://registry.npmjs.org/es-errors 27ms (cache miss)
1074 silly packumentCache full:https://registry.npmjs.org/es-errors set size:undefined disposed:false
1075 http fetch GET 200 https://registry.npmjs.org/object-keys 33ms (cache miss)
1076 silly packumentCache full:https://registry.npmjs.org/object-keys set size:undefined disposed:false
1077 http fetch GET 200 https://registry.npmjs.org/supports-preserve-symlinks-flag 41ms (cache miss)
1078 silly packumentCache full:https://registry.npmjs.org/supports-preserve-symlinks-flag set size:undefined disposed:false
1079 http fetch GET 200 https://registry.npmjs.org/node-exports-info 42ms (cache miss)
1080 silly packumentCache full:https://registry.npmjs.org/node-exports-info set size:undefined disposed:false
1081 http fetch GET 200 https://registry.npmjs.org/path-parse 46ms (cache miss)
1082 silly packumentCache full:https://registry.npmjs.org/path-parse set size:undefined disposed:false
1083 silly placeDep ROOT @nolyfill/is-core-module@1.0.39 OK for: eslint-import-resolver-typescript@3.10.1 want: 1.0.39
1084 silly placeDep ROOT get-tsconfig@4.14.1 OK for: eslint-import-resolver-typescript@3.10.1 want: ^4.10.0
1085 silly placeDep ROOT is-bun-module@2.0.0 OK for: eslint-import-resolver-typescript@3.10.1 want: ^2.0.0
1086 silly placeDep ROOT stable-hash@0.0.5 OK for: eslint-import-resolver-typescript@3.10.1 want: ^0.0.5
1087 silly placeDep ROOT tinyglobby@0.2.17 OK for: eslint-import-resolver-typescript@3.10.1 want: ^0.2.13
1088 silly placeDep ROOT unrs-resolver@1.12.2 OK for: eslint-import-resolver-typescript@3.10.1 want: ^1.6.2
1089 silly fetch manifest resolve-pkg-maps@^1.0.0
1090 silly packumentCache full:https://registry.npmjs.org/resolve-pkg-maps cache-miss
1091 silly fetch manifest semver@^7.7.1
1092 silly packumentCache full:https://registry.npmjs.org/semver cache-miss
1093 silly fetch manifest fdir@^6.5.0
1094 silly packumentCache full:https://registry.npmjs.org/fdir cache-miss
1095 silly fetch manifest picomatch@^4.0.4
1096 silly packumentCache full:https://registry.npmjs.org/picomatch cache-miss
1097 silly fetch manifest napi-postinstall@^0.3.4
1098 silly packumentCache full:https://registry.npmjs.org/napi-postinstall cache-miss
1099 silly fetch manifest @unrs/resolver-binding-darwin-arm64@1.12.2
1100 silly packumentCache full:https://registry.npmjs.org/@unrs%2fresolver-binding-darwin-arm64 cache-miss
1101 silly fetch manifest @unrs/resolver-binding-android-arm64@1.12.2
1102 silly packumentCache full:https://registry.npmjs.org/@unrs%2fresolver-binding-android-arm64 cache-miss
1103 silly fetch manifest @unrs/resolver-binding-win32-arm64-msvc@1.12.2
1104 silly packumentCache full:https://registry.npmjs.org/@unrs%2fresolver-binding-win32-arm64-msvc cache-miss
1105 silly fetch manifest @unrs/resolver-binding-linux-arm64-gnu@1.12.2
1106 silly packumentCache full:https://registry.npmjs.org/@unrs%2fresolver-binding-linux-arm64-gnu cache-miss
1107 http cache https://registry.npmjs.org/semver 3ms (cache hit)
1108 silly packumentCache full:https://registry.npmjs.org/semver set size:246069 disposed:false
1109 silly fetch manifest @unrs/resolver-binding-linux-arm64-musl@1.12.2
1110 silly packumentCache full:https://registry.npmjs.org/@unrs%2fresolver-binding-linux-arm64-musl cache-miss
1111 http fetch GET 200 https://registry.npmjs.org/napi-postinstall 35ms (cache miss)
1112 silly packumentCache full:https://registry.npmjs.org/napi-postinstall set size:undefined disposed:false
1113 silly fetch manifest @unrs/resolver-binding-openharmony-arm64@1.12.2
1114 silly packumentCache full:https://registry.npmjs.org/@unrs%2fresolver-binding-openharmony-arm64 cache-miss
1115 http fetch GET 200 https://registry.npmjs.org/fdir 37ms (cache miss)
1116 silly packumentCache full:https://registry.npmjs.org/fdir set size:undefined disposed:false
1117 silly fetch manifest @unrs/resolver-binding-android-arm-eabi@1.12.2
1118 silly packumentCache full:https://registry.npmjs.org/@unrs%2fresolver-binding-android-arm-eabi cache-miss
1119 http fetch GET 200 https://registry.npmjs.org/resolve-pkg-maps 40ms (cache miss)
1120 silly packumentCache full:https://registry.npmjs.org/resolve-pkg-maps set size:undefined disposed:false
1121 silly fetch manifest @unrs/resolver-binding-linux-arm-gnueabihf@1.12.2
1122 silly packumentCache full:https://registry.npmjs.org/@unrs%2fresolver-binding-linux-arm-gnueabihf cache-miss
1123 http fetch GET 200 https://registry.npmjs.org/picomatch 43ms (cache miss)
1124 silly packumentCache full:https://registry.npmjs.org/picomatch set size:undefined disposed:false
1125 silly fetch manifest @unrs/resolver-binding-linux-arm-musleabihf@1.12.2
1126 silly packumentCache full:https://registry.npmjs.org/@unrs%2fresolver-binding-linux-arm-musleabihf cache-miss
1127 http fetch GET 200 https://registry.npmjs.org/@unrs%2fresolver-binding-linux-arm64-musl 65ms (cache miss)
1128 silly packumentCache full:https://registry.npmjs.org/@unrs%2fresolver-binding-linux-arm64-musl set size:undefined disposed:false
1129 silly fetch manifest @unrs/resolver-binding-win32-ia32-msvc@1.12.2
1130 silly packumentCache full:https://registry.npmjs.org/@unrs%2fresolver-binding-win32-ia32-msvc cache-miss
1131 http fetch GET 200 https://registry.npmjs.org/@unrs%2fresolver-binding-linux-arm-gnueabihf 59ms (cache miss)
1132 silly packumentCache full:https://registry.npmjs.org/@unrs%2fresolver-binding-linux-arm-gnueabihf set size:undefined disposed:false
1133 silly fetch manifest @unrs/resolver-binding-linux-loong64-gnu@1.12.2
1134 silly packumentCache full:https://registry.npmjs.org/@unrs%2fresolver-binding-linux-loong64-gnu cache-miss
1135 http fetch GET 200 https://registry.npmjs.org/@unrs%2fresolver-binding-android-arm64 130ms (cache miss)
1136 silly packumentCache full:https://registry.npmjs.org/@unrs%2fresolver-binding-android-arm64 set size:undefined disposed:false
1137 silly fetch manifest @unrs/resolver-binding-linux-loong64-musl@1.12.2
1138 silly packumentCache full:https://registry.npmjs.org/@unrs%2fresolver-binding-linux-loong64-musl cache-miss
1139 http fetch GET 200 https://registry.npmjs.org/@unrs%2fresolver-binding-win32-ia32-msvc 60ms (cache miss)
1140 silly packumentCache full:https://registry.npmjs.org/@unrs%2fresolver-binding-win32-ia32-msvc set size:undefined disposed:false
1141 silly fetch manifest @unrs/resolver-binding-linux-ppc64-gnu@1.12.2
1142 silly packumentCache full:https://registry.npmjs.org/@unrs%2fresolver-binding-linux-ppc64-gnu cache-miss
1143 http fetch GET 200 https://registry.npmjs.org/@unrs%2fresolver-binding-darwin-arm64 152ms (cache miss)
1144 silly packumentCache full:https://registry.npmjs.org/@unrs%2fresolver-binding-darwin-arm64 set size:undefined disposed:false
1145 silly fetch manifest @unrs/resolver-binding-linux-riscv64-gnu@1.12.2
1146 silly packumentCache full:https://registry.npmjs.org/@unrs%2fresolver-binding-linux-riscv64-gnu cache-miss
1147 http fetch GET 200 https://registry.npmjs.org/@unrs%2fresolver-binding-android-arm-eabi 117ms (cache miss)
1148 silly packumentCache full:https://registry.npmjs.org/@unrs%2fresolver-binding-android-arm-eabi set size:undefined disposed:false
1149 silly fetch manifest @unrs/resolver-binding-linux-riscv64-musl@1.12.2
1150 silly packumentCache full:https://registry.npmjs.org/@unrs%2fresolver-binding-linux-riscv64-musl cache-miss
1151 http fetch GET 200 https://registry.npmjs.org/@unrs%2fresolver-binding-linux-arm-musleabihf 134ms (cache miss)
1152 silly packumentCache full:https://registry.npmjs.org/@unrs%2fresolver-binding-linux-arm-musleabihf set size:undefined disposed:false
1153 silly fetch manifest @unrs/resolver-binding-linux-s390x-gnu@1.12.2
1154 silly packumentCache full:https://registry.npmjs.org/@unrs%2fresolver-binding-linux-s390x-gnu cache-miss
1155 http fetch GET 200 https://registry.npmjs.org/@unrs%2fresolver-binding-linux-arm64-gnu 178ms (cache miss)
1156 silly packumentCache full:https://registry.npmjs.org/@unrs%2fresolver-binding-linux-arm64-gnu set size:undefined disposed:false
1157 silly fetch manifest @unrs/resolver-binding-wasm32-wasi@1.12.2
1158 silly packumentCache full:https://registry.npmjs.org/@unrs%2fresolver-binding-wasm32-wasi cache-miss
1159 http fetch GET 200 https://registry.npmjs.org/@unrs%2fresolver-binding-linux-loong64-musl 56ms (cache miss)
1160 silly packumentCache full:https://registry.npmjs.org/@unrs%2fresolver-binding-linux-loong64-musl set size:undefined disposed:false
1161 silly fetch manifest @unrs/resolver-binding-darwin-x64@1.12.2
1162 silly packumentCache full:https://registry.npmjs.org/@unrs%2fresolver-binding-darwin-x64 cache-miss
1163 http fetch GET 200 https://registry.npmjs.org/@unrs%2fresolver-binding-linux-riscv64-musl 56ms (cache miss)
1164 silly packumentCache full:https://registry.npmjs.org/@unrs%2fresolver-binding-linux-riscv64-musl set size:undefined disposed:false
1165 silly fetch manifest @unrs/resolver-binding-win32-x64-msvc@1.12.2
1166 silly packumentCache full:https://registry.npmjs.org/@unrs%2fresolver-binding-win32-x64-msvc cache-miss
1167 http fetch GET 200 https://registry.npmjs.org/@unrs%2fresolver-binding-wasm32-wasi 53ms (cache miss)
1168 silly packumentCache full:https://registry.npmjs.org/@unrs%2fresolver-binding-wasm32-wasi set size:undefined disposed:false
1169 silly fetch manifest @unrs/resolver-binding-freebsd-x64@1.12.2
1170 silly packumentCache full:https://registry.npmjs.org/@unrs%2fresolver-binding-freebsd-x64 cache-miss
1171 http fetch GET 200 https://registry.npmjs.org/@unrs%2fresolver-binding-win32-arm64-msvc 247ms (cache miss)
1172 silly packumentCache full:https://registry.npmjs.org/@unrs%2fresolver-binding-win32-arm64-msvc set size:undefined disposed:false
1173 silly fetch manifest @unrs/resolver-binding-linux-x64-gnu@1.12.2
1174 silly packumentCache full:https://registry.npmjs.org/@unrs%2fresolver-binding-linux-x64-gnu cache-miss
1175 http fetch GET 200 https://registry.npmjs.org/@unrs%2fresolver-binding-darwin-x64 67ms (cache miss)
1176 silly packumentCache full:https://registry.npmjs.org/@unrs%2fresolver-binding-darwin-x64 set size:undefined disposed:false
1177 silly fetch manifest @unrs/resolver-binding-linux-x64-musl@1.12.2
1178 silly packumentCache full:https://registry.npmjs.org/@unrs%2fresolver-binding-linux-x64-musl cache-miss
1179 http fetch GET 200 https://registry.npmjs.org/@unrs%2fresolver-binding-openharmony-arm64 219ms (cache miss)
1180 silly packumentCache full:https://registry.npmjs.org/@unrs%2fresolver-binding-openharmony-arm64 set size:undefined disposed:false
1181 http fetch GET 200 https://registry.npmjs.org/@unrs%2fresolver-binding-linux-riscv64-gnu 130ms (cache miss)
1182 silly packumentCache full:https://registry.npmjs.org/@unrs%2fresolver-binding-linux-riscv64-gnu set size:undefined disposed:false
1183 http fetch GET 200 https://registry.npmjs.org/@unrs%2fresolver-binding-freebsd-x64 50ms (cache miss)
1184 silly packumentCache full:https://registry.npmjs.org/@unrs%2fresolver-binding-freebsd-x64 set size:undefined disposed:false
1185 http fetch GET 200 https://registry.npmjs.org/@unrs%2fresolver-binding-linux-loong64-gnu 214ms (cache miss)
1186 silly packumentCache full:https://registry.npmjs.org/@unrs%2fresolver-binding-linux-loong64-gnu set size:undefined disposed:false
1187 http fetch GET 200 https://registry.npmjs.org/@unrs%2fresolver-binding-linux-ppc64-gnu 216ms (cache miss)
1188 silly packumentCache full:https://registry.npmjs.org/@unrs%2fresolver-binding-linux-ppc64-gnu set size:undefined disposed:false
1189 http fetch GET 200 https://registry.npmjs.org/@unrs%2fresolver-binding-linux-s390x-gnu 183ms (cache miss)
1190 silly packumentCache full:https://registry.npmjs.org/@unrs%2fresolver-binding-linux-s390x-gnu set size:undefined disposed:false
1191 http fetch GET 200 https://registry.npmjs.org/@unrs%2fresolver-binding-linux-x64-gnu 139ms (cache miss)
1192 silly packumentCache full:https://registry.npmjs.org/@unrs%2fresolver-binding-linux-x64-gnu set size:undefined disposed:false
1193 http fetch GET 200 https://registry.npmjs.org/@unrs%2fresolver-binding-win32-x64-msvc 262ms (cache miss)
1194 silly packumentCache full:https://registry.npmjs.org/@unrs%2fresolver-binding-win32-x64-msvc set size:undefined disposed:false
1195 http fetch GET 200 https://registry.npmjs.org/@unrs%2fresolver-binding-linux-x64-musl 234ms (cache miss)
1196 silly packumentCache full:https://registry.npmjs.org/@unrs%2fresolver-binding-linux-x64-musl set size:undefined disposed:false
1197 silly placeDep ROOT @rtsao/scc@1.1.0 OK for: eslint-plugin-import@2.32.0 want: ^1.1.0
1198 silly placeDep ROOT array-includes@3.1.9 OK for: eslint-plugin-import@2.32.0 want: ^3.1.9
1199 silly placeDep ROOT array.prototype.findlastindex@1.2.6 OK for: eslint-plugin-import@2.32.0 want: ^1.2.6
1200 silly placeDep ROOT array.prototype.flat@1.3.3 OK for: eslint-plugin-import@2.32.0 want: ^1.3.3
1201 silly placeDep ROOT array.prototype.flatmap@1.3.3 OK for: eslint-plugin-import@2.32.0 want: ^1.3.3
1202 silly placeDep node_modules/eslint-plugin-import debug@3.2.7 OK for: eslint-plugin-import@2.32.0 want: ^3.2.7
1203 silly placeDep ROOT doctrine@2.1.0 OK for: eslint-plugin-import@2.32.0 want: ^2.1.0
1204 silly placeDep ROOT eslint-module-utils@2.14.0 OK for: eslint-plugin-import@2.32.0 want: ^2.12.1
1205 silly placeDep ROOT hasown@2.0.4 OK for: eslint-plugin-import@2.32.0 want: ^2.0.2
1206 silly placeDep ROOT object.fromentries@2.0.8 OK for: eslint-plugin-import@2.32.0 want: ^2.0.8
1207 silly placeDep ROOT object.groupby@1.0.3 OK for: eslint-plugin-import@2.32.0 want: ^1.0.3
1208 silly placeDep ROOT object.values@1.2.1 OK for: eslint-plugin-import@2.32.0 want: ^1.2.1
1209 silly placeDep ROOT semver@6.3.1 OK for: eslint-plugin-import@2.32.0 want: ^6.3.1
1210 silly placeDep ROOT string.prototype.trimend@1.0.10 OK for: eslint-plugin-import@2.32.0 want: ^1.0.9
1211 silly placeDep ROOT tsconfig-paths@3.15.0 OK for: eslint-plugin-import@2.32.0 want: ^3.15.0
1212 silly fetch manifest call-bind@^1.0.8
1213 silly packumentCache full:https://registry.npmjs.org/call-bind cache-miss
1214 silly fetch manifest call-bound@^1.0.4
1215 silly packumentCache full:https://registry.npmjs.org/call-bound cache-miss
1216 silly fetch manifest define-properties@^1.2.1
1217 silly packumentCache full:https://registry.npmjs.org/define-properties cache-miss
1218 silly fetch manifest es-abstract@^1.24.0
1219 silly packumentCache full:https://registry.npmjs.org/es-abstract cache-miss
1220 silly fetch manifest es-object-atoms@^1.1.1
1221 silly packumentCache full:https://registry.npmjs.org/es-object-atoms cache-miss
1222 silly fetch manifest get-intrinsic@^1.3.0
1223 silly packumentCache full:https://registry.npmjs.org/get-intrinsic cache-miss
1224 silly fetch manifest is-string@^1.1.1
1225 silly packumentCache full:https://registry.npmjs.org/is-string cache-miss
1226 silly fetch manifest math-intrinsics@^1.1.0
1227 silly packumentCache full:https://registry.npmjs.org/math-intrinsics cache-miss
1228 silly fetch manifest call-bind@^1.0.8
1229 silly packumentCache full:https://registry.npmjs.org/call-bind cache-miss
1230 http fetch GET 200 https://registry.npmjs.org/is-string 39ms (cache miss)
1231 silly packumentCache full:https://registry.npmjs.org/is-string set size:undefined disposed:false
1232 silly fetch manifest call-bound@^1.0.4
1233 silly packumentCache full:https://registry.npmjs.org/call-bound cache-miss
1234 http fetch GET 200 https://registry.npmjs.org/define-properties 42ms (cache miss)
1235 silly packumentCache full:https://registry.npmjs.org/define-properties set size:undefined disposed:false
1236 silly fetch manifest es-abstract@^1.23.9
1237 silly packumentCache full:https://registry.npmjs.org/es-abstract cache-miss
1238 http fetch GET 200 https://registry.npmjs.org/call-bind 43ms (cache miss)
1239 silly packumentCache full:https://registry.npmjs.org/call-bind set size:undefined disposed:false
1240 silly fetch manifest es-object-atoms@^1.1.1
1241 silly packumentCache full:https://registry.npmjs.org/es-object-atoms cache-miss
1242 http fetch GET 200 https://registry.npmjs.org/call-bound 45ms (cache miss)
1243 silly packumentCache full:https://registry.npmjs.org/call-bound set size:undefined disposed:false
1244 silly fetch manifest es-shim-unscopables@^1.1.0
1245 silly packumentCache full:https://registry.npmjs.org/es-shim-unscopables cache-miss
1246 http cache https://registry.npmjs.org/call-bound 8ms (cache hit)
1247 silly packumentCache full:https://registry.npmjs.org/call-bound set size:15317 disposed:false
1248 silly fetch manifest es-abstract@^1.23.5
1249 silly packumentCache full:https://registry.npmjs.org/es-abstract cache-miss
1250 http fetch GET 200 https://registry.npmjs.org/math-intrinsics 49ms (cache miss)
1251 silly packumentCache full:https://registry.npmjs.org/math-intrinsics set size:undefined disposed:false
1252 silly fetch manifest es-shim-unscopables@^1.0.2
1253 silly packumentCache full:https://registry.npmjs.org/es-shim-unscopables cache-miss
1254 http fetch GET 200 https://registry.npmjs.org/call-bind 50ms (cache miss)
1255 silly packumentCache full:https://registry.npmjs.org/call-bind set size:undefined disposed:false
1256 silly fetch manifest es-abstract@^1.23.5
1257 silly packumentCache full:https://registry.npmjs.org/es-abstract cache-miss
1258 http fetch GET 200 https://registry.npmjs.org/get-intrinsic 51ms (cache miss)
1259 silly packumentCache full:https://registry.npmjs.org/get-intrinsic set size:undefined disposed:false
1260 silly fetch manifest es-shim-unscopables@^1.0.2
1261 silly packumentCache full:https://registry.npmjs.org/es-shim-unscopables cache-miss
1262 http fetch GET 200 https://registry.npmjs.org/es-abstract 54ms (cache miss)
1263 silly packumentCache full:https://registry.npmjs.org/es-abstract set size:undefined disposed:false
1264 silly fetch manifest function-bind@^1.1.2
1265 silly packumentCache full:https://registry.npmjs.org/function-bind cache-miss
1266 http fetch GET 200 https://registry.npmjs.org/es-shim-unscopables 34ms (cache miss)
1267 silly packumentCache full:https://registry.npmjs.org/es-shim-unscopables set size:undefined disposed:false
1268 silly fetch manifest call-bind@^1.0.7
1269 silly packumentCache full:https://registry.npmjs.org/call-bind cache-miss
1270 http fetch GET 200 https://registry.npmjs.org/es-abstract 42ms (cache miss)
1271 silly packumentCache full:https://registry.npmjs.org/es-abstract set size:undefined disposed:false
1272 silly fetch manifest es-abstract@^1.23.2
1273 silly packumentCache full:https://registry.npmjs.org/es-abstract cache-miss
1274 http cache https://registry.npmjs.org/call-bind 5ms (cache hit)
1275 silly packumentCache full:https://registry.npmjs.org/call-bind set size:32985 disposed:false
1276 silly fetch manifest es-object-atoms@^1.0.0
1277 silly packumentCache full:https://registry.npmjs.org/es-object-atoms cache-miss
1278 http cache https://registry.npmjs.org/es-abstract 5ms (cache hit)
1279 silly packumentCache full:https://registry.npmjs.org/es-abstract set size:384124 disposed:false
1280 silly fetch manifest call-bound@^1.0.3
1281 silly packumentCache full:https://registry.npmjs.org/call-bound cache-hit
1282 silly fetch manifest es-object-atoms@^1.0.0
1283 silly packumentCache full:https://registry.npmjs.org/es-object-atoms cache-miss
1284 http fetch GET 200 https://registry.npmjs.org/es-shim-unscopables 49ms (cache miss)
1285 silly packumentCache full:https://registry.npmjs.org/es-shim-unscopables set size:undefined disposed:false
1286 silly fetch manifest call-bind@^1.0.9
1287 silly packumentCache full:https://registry.npmjs.org/call-bind cache-hit
1288 silly fetch manifest es-object-atoms@^1.1.2
1289 silly packumentCache full:https://registry.npmjs.org/es-object-atoms cache-miss
1290 http fetch GET 200 https://registry.npmjs.org/function-bind 40ms (cache miss)
1291 silly packumentCache full:https://registry.npmjs.org/function-bind set size:undefined disposed:false
1292 silly fetch manifest json5@^1.0.2
1293 silly packumentCache full:https://registry.npmjs.org/json5 cache-miss
1294 http fetch GET 200 https://registry.npmjs.org/es-abstract 47ms (cache miss)
1295 silly packumentCache full:https://registry.npmjs.org/es-abstract set size:undefined disposed:false
1296 silly packumentCache full:https://registry.npmjs.org/es-abstract dispose
1297 silly fetch manifest minimist@^1.2.6
1298 silly packumentCache full:https://registry.npmjs.org/minimist cache-miss
1299 http fetch GET 200 https://registry.npmjs.org/es-shim-unscopables 46ms (cache miss)
1300 silly packumentCache full:https://registry.npmjs.org/es-shim-unscopables set size:undefined disposed:false
1301 silly fetch manifest strip-bom@^3.0.0
1302 silly packumentCache full:https://registry.npmjs.org/strip-bom cache-miss
1303 http fetch GET 200 https://registry.npmjs.org/es-abstract 50ms (cache miss)
1304 silly packumentCache full:https://registry.npmjs.org/es-abstract set size:undefined disposed:true
1305 silly fetch manifest @types/json5@^0.0.29
1306 silly packumentCache full:https://registry.npmjs.org/@types%2fjson5 cache-miss
1307 http fetch GET 200 https://registry.npmjs.org/es-object-atoms 76ms (cache miss)
1308 silly packumentCache full:https://registry.npmjs.org/es-object-atoms set size:undefined disposed:false
1309 http fetch GET 200 https://registry.npmjs.org/es-object-atoms 31ms (cache miss)
1310 silly packumentCache full:https://registry.npmjs.org/es-object-atoms set size:undefined disposed:false
1311 http fetch GET 200 https://registry.npmjs.org/es-object-atoms 120ms (cache miss)
1312 silly packumentCache full:https://registry.npmjs.org/es-object-atoms set size:undefined disposed:false
1313 http fetch GET 200 https://registry.npmjs.org/es-object-atoms 29ms (cache miss)
1314 silly packumentCache full:https://registry.npmjs.org/es-object-atoms set size:undefined disposed:false
1315 http fetch GET 200 https://registry.npmjs.org/es-object-atoms 36ms (cache miss)
1316 silly packumentCache full:https://registry.npmjs.org/es-object-atoms set size:undefined disposed:false
1317 http fetch GET 200 https://registry.npmjs.org/minimist 33ms (cache miss)
1318 silly packumentCache full:https://registry.npmjs.org/minimist set size:undefined disposed:false
1319 http fetch GET 200 https://registry.npmjs.org/json5 42ms (cache miss)
1320 silly packumentCache full:https://registry.npmjs.org/json5 set size:undefined disposed:false
1321 http fetch GET 200 https://registry.npmjs.org/strip-bom 49ms (cache miss)
1322 silly packumentCache full:https://registry.npmjs.org/strip-bom set size:undefined disposed:false
1323 http fetch GET 200 https://registry.npmjs.org/@types%2fjson5 128ms (cache miss)
1324 silly packumentCache full:https://registry.npmjs.org/@types%2fjson5 set size:undefined disposed:false
1325 silly placeDep ROOT call-bind@1.0.9 OK for: array-includes@3.1.9 want: ^1.0.8
1326 silly placeDep ROOT call-bound@1.0.4 OK for: array-includes@3.1.9 want: ^1.0.4
1327 silly placeDep ROOT define-properties@1.2.1 OK for: array-includes@3.1.9 want: ^1.2.1
1328 silly placeDep ROOT es-abstract@1.24.2 OK for: array-includes@3.1.9 want: ^1.24.0
1329 silly placeDep ROOT es-object-atoms@1.1.2 OK for: array-includes@3.1.9 want: ^1.1.1
1330 silly placeDep ROOT get-intrinsic@1.3.0 OK for: array-includes@3.1.9 want: ^1.3.0
1331 silly placeDep ROOT is-string@1.1.1 OK for: array-includes@3.1.9 want: ^1.1.1
1332 silly placeDep ROOT math-intrinsics@1.1.0 OK for: array-includes@3.1.9 want: ^1.1.0
1333 silly fetch manifest call-bind-apply-helpers@^1.0.2
1334 silly packumentCache full:https://registry.npmjs.org/call-bind-apply-helpers cache-miss
1335 silly fetch manifest es-define-property@^1.0.1
1336 silly packumentCache full:https://registry.npmjs.org/es-define-property cache-miss
1337 silly fetch manifest set-function-length@^1.2.2
1338 silly packumentCache full:https://registry.npmjs.org/set-function-length cache-miss
1339 silly fetch manifest call-bind-apply-helpers@^1.0.2
1340 silly packumentCache full:https://registry.npmjs.org/call-bind-apply-helpers cache-miss
1341 silly fetch manifest define-data-property@^1.0.1
1342 silly packumentCache full:https://registry.npmjs.org/define-data-property cache-miss
1343 silly fetch manifest has-property-descriptors@^1.0.0
1344 silly packumentCache full:https://registry.npmjs.org/has-property-descriptors cache-miss
1345 silly fetch manifest array-buffer-byte-length@^1.0.2
1346 silly packumentCache full:https://registry.npmjs.org/array-buffer-byte-length cache-miss
1347 silly fetch manifest arraybuffer.prototype.slice@^1.0.4
1348 silly packumentCache full:https://registry.npmjs.org/arraybuffer.prototype.slice cache-miss
1349 silly fetch manifest available-typed-arrays@^1.0.7
1350 silly packumentCache full:https://registry.npmjs.org/available-typed-arrays cache-miss
1351 http fetch GET 200 https://registry.npmjs.org/has-property-descriptors 28ms (cache miss)
1352 silly packumentCache full:https://registry.npmjs.org/has-property-descriptors set size:undefined disposed:false
1353 silly fetch manifest data-view-buffer@^1.0.2
1354 silly packumentCache full:https://registry.npmjs.org/data-view-buffer cache-miss
1355 http fetch GET 200 https://registry.npmjs.org/call-bind-apply-helpers 29ms (cache miss)
1356 silly packumentCache full:https://registry.npmjs.org/call-bind-apply-helpers set size:undefined disposed:false
1357 silly fetch manifest data-view-byte-length@^1.0.2
1358 silly packumentCache full:https://registry.npmjs.org/data-view-byte-length cache-miss
1359 http fetch GET 200 https://registry.npmjs.org/define-data-property 38ms (cache miss)
1360 silly packumentCache full:https://registry.npmjs.org/define-data-property set size:undefined disposed:false
1361 silly fetch manifest data-view-byte-offset@^1.0.1
1362 silly packumentCache full:https://registry.npmjs.org/data-view-byte-offset cache-miss
1363 http fetch GET 200 https://registry.npmjs.org/available-typed-arrays 38ms (cache miss)
1364 silly packumentCache full:https://registry.npmjs.org/available-typed-arrays set size:undefined disposed:false
1365 silly fetch manifest es-define-property@^1.0.1
1366 silly packumentCache full:https://registry.npmjs.org/es-define-property cache-miss
1367 http fetch GET 200 https://registry.npmjs.org/es-define-property 39ms (cache miss)
1368 silly packumentCache full:https://registry.npmjs.org/es-define-property set size:undefined disposed:false
1369 silly fetch manifest es-set-tostringtag@^2.1.0
1370 silly packumentCache full:https://registry.npmjs.org/es-set-tostringtag cache-miss
1371 http cache https://registry.npmjs.org/es-define-property 3ms (cache hit)
1372 silly packumentCache full:https://registry.npmjs.org/es-define-property set size:8542 disposed:false
1373 silly fetch manifest es-to-primitive@^1.3.0
1374 silly packumentCache full:https://registry.npmjs.org/es-to-primitive cache-miss
1375 http fetch GET 200 https://registry.npmjs.org/set-function-length 44ms (cache miss)
1376 silly packumentCache full:https://registry.npmjs.org/set-function-length set size:undefined disposed:false
1377 silly fetch manifest function.prototype.name@^1.1.8
1378 silly packumentCache full:https://registry.npmjs.org/function.prototype.name cache-miss
1379 http fetch GET 200 https://registry.npmjs.org/call-bind-apply-helpers 45ms (cache miss)
1380 silly packumentCache full:https://registry.npmjs.org/call-bind-apply-helpers set size:undefined disposed:false
1381 silly fetch manifest get-proto@^1.0.1
1382 silly packumentCache full:https://registry.npmjs.org/get-proto cache-miss
1383 http fetch GET 200 https://registry.npmjs.org/data-view-byte-length 49ms (cache miss)
1384 silly packumentCache full:https://registry.npmjs.org/data-view-byte-length set size:undefined disposed:false
1385 silly fetch manifest get-symbol-description@^1.1.0
1386 silly packumentCache full:https://registry.npmjs.org/get-symbol-description cache-miss
1387 http fetch GET 200 https://registry.npmjs.org/es-set-tostringtag 39ms (cache miss)
1388 silly packumentCache full:https://registry.npmjs.org/es-set-tostringtag set size:undefined disposed:false
1389 silly fetch manifest globalthis@^1.0.4
1390 silly packumentCache full:https://registry.npmjs.org/globalthis cache-miss
1391 http fetch GET 200 https://registry.npmjs.org/function.prototype.name 36ms (cache miss)
1392 silly packumentCache full:https://registry.npmjs.org/function.prototype.name set size:undefined disposed:false
1393 silly fetch manifest gopd@^1.2.0
1394 silly packumentCache full:https://registry.npmjs.org/gopd cache-miss
1395 http fetch GET 200 https://registry.npmjs.org/es-to-primitive 44ms (cache miss)
1396 silly packumentCache full:https://registry.npmjs.org/es-to-primitive set size:undefined disposed:false
1397 silly fetch manifest has-property-descriptors@^1.0.2
1398 silly packumentCache full:https://registry.npmjs.org/has-property-descriptors cache-miss
1399 http fetch GET 200 https://registry.npmjs.org/data-view-byte-offset 48ms (cache miss)
1400 silly packumentCache full:https://registry.npmjs.org/data-view-byte-offset set size:undefined disposed:false
1401 silly fetch manifest has-proto@^1.2.0
1402 silly packumentCache full:https://registry.npmjs.org/has-proto cache-miss
1403 http cache https://registry.npmjs.org/has-property-descriptors 2ms (cache hit)
1404 silly packumentCache full:https://registry.npmjs.org/has-property-descriptors set size:12452 disposed:false
1405 silly fetch manifest has-symbols@^1.1.0
1406 silly packumentCache full:https://registry.npmjs.org/has-symbols cache-miss
1407 http fetch GET 200 https://registry.npmjs.org/get-proto 47ms (cache miss)
1408 silly packumentCache full:https://registry.npmjs.org/get-proto set size:undefined disposed:false
1409 silly fetch manifest internal-slot@^1.1.0
1410 silly packumentCache full:https://registry.npmjs.org/internal-slot cache-miss
1411 http fetch GET 200 https://registry.npmjs.org/globalthis 38ms (cache miss)
1412 silly packumentCache full:https://registry.npmjs.org/globalthis set size:undefined disposed:false
1413 silly fetch manifest is-array-buffer@^3.0.5
1414 silly packumentCache full:https://registry.npmjs.org/is-array-buffer cache-miss
1415 http fetch GET 200 https://registry.npmjs.org/gopd 38ms (cache miss)
1416 silly packumentCache full:https://registry.npmjs.org/gopd set size:undefined disposed:false
1417 silly fetch manifest is-callable@^1.2.7
1418 silly packumentCache full:https://registry.npmjs.org/is-callable cache-miss
1419 http fetch GET 200 https://registry.npmjs.org/get-symbol-description 48ms (cache miss)
1420 silly packumentCache full:https://registry.npmjs.org/get-symbol-description set size:undefined disposed:false
1421 silly fetch manifest is-data-view@^1.0.2
1422 silly packumentCache full:https://registry.npmjs.org/is-data-view cache-miss
1423 http fetch GET 200 https://registry.npmjs.org/has-symbols 40ms (cache miss)
1424 silly packumentCache full:https://registry.npmjs.org/has-symbols set size:undefined disposed:false
1425 silly fetch manifest is-negative-zero@^2.0.3
1426 silly packumentCache full:https://registry.npmjs.org/is-negative-zero cache-miss
1427 http fetch GET 200 https://registry.npmjs.org/has-proto 49ms (cache miss)
1428 silly packumentCache full:https://registry.npmjs.org/has-proto set size:undefined disposed:false
1429 silly fetch manifest is-regex@^1.2.1
1430 silly packumentCache full:https://registry.npmjs.org/is-regex cache-miss
1431 http fetch GET 200 https://registry.npmjs.org/arraybuffer.prototype.slice 142ms (cache miss)
1432 silly packumentCache full:https://registry.npmjs.org/arraybuffer.prototype.slice set size:undefined disposed:false
1433 silly fetch manifest is-set@^2.0.3
1434 silly packumentCache full:https://registry.npmjs.org/is-set cache-miss
1435 http fetch GET 200 https://registry.npmjs.org/data-view-buffer 116ms (cache miss)
1436 silly packumentCache full:https://registry.npmjs.org/data-view-buffer set size:undefined disposed:false
1437 silly fetch manifest is-shared-array-buffer@^1.0.4
1438 silly packumentCache full:https://registry.npmjs.org/is-shared-array-buffer cache-miss
1439 http fetch GET 200 https://registry.npmjs.org/is-array-buffer 38ms (cache miss)
1440 silly packumentCache full:https://registry.npmjs.org/is-array-buffer set size:undefined disposed:false
1441 silly fetch manifest is-typed-array@^1.1.15
1442 silly packumentCache full:https://registry.npmjs.org/is-typed-array cache-miss
1443 http fetch GET 200 https://registry.npmjs.org/internal-slot 71ms (cache miss)
1444 silly packumentCache full:https://registry.npmjs.org/internal-slot set size:undefined disposed:false
1445 silly fetch manifest is-weakref@^1.1.1
1446 silly packumentCache full:https://registry.npmjs.org/is-weakref cache-miss
1447 http fetch GET 200 https://registry.npmjs.org/is-negative-zero 36ms (cache miss)
1448 silly packumentCache full:https://registry.npmjs.org/is-negative-zero set size:undefined disposed:false
1449 silly fetch manifest object-inspect@^1.13.4
1450 silly packumentCache full:https://registry.npmjs.org/object-inspect cache-miss
1451 http fetch GET 200 https://registry.npmjs.org/is-shared-array-buffer 31ms (cache miss)
1452 silly packumentCache full:https://registry.npmjs.org/is-shared-array-buffer set size:undefined disposed:false
1453 silly fetch manifest object.assign@^4.1.7
1454 silly packumentCache full:https://registry.npmjs.org/object.assign cache-miss
1455 http fetch GET 200 https://registry.npmjs.org/array-buffer-byte-length 183ms (cache miss)
1456 silly packumentCache full:https://registry.npmjs.org/array-buffer-byte-length set size:undefined disposed:false
1457 silly fetch manifest own-keys@^1.0.1
1458 silly packumentCache full:https://registry.npmjs.org/own-keys cache-miss
1459 http fetch GET 200 https://registry.npmjs.org/is-data-view 64ms (cache miss)
1460 silly packumentCache full:https://registry.npmjs.org/is-data-view set size:undefined disposed:false
1461 silly fetch manifest regexp.prototype.flags@^1.5.4
1462 silly packumentCache full:https://registry.npmjs.org/regexp.prototype.flags cache-miss
1463 http fetch GET 200 https://registry.npmjs.org/is-set 50ms (cache miss)
1464 silly packumentCache full:https://registry.npmjs.org/is-set set size:undefined disposed:false
1465 silly fetch manifest safe-array-concat@^1.1.3
1466 silly packumentCache full:https://registry.npmjs.org/safe-array-concat cache-miss
1467 http fetch GET 200 https://registry.npmjs.org/is-typed-array 50ms (cache miss)
1468 silly packumentCache full:https://registry.npmjs.org/is-typed-array set size:undefined disposed:false
1469 silly fetch manifest safe-push-apply@^1.0.0
1470 silly packumentCache full:https://registry.npmjs.org/safe-push-apply cache-miss
1471 http fetch GET 200 https://registry.npmjs.org/object-inspect 43ms (cache miss)
1472 silly packumentCache full:https://registry.npmjs.org/object-inspect set size:undefined disposed:false
1473 silly fetch manifest safe-regex-test@^1.1.0
1474 silly packumentCache full:https://registry.npmjs.org/safe-regex-test cache-miss
1475 http cache https://registry.npmjs.org/safe-regex-test 2ms (cache hit)
1476 silly packumentCache full:https://registry.npmjs.org/safe-regex-test set size:17412 disposed:false
1477 silly fetch manifest set-proto@^1.0.0
1478 silly packumentCache full:https://registry.npmjs.org/set-proto cache-miss
1479 http fetch GET 200 https://registry.npmjs.org/is-weakref 48ms (cache miss)
1480 silly packumentCache full:https://registry.npmjs.org/is-weakref set size:undefined disposed:false
1481 silly fetch manifest stop-iteration-iterator@^1.1.0
1482 silly packumentCache full:https://registry.npmjs.org/stop-iteration-iterator cache-miss
1483 http fetch GET 200 https://registry.npmjs.org/own-keys 37ms (cache miss)
1484 silly packumentCache full:https://registry.npmjs.org/own-keys set size:undefined disposed:false
1485 silly fetch manifest string.prototype.trim@^1.2.10
1486 silly packumentCache full:https://registry.npmjs.org/string.prototype.trim cache-miss
1487 http fetch GET 200 https://registry.npmjs.org/safe-array-concat 39ms (cache miss)
1488 silly packumentCache full:https://registry.npmjs.org/safe-array-concat set size:undefined disposed:false
1489 silly fetch manifest string.prototype.trimstart@^1.0.8
1490 silly packumentCache full:https://registry.npmjs.org/string.prototype.trimstart cache-miss
1491 http fetch GET 200 https://registry.npmjs.org/stop-iteration-iterator 33ms (cache miss)
1492 silly packumentCache full:https://registry.npmjs.org/stop-iteration-iterator set size:undefined disposed:false
1493 silly fetch manifest typed-array-buffer@^1.0.3
1494 silly packumentCache full:https://registry.npmjs.org/typed-array-buffer cache-miss
1495 http fetch GET 200 https://registry.npmjs.org/set-proto 35ms (cache miss)
1496 silly packumentCache full:https://registry.npmjs.org/set-proto set size:undefined disposed:false
1497 silly fetch manifest typed-array-byte-length@^1.0.3
1498 silly packumentCache full:https://registry.npmjs.org/typed-array-byte-length cache-miss
1499 http fetch GET 200 https://registry.npmjs.org/is-callable 133ms (cache miss)
1500 silly packumentCache full:https://registry.npmjs.org/is-callable set size:undefined disposed:false
1501 silly fetch manifest typed-array-byte-offset@^1.0.4
1502 silly packumentCache full:https://registry.npmjs.org/typed-array-byte-offset cache-miss
1503 http fetch GET 200 https://registry.npmjs.org/safe-push-apply 52ms (cache miss)
1504 silly packumentCache full:https://registry.npmjs.org/safe-push-apply set size:undefined disposed:false
1505 silly fetch manifest typed-array-length@^1.0.7
1506 silly packumentCache full:https://registry.npmjs.org/typed-array-length cache-miss
1507 http fetch GET 200 https://registry.npmjs.org/is-regex 139ms (cache miss)
1508 silly packumentCache full:https://registry.npmjs.org/is-regex set size:undefined disposed:false
1509 silly fetch manifest unbox-primitive@^1.1.0
1510 silly packumentCache full:https://registry.npmjs.org/unbox-primitive cache-miss
1511 http fetch GET 200 https://registry.npmjs.org/string.prototype.trimstart 45ms (cache miss)
1512 silly packumentCache full:https://registry.npmjs.org/string.prototype.trimstart set size:undefined disposed:false
1513 silly fetch manifest which-typed-array@^1.1.19
1514 silly packumentCache full:https://registry.npmjs.org/which-typed-array cache-miss
1515 http fetch GET 200 https://registry.npmjs.org/typed-array-buffer 33ms (cache miss)
1516 silly packumentCache full:https://registry.npmjs.org/typed-array-buffer set size:undefined disposed:false
1517 silly fetch manifest has-tostringtag@^1.0.2
1518 silly packumentCache full:https://registry.npmjs.org/has-tostringtag cache-miss
1519 http fetch GET 200 https://registry.npmjs.org/typed-array-byte-offset 41ms (cache miss)
1520 silly packumentCache full:https://registry.npmjs.org/typed-array-byte-offset set size:undefined disposed:false
1521 http fetch GET 200 https://registry.npmjs.org/object.assign 119ms (cache miss)
1522 silly packumentCache full:https://registry.npmjs.org/object.assign set size:undefined disposed:false
1523 http fetch GET 200 https://registry.npmjs.org/typed-array-length 34ms (cache miss)
1524 silly packumentCache full:https://registry.npmjs.org/typed-array-length set size:undefined disposed:false
1525 http fetch GET 200 https://registry.npmjs.org/unbox-primitive 32ms (cache miss)
1526 silly packumentCache full:https://registry.npmjs.org/unbox-primitive set size:undefined disposed:false
1527 http fetch GET 200 https://registry.npmjs.org/which-typed-array 45ms (cache miss)
1528 silly packumentCache full:https://registry.npmjs.org/which-typed-array set size:undefined disposed:false
1529 http fetch GET 200 https://registry.npmjs.org/has-tostringtag 42ms (cache miss)
1530 silly packumentCache full:https://registry.npmjs.org/has-tostringtag set size:undefined disposed:false
1531 http fetch GET 200 https://registry.npmjs.org/regexp.prototype.flags 132ms (cache miss)
1532 silly packumentCache full:https://registry.npmjs.org/regexp.prototype.flags set size:undefined disposed:false
1533 http fetch GET 200 https://registry.npmjs.org/string.prototype.trim 139ms (cache miss)
1534 silly packumentCache full:https://registry.npmjs.org/string.prototype.trim set size:undefined disposed:false
1535 http fetch GET 200 https://registry.npmjs.org/typed-array-byte-length 119ms (cache miss)
1536 silly packumentCache full:https://registry.npmjs.org/typed-array-byte-length set size:undefined disposed:false
1537 silly placeDep ROOT es-errors@1.3.0 OK for: array.prototype.findlastindex@1.2.6 want: ^1.3.0
1538 silly placeDep ROOT es-shim-unscopables@1.1.0 OK for: array.prototype.findlastindex@1.2.6 want: ^1.1.0
1539 silly placeDep ROOT call-bind-apply-helpers@1.0.2 OK for: call-bind@1.0.9 want: ^1.0.2
1540 silly placeDep ROOT es-define-property@1.0.1 OK for: call-bind@1.0.9 want: ^1.0.1
1541 silly placeDep ROOT set-function-length@1.2.2 OK for: call-bind@1.0.9 want: ^1.2.2
1542 silly fetch manifest define-data-property@^1.1.4
1543 silly packumentCache full:https://registry.npmjs.org/define-data-property cache-miss
1544 silly fetch manifest gopd@^1.0.1
1545 silly packumentCache full:https://registry.npmjs.org/gopd cache-miss
1546 http cache https://registry.npmjs.org/define-data-property 1ms (cache hit)
1547 silly packumentCache full:https://registry.npmjs.org/define-data-property set size:28048 disposed:false
1548 http cache https://registry.npmjs.org/gopd 2ms (cache hit)
1549 silly packumentCache full:https://registry.npmjs.org/gopd set size:11483 disposed:false
1550 silly placeDep ROOT function-bind@1.1.2 OK for: call-bind-apply-helpers@1.0.2 want: ^1.1.2
1551 silly placeDep ROOT define-data-property@1.1.4 OK for: define-properties@1.2.1 want: ^1.0.1
1552 silly placeDep ROOT has-property-descriptors@1.0.2 OK for: define-properties@1.2.1 want: ^1.0.0
1553 silly placeDep ROOT object-keys@1.1.1 OK for: define-properties@1.2.1 want: ^1.1.1
1554 silly placeDep ROOT gopd@1.2.0 OK for: define-data-property@1.1.4 want: ^1.0.1
1555 silly placeDep ROOT array-buffer-byte-length@1.0.2 OK for: es-abstract@1.24.2 want: ^1.0.2
1556 silly placeDep ROOT arraybuffer.prototype.slice@1.0.4 OK for: es-abstract@1.24.2 want: ^1.0.4
1557 silly placeDep ROOT available-typed-arrays@1.0.7 OK for: es-abstract@1.24.2 want: ^1.0.7
1558 silly placeDep ROOT data-view-buffer@1.0.2 OK for: es-abstract@1.24.2 want: ^1.0.2
1559 silly placeDep ROOT data-view-byte-length@1.0.2 OK for: es-abstract@1.24.2 want: ^1.0.2
1560 silly placeDep ROOT data-view-byte-offset@1.0.1 OK for: es-abstract@1.24.2 want: ^1.0.1
1561 silly placeDep ROOT es-set-tostringtag@2.1.0 OK for: es-abstract@1.24.2 want: ^2.1.0
1562 silly placeDep ROOT es-to-primitive@1.3.4 OK for: es-abstract@1.24.2 want: ^1.3.0
1563 silly placeDep ROOT function.prototype.name@1.2.0 OK for: es-abstract@1.24.2 want: ^1.1.8
1564 silly placeDep ROOT get-proto@1.0.1 OK for: es-abstract@1.24.2 want: ^1.0.1
1565 silly placeDep ROOT get-symbol-description@1.1.0 OK for: es-abstract@1.24.2 want: ^1.1.0
1566 silly placeDep ROOT globalthis@1.0.4 OK for: es-abstract@1.24.2 want: ^1.0.4
1567 silly placeDep ROOT has-proto@1.2.0 OK for: es-abstract@1.24.2 want: ^1.2.0
1568 silly placeDep ROOT has-symbols@1.1.0 OK for: es-abstract@1.24.2 want: ^1.1.0
1569 silly placeDep ROOT internal-slot@1.1.0 OK for: es-abstract@1.24.2 want: ^1.1.0
1570 silly placeDep ROOT is-array-buffer@3.0.5 OK for: es-abstract@1.24.2 want: ^3.0.5
1571 silly placeDep ROOT is-callable@1.2.7 OK for: es-abstract@1.24.2 want: ^1.2.7
1572 silly placeDep ROOT is-data-view@1.0.2 OK for: es-abstract@1.24.2 want: ^1.0.2
1573 silly placeDep ROOT is-negative-zero@2.0.3 OK for: es-abstract@1.24.2 want: ^2.0.3
1574 silly placeDep ROOT is-regex@1.2.1 OK for: es-abstract@1.24.2 want: ^1.2.1
1575 silly placeDep ROOT is-set@2.0.3 OK for: es-abstract@1.24.2 want: ^2.0.3
1576 silly placeDep ROOT is-shared-array-buffer@1.0.4 OK for: es-abstract@1.24.2 want: ^1.0.4
1577 silly placeDep ROOT is-typed-array@1.1.15 OK for: es-abstract@1.24.2 want: ^1.1.15
1578 silly placeDep ROOT is-weakref@1.1.1 OK for: es-abstract@1.24.2 want: ^1.1.1
1579 silly placeDep ROOT object-inspect@1.13.4 OK for: es-abstract@1.24.2 want: ^1.13.4
1580 silly placeDep ROOT object.assign@4.1.7 OK for: es-abstract@1.24.2 want: ^4.1.7
1581 silly placeDep ROOT own-keys@1.0.2 OK for: es-abstract@1.24.2 want: ^1.0.1
1582 silly placeDep ROOT regexp.prototype.flags@1.5.4 OK for: es-abstract@1.24.2 want: ^1.5.4
1583 silly placeDep ROOT safe-array-concat@1.1.4 OK for: es-abstract@1.24.2 want: ^1.1.3
1584 silly placeDep ROOT safe-push-apply@1.0.0 OK for: es-abstract@1.24.2 want: ^1.0.0
1585 silly placeDep ROOT safe-regex-test@1.1.0 OK for: es-abstract@1.24.2 want: ^1.1.0
1586 silly placeDep ROOT set-proto@1.0.0 OK for: es-abstract@1.24.2 want: ^1.0.0
1587 silly placeDep ROOT stop-iteration-iterator@1.1.0 OK for: es-abstract@1.24.2 want: ^1.1.0
1588 silly placeDep ROOT string.prototype.trim@1.2.11 OK for: es-abstract@1.24.2 want: ^1.2.10
1589 silly placeDep ROOT string.prototype.trimstart@1.0.8 OK for: es-abstract@1.24.2 want: ^1.0.8
1590 silly placeDep ROOT typed-array-buffer@1.0.3 OK for: es-abstract@1.24.2 want: ^1.0.3
1591 silly placeDep ROOT typed-array-byte-length@1.0.3 OK for: es-abstract@1.24.2 want: ^1.0.3
1592 silly placeDep ROOT typed-array-byte-offset@1.0.4 OK for: es-abstract@1.24.2 want: ^1.0.4
1593 silly placeDep ROOT typed-array-length@1.0.8 OK for: es-abstract@1.24.2 want: ^1.0.7
1594 silly placeDep ROOT unbox-primitive@1.1.0 OK for: es-abstract@1.24.2 want: ^1.1.0
1595 silly placeDep ROOT which-typed-array@1.1.22 OK for: es-abstract@1.24.2 want: ^1.1.19
1596 silly fetch manifest is-array-buffer@^3.0.4
1597 silly packumentCache full:https://registry.npmjs.org/is-array-buffer cache-miss
1598 silly fetch manifest possible-typed-array-names@^1.0.0
1599 silly packumentCache full:https://registry.npmjs.org/possible-typed-array-names cache-miss
1600 silly fetch manifest is-data-view@^1.0.1
1601 silly packumentCache full:https://registry.npmjs.org/is-data-view cache-miss
1602 silly fetch manifest is-symbol@^1.1.1
1603 silly packumentCache full:https://registry.npmjs.org/is-symbol cache-miss
1604 silly fetch manifest is-date-object@^1.1.0
1605 silly packumentCache full:https://registry.npmjs.org/is-date-object cache-miss
1606 silly fetch manifest es-abstract-get@^1.0.0
1607 silly packumentCache full:https://registry.npmjs.org/es-abstract-get cache-miss
1608 silly fetch manifest is-document.all@^1.0.0
1609 silly packumentCache full:https://registry.npmjs.org/is-document.all cache-miss
1610 silly fetch manifest functions-have-names@^1.2.3
1611 silly packumentCache full:https://registry.npmjs.org/functions-have-names cache-miss
1612 silly fetch manifest dunder-proto@^1.0.1
1613 silly packumentCache full:https://registry.npmjs.org/dunder-proto cache-miss
1614 http cache https://registry.npmjs.org/is-array-buffer 4ms (cache hit)
1615 silly packumentCache full:https://registry.npmjs.org/is-array-buffer set size:33562 disposed:false
1616 silly fetch manifest dunder-proto@^1.0.0
1617 silly packumentCache full:https://registry.npmjs.org/dunder-proto cache-miss
1618 http cache https://registry.npmjs.org/is-data-view 4ms (cache hit)
1619 silly packumentCache full:https://registry.npmjs.org/is-data-view set size:13756 disposed:false
1620 silly fetch manifest side-channel@^1.1.0
1621 silly packumentCache full:https://registry.npmjs.org/side-channel cache-miss
1622 http fetch GET 200 https://registry.npmjs.org/dunder-proto 36ms (cache miss)
1623 silly packumentCache full:https://registry.npmjs.org/dunder-proto set size:undefined disposed:false
1624 silly fetch manifest is-typed-array@^1.1.13
1625 silly packumentCache full:https://registry.npmjs.org/is-typed-array cache-miss
1626 http fetch GET 200 https://registry.npmjs.org/is-document.all 37ms (cache miss)
1627 silly packumentCache full:https://registry.npmjs.org/is-document.all set size:undefined disposed:false
1628 silly fetch manifest which-typed-array@^1.1.16
1629 silly packumentCache full:https://registry.npmjs.org/which-typed-array cache-miss
1630 http fetch GET 200 https://registry.npmjs.org/side-channel 34ms (cache miss)
1631 silly packumentCache full:https://registry.npmjs.org/side-channel set size:undefined disposed:false
1632 silly fetch manifest set-function-name@^2.0.2
1633 silly packumentCache full:https://registry.npmjs.org/set-function-name cache-miss
1634 http fetch GET 200 https://registry.npmjs.org/is-symbol 40ms (cache miss)
1635 silly packumentCache full:https://registry.npmjs.org/is-symbol set size:undefined disposed:false
1636 silly fetch manifest isarray@^2.0.5
1637 silly packumentCache full:https://registry.npmjs.org/isarray cache-miss
1638 http cache https://registry.npmjs.org/is-typed-array 3ms (cache hit)
1639 silly packumentCache full:https://registry.npmjs.org/is-typed-array set size:79965 disposed:false
1640 silly fetch manifest isarray@^2.0.5
1641 silly packumentCache full:https://registry.npmjs.org/isarray cache-miss
1642 http cache https://registry.npmjs.org/which-typed-array 4ms (cache hit)
1643 silly packumentCache full:https://registry.npmjs.org/which-typed-array set size:101551 disposed:false
1644 silly fetch manifest for-each@^0.3.3
1645 silly packumentCache full:https://registry.npmjs.org/for-each cache-miss
1646 http fetch GET 200 https://registry.npmjs.org/possible-typed-array-names 45ms (cache miss)
1647 silly packumentCache full:https://registry.npmjs.org/possible-typed-array-names set size:undefined disposed:false
1648 silly fetch manifest for-each@^0.3.3
1649 silly packumentCache full:https://registry.npmjs.org/for-each cache-miss
1650 http fetch GET 200 https://registry.npmjs.org/dunder-proto 42ms (cache miss)
1651 silly packumentCache full:https://registry.npmjs.org/dunder-proto set size:undefined disposed:false
1652 silly fetch manifest reflect.getprototypeof@^1.0.9
1653 silly packumentCache full:https://registry.npmjs.org/reflect.getprototypeof cache-miss
1654 http fetch GET 200 https://registry.npmjs.org/es-abstract-get 46ms (cache miss)
1655 silly packumentCache full:https://registry.npmjs.org/es-abstract-get set size:undefined disposed:false
1656 silly fetch manifest for-each@^0.3.5
1657 silly packumentCache full:https://registry.npmjs.org/for-each cache-miss
1658 http fetch GET 200 https://registry.npmjs.org/functions-have-names 60ms (cache miss)
1659 silly packumentCache full:https://registry.npmjs.org/functions-have-names set size:undefined disposed:false
1660 silly fetch manifest possible-typed-array-names@^1.1.0
1661 silly packumentCache full:https://registry.npmjs.org/possible-typed-array-names cache-miss
1662 http fetch GET 200 https://registry.npmjs.org/is-date-object 61ms (cache miss)
1663 silly packumentCache full:https://registry.npmjs.org/is-date-object set size:undefined disposed:false
1664 silly fetch manifest reflect.getprototypeof@^1.0.10
1665 silly packumentCache full:https://registry.npmjs.org/reflect.getprototypeof cache-miss
1666 http cache https://registry.npmjs.org/possible-typed-array-names 2ms (cache hit)
1667 silly packumentCache full:https://registry.npmjs.org/possible-typed-array-names set size:9167 disposed:false
1668 silly fetch manifest has-bigints@^1.0.2
1669 silly packumentCache full:https://registry.npmjs.org/has-bigints cache-miss
1670 http fetch GET 200 https://registry.npmjs.org/set-function-name 31ms (cache miss)
1671 silly packumentCache full:https://registry.npmjs.org/set-function-name set size:undefined disposed:false
1672 silly fetch manifest which-boxed-primitive@^1.1.1
1673 silly packumentCache full:https://registry.npmjs.org/which-boxed-primitive cache-miss
1674 http fetch GET 200 https://registry.npmjs.org/isarray 39ms (cache miss)
1675 silly packumentCache full:https://registry.npmjs.org/isarray set size:undefined disposed:false
1676 silly fetch manifest for-each@^0.3.5
1677 silly packumentCache full:https://registry.npmjs.org/for-each cache-miss
1678 http fetch GET 200 https://registry.npmjs.org/isarray 38ms (cache miss)
1679 silly packumentCache full:https://registry.npmjs.org/isarray set size:undefined disposed:false
1680 http fetch GET 200 https://registry.npmjs.org/for-each 34ms (cache miss)
1681 silly packumentCache full:https://registry.npmjs.org/for-each set size:undefined disposed:false
1682 http fetch GET 200 https://registry.npmjs.org/for-each 38ms (cache miss)
1683 silly packumentCache full:https://registry.npmjs.org/for-each set size:undefined disposed:false
1684 http fetch GET 200 https://registry.npmjs.org/for-each 41ms (cache miss)
1685 silly packumentCache full:https://registry.npmjs.org/for-each set size:undefined disposed:false
1686 http fetch GET 200 https://registry.npmjs.org/which-boxed-primitive 37ms (cache miss)
1687 silly packumentCache full:https://registry.npmjs.org/which-boxed-primitive set size:undefined disposed:false
1688 http fetch GET 200 https://registry.npmjs.org/for-each 32ms (cache miss)
1689 silly packumentCache full:https://registry.npmjs.org/for-each set size:undefined disposed:false
1690 http fetch GET 200 https://registry.npmjs.org/has-bigints 88ms (cache miss)
1691 silly packumentCache full:https://registry.npmjs.org/has-bigints set size:undefined disposed:false
1692 http fetch GET 200 https://registry.npmjs.org/reflect.getprototypeof 138ms (cache miss)
1693 silly packumentCache full:https://registry.npmjs.org/reflect.getprototypeof set size:undefined disposed:false
1694 http fetch GET 200 https://registry.npmjs.org/reflect.getprototypeof 133ms (cache miss)
1695 silly packumentCache full:https://registry.npmjs.org/reflect.getprototypeof set size:undefined disposed:false
1696 silly placeDep ROOT possible-typed-array-names@1.1.0 OK for: available-typed-arrays@1.0.7 want: ^1.0.0
1697 silly placeDep ROOT has-tostringtag@1.0.2 OK for: es-set-tostringtag@2.1.0 want: ^1.0.2
1698 silly placeDep ROOT es-abstract-get@1.0.0 OK for: es-to-primitive@1.3.4 want: ^1.0.0
1699 silly placeDep ROOT is-date-object@1.1.0 OK for: es-to-primitive@1.3.4 want: ^1.1.0
1700 silly placeDep ROOT is-symbol@1.1.1 OK for: es-to-primitive@1.3.4 want: ^1.1.1
1701 silly placeDep node_modules/eslint-module-utils debug@3.2.7 OK for: eslint-module-utils@2.14.0 want: ^3.2.7
1702 silly placeDep ROOT aria-query@5.3.2 OK for: eslint-plugin-jsx-a11y@6.10.2 want: ^5.3.2
1703 silly placeDep ROOT ast-types-flow@0.0.8 OK for: eslint-plugin-jsx-a11y@6.10.2 want: ^0.0.8
1704 silly placeDep ROOT axe-core@4.12.1 OK for: eslint-plugin-jsx-a11y@6.10.2 want: ^4.10.0
1705 silly placeDep ROOT axobject-query@4.1.0 OK for: eslint-plugin-jsx-a11y@6.10.2 want: ^4.1.0
1706 silly placeDep ROOT damerau-levenshtein@1.0.8 OK for: eslint-plugin-jsx-a11y@6.10.2 want: ^1.0.8
1707 silly placeDep ROOT emoji-regex@9.2.2 OK for: eslint-plugin-jsx-a11y@6.10.2 want: ^9.2.2
1708 silly placeDep ROOT jsx-ast-utils@3.3.5 OK for: eslint-plugin-jsx-a11y@6.10.2 want: ^3.3.5
1709 silly placeDep ROOT language-tags@1.0.9 OK for: eslint-plugin-jsx-a11y@6.10.2 want: ^1.0.9
1710 silly placeDep ROOT string.prototype.includes@2.0.1 OK for: eslint-plugin-jsx-a11y@6.10.2 want: ^2.0.1
1711 silly fetch manifest language-subtag-registry@^0.3.20
1712 silly packumentCache full:https://registry.npmjs.org/language-subtag-registry cache-miss
1713 http fetch GET 200 https://registry.npmjs.org/language-subtag-registry 37ms (cache miss)
1714 silly packumentCache full:https://registry.npmjs.org/language-subtag-registry set size:undefined disposed:false
1715 silly placeDep ROOT array.prototype.findlast@1.2.5 OK for: eslint-plugin-react@7.37.5 want: ^1.2.5
1716 silly placeDep ROOT array.prototype.tosorted@1.1.4 OK for: eslint-plugin-react@7.37.5 want: ^1.1.4
1717 silly placeDep ROOT es-iterator-helpers@1.4.0 OK for: eslint-plugin-react@7.37.5 want: ^1.2.1
1718 silly placeDep ROOT estraverse@5.3.0 OK for: eslint-plugin-react@7.37.5 want: ^5.3.0
1719 silly placeDep ROOT object.entries@1.1.9 OK for: eslint-plugin-react@7.37.5 want: ^1.1.9
1720 silly placeDep ROOT prop-types@15.8.1 OK for: eslint-plugin-react@7.37.5 want: ^15.8.1
1721 silly placeDep ROOT string.prototype.matchall@4.0.12 OK for: eslint-plugin-react@7.37.5 want: ^4.0.12
1722 silly placeDep ROOT string.prototype.repeat@1.0.0 OK for: eslint-plugin-react@7.37.5 want: ^1.0.0
1723 silly fetch manifest iterator.prototype@^1.1.5
1724 silly packumentCache full:https://registry.npmjs.org/iterator.prototype cache-miss
1725 silly fetch manifest loose-envify@^1.4.0
1726 silly packumentCache full:https://registry.npmjs.org/loose-envify cache-miss
1727 silly fetch manifest object-assign@^4.1.1
1728 silly packumentCache full:https://registry.npmjs.org/object-assign cache-miss
1729 silly fetch manifest react-is@^16.13.1
1730 silly packumentCache full:https://registry.npmjs.org/react-is cache-miss
1731 http fetch GET 200 https://registry.npmjs.org/iterator.prototype 41ms (cache miss)
1732 silly packumentCache full:https://registry.npmjs.org/iterator.prototype set size:undefined disposed:false
1733 http fetch GET 200 https://registry.npmjs.org/object-assign 41ms (cache miss)
1734 silly packumentCache full:https://registry.npmjs.org/object-assign set size:undefined disposed:false
1735 http fetch GET 200 https://registry.npmjs.org/loose-envify 48ms (cache miss)
1736 silly packumentCache full:https://registry.npmjs.org/loose-envify set size:undefined disposed:false
1737 http fetch GET 200 https://registry.npmjs.org/react-is 164ms (cache miss)
1738 silly packumentCache full:https://registry.npmjs.org/react-is set size:undefined disposed:false
1739 silly placeDep ROOT iterator.prototype@1.1.5 OK for: es-iterator-helpers@1.4.0 want: ^1.1.5
1740 silly placeDep ROOT @babel/core@7.29.7 OK for: eslint-plugin-react-hooks@7.1.1 want: ^7.24.4
1741 silly placeDep ROOT @babel/parser@7.29.8 OK for: eslint-plugin-react-hooks@7.1.1 want: ^7.24.4
1742 silly placeDep ROOT hermes-parser@0.25.1 OK for: eslint-plugin-react-hooks@7.1.1 want: ^0.25.1
1743 silly placeDep ROOT zod@4.4.3 OK for: eslint-plugin-react-hooks@7.1.1 want: ^3.25.0 || ^4.0.0
1744 silly placeDep ROOT zod-validation-error@4.0.2 OK for: eslint-plugin-react-hooks@7.1.1 want: ^3.5.0 || ^4.0.0
1745 silly fetch manifest json5@^2.2.3
1746 silly packumentCache full:https://registry.npmjs.org/json5 cache-miss
1747 silly fetch manifest gensync@^1.0.0-beta.2
1748 silly packumentCache full:https://registry.npmjs.org/gensync cache-miss
1749 silly fetch manifest @babel/types@^7.29.7
1750 silly packumentCache full:https://registry.npmjs.org/@babel%2ftypes cache-miss
1751 silly fetch manifest @babel/parser@^7.29.7
1752 silly packumentCache full:https://registry.npmjs.org/@babel%2fparser cache-miss
1753 silly fetch manifest @babel/helpers@^7.29.7
1754 silly packumentCache full:https://registry.npmjs.org/@babel%2fhelpers cache-miss
1755 silly fetch manifest @babel/template@^7.29.7
1756 silly packumentCache full:https://registry.npmjs.org/@babel%2ftemplate cache-miss
1757 silly fetch manifest @babel/traverse@^7.29.7
1758 silly packumentCache full:https://registry.npmjs.org/@babel%2ftraverse cache-miss
1759 silly fetch manifest @babel/generator@^7.29.7
1760 silly packumentCache full:https://registry.npmjs.org/@babel%2fgenerator cache-miss
1761 silly fetch manifest @babel/code-frame@^7.29.7
1762 silly packumentCache full:https://registry.npmjs.org/@babel%2fcode-frame cache-miss
1763 http cache https://registry.npmjs.org/json5 7ms (cache hit)
1764 silly packumentCache full:https://registry.npmjs.org/json5 set size:86136 disposed:false
1765 silly fetch manifest convert-source-map@^2.0.0
1766 silly packumentCache full:https://registry.npmjs.org/convert-source-map cache-miss
1767 http cache https://registry.npmjs.org/@babel%2fparser 7ms (cache hit)
1768 silly packumentCache full:https://registry.npmjs.org/@babel%2fparser set size:737961 disposed:false
1769 silly fetch manifest @babel/helper-module-transforms@^7.29.7
1770 silly packumentCache full:https://registry.npmjs.org/@babel%2fhelper-module-transforms cache-miss
1771 http fetch GET 200 https://registry.npmjs.org/gensync 45ms (cache miss)
1772 silly packumentCache full:https://registry.npmjs.org/gensync set size:undefined disposed:false
1773 silly fetch manifest @babel/helper-compilation-targets@^7.29.7
1774 silly packumentCache full:https://registry.npmjs.org/@babel%2fhelper-compilation-targets cache-miss
1775 http fetch GET 200 https://registry.npmjs.org/convert-source-map 40ms (cache miss)
1776 silly packumentCache full:https://registry.npmjs.org/convert-source-map set size:undefined disposed:false
1777 silly fetch manifest @babel/types@^7.29.8
1778 silly packumentCache full:https://registry.npmjs.org/@babel%2ftypes cache-miss
1779 http fetch GET 200 https://registry.npmjs.org/@babel%2fhelpers 51ms (cache miss)
1780 silly packumentCache full:https://registry.npmjs.org/@babel%2fhelpers set size:undefined disposed:false
1781 silly fetch manifest hermes-estree@0.25.1
1782 silly packumentCache full:https://registry.npmjs.org/hermes-estree cache-miss
1783 http fetch GET 200 https://registry.npmjs.org/@babel%2fcode-frame 54ms (cache miss)
1784 silly packumentCache full:https://registry.npmjs.org/@babel%2fcode-frame set size:undefined disposed:false
1785 http fetch GET 200 https://registry.npmjs.org/@babel%2ftraverse 56ms (cache miss)
1786 silly packumentCache full:https://registry.npmjs.org/@babel%2ftraverse set size:undefined disposed:false
1787 http fetch GET 200 https://registry.npmjs.org/@babel%2ftypes 67ms (cache miss)
1788 silly packumentCache full:https://registry.npmjs.org/@babel%2ftypes set size:undefined disposed:false
1789 http fetch GET 200 https://registry.npmjs.org/@babel%2ftemplate 72ms (cache miss)
1790 silly packumentCache full:https://registry.npmjs.org/@babel%2ftemplate set size:undefined disposed:false
1791 http fetch GET 200 https://registry.npmjs.org/hermes-estree 40ms (cache miss)
1792 silly packumentCache full:https://registry.npmjs.org/hermes-estree set size:undefined disposed:false
1793 http fetch GET 200 https://registry.npmjs.org/@babel%2ftypes 58ms (cache miss)
1794 silly packumentCache full:https://registry.npmjs.org/@babel%2ftypes set size:undefined disposed:false
1795 http fetch GET 200 https://registry.npmjs.org/@babel%2fgenerator 140ms (cache miss)
1796 silly packumentCache full:https://registry.npmjs.org/@babel%2fgenerator set size:undefined disposed:false
1797 http fetch GET 200 https://registry.npmjs.org/@babel%2fhelper-module-transforms 143ms (cache miss)
1798 silly packumentCache full:https://registry.npmjs.org/@babel%2fhelper-module-transforms set size:undefined disposed:false
1799 http fetch GET 200 https://registry.npmjs.org/@babel%2fhelper-compilation-targets 133ms (cache miss)
1800 silly packumentCache full:https://registry.npmjs.org/@babel%2fhelper-compilation-targets set size:undefined disposed:false
1801 silly fetch manifest @babel/core@^7.0.0
1802 silly packumentCache full:https://registry.npmjs.org/@babel%2fcore cache-miss
1803 http cache https://registry.npmjs.org/@babel%2fcore 2ms (cache hit)
1804 silly packumentCache full:https://registry.npmjs.org/@babel%2fcore set size:788273 disposed:false
1805 silly placeDep ROOT @babel/code-frame@7.29.7 OK for: @babel/core@7.29.7 want: ^7.29.7
1806 silly placeDep ROOT @babel/generator@7.29.8 OK for: @babel/core@7.29.7 want: ^7.29.7
1807 silly placeDep ROOT @babel/helper-compilation-targets@7.29.7 OK for: @babel/core@7.29.7 want: ^7.29.7
1808 silly placeDep ROOT @babel/helper-module-transforms@7.29.7 OK for: @babel/core@7.29.7 want: ^7.29.7
1809 silly placeDep ROOT @babel/helpers@7.29.7 OK for: @babel/core@7.29.7 want: ^7.29.7
1810 silly placeDep ROOT @babel/template@7.29.7 OK for: @babel/core@7.29.7 want: ^7.29.7
1811 silly placeDep ROOT @babel/traverse@7.29.8 OK for: @babel/core@7.29.7 want: ^7.29.7
1812 silly placeDep ROOT @babel/types@7.29.8 OK for: @babel/core@7.29.7 want: ^7.29.7
1813 silly placeDep ROOT convert-source-map@2.0.0 OK for: @babel/core@7.29.7 want: ^2.0.0
1814 silly placeDep ROOT gensync@1.0.0-beta.2 OK for: @babel/core@7.29.7 want: ^1.0.0-beta.2
1815 silly placeDep ROOT json5@2.2.3 OK for: @babel/core@7.29.7 want: ^2.2.3
1816 silly fetch manifest js-tokens@^4.0.0
1817 silly packumentCache full:https://registry.npmjs.org/js-tokens cache-miss
1818 silly fetch manifest @babel/helper-validator-identifier@^7.29.7
1819 silly packumentCache full:https://registry.npmjs.org/@babel%2fhelper-validator-identifier cache-miss
1820 silly fetch manifest jsesc@^3.0.2
1821 silly packumentCache full:https://registry.npmjs.org/jsesc cache-miss
1822 silly fetch manifest lru-cache@^5.1.1
1823 silly packumentCache full:https://registry.npmjs.org/lru-cache cache-miss
1824 silly fetch manifest browserslist@^4.24.0
1825 silly packumentCache full:https://registry.npmjs.org/browserslist cache-miss
1826 silly fetch manifest @babel/compat-data@^7.29.7
1827 silly packumentCache full:https://registry.npmjs.org/@babel%2fcompat-data cache-miss
1828 silly fetch manifest @babel/helper-validator-option@^7.29.7
1829 silly packumentCache full:https://registry.npmjs.org/@babel%2fhelper-validator-option cache-miss
1830 silly fetch manifest @babel/helper-module-imports@^7.29.7
1831 silly packumentCache full:https://registry.npmjs.org/@babel%2fhelper-module-imports cache-miss
1832 silly fetch manifest @babel/helper-validator-identifier@^7.29.7
1833 silly packumentCache full:https://registry.npmjs.org/@babel%2fhelper-validator-identifier cache-miss
1834 http fetch GET 200 https://registry.npmjs.org/@babel%2fhelper-validator-identifier 43ms (cache miss)
1835 silly packumentCache full:https://registry.npmjs.org/@babel%2fhelper-validator-identifier set size:undefined disposed:false
1836 silly fetch manifest @babel/helper-globals@^7.29.7
1837 silly packumentCache full:https://registry.npmjs.org/@babel%2fhelper-globals cache-miss
1838 http fetch GET 200 https://registry.npmjs.org/@babel%2fhelper-validator-identifier 48ms (cache miss)
1839 silly packumentCache full:https://registry.npmjs.org/@babel%2fhelper-validator-identifier set size:undefined disposed:false
1840 silly fetch manifest @babel/helper-string-parser@^7.29.7
1841 silly packumentCache full:https://registry.npmjs.org/@babel%2fhelper-string-parser cache-miss
1842 http fetch GET 200 https://registry.npmjs.org/@babel%2fhelper-validator-option 49ms (cache miss)
1843 silly packumentCache full:https://registry.npmjs.org/@babel%2fhelper-validator-option set size:undefined disposed:false
1844 http fetch GET 200 https://registry.npmjs.org/lru-cache 54ms (cache miss)
1845 silly packumentCache full:https://registry.npmjs.org/lru-cache set size:undefined disposed:false
1846 http fetch GET 200 https://registry.npmjs.org/@babel%2fcompat-data 58ms (cache miss)
1847 silly packumentCache full:https://registry.npmjs.org/@babel%2fcompat-data set size:undefined disposed:false
1848 http fetch GET 200 https://registry.npmjs.org/browserslist 60ms (cache miss)
1849 silly packumentCache full:https://registry.npmjs.org/browserslist set size:undefined disposed:false
1850 http fetch GET 200 https://registry.npmjs.org/@babel%2fhelper-module-imports 63ms (cache miss)
1851 silly packumentCache full:https://registry.npmjs.org/@babel%2fhelper-module-imports set size:undefined disposed:false
1852 http fetch GET 200 https://registry.npmjs.org/jsesc 130ms (cache miss)
1853 silly packumentCache full:https://registry.npmjs.org/jsesc set size:undefined disposed:false
1854 http fetch GET 200 https://registry.npmjs.org/js-tokens 132ms (cache miss)
1855 silly packumentCache full:https://registry.npmjs.org/js-tokens set size:undefined disposed:false
1856 http fetch GET 200 https://registry.npmjs.org/@babel%2fhelper-globals 126ms (cache miss)
1857 silly packumentCache full:https://registry.npmjs.org/@babel%2fhelper-globals set size:undefined disposed:false
1858 http fetch GET 200 https://registry.npmjs.org/@babel%2fhelper-string-parser 132ms (cache miss)
1859 silly packumentCache full:https://registry.npmjs.org/@babel%2fhelper-string-parser set size:undefined disposed:false
1860 silly placeDep ROOT @babel/helper-validator-identifier@7.29.7 OK for: @babel/code-frame@7.29.7 want: ^7.29.7
1861 silly placeDep ROOT js-tokens@4.0.0 OK for: @babel/code-frame@7.29.7 want: ^4.0.0
1862 silly placeDep ROOT picocolors@1.1.1 OK for: @babel/code-frame@7.29.7 want: ^1.1.1
1863 silly placeDep ROOT jsesc@3.1.0 OK for: @babel/generator@7.29.8 want: ^3.0.2
1864 silly placeDep ROOT @babel/compat-data@7.29.7 OK for: @babel/helper-compilation-targets@7.29.7 want: ^7.29.7
1865 silly placeDep ROOT @babel/helper-validator-option@7.29.7 OK for: @babel/helper-compilation-targets@7.29.7 want: ^7.29.7
1866 silly placeDep ROOT browserslist@4.28.7 OK for: @babel/helper-compilation-targets@7.29.7 want: ^4.24.0
1867 silly placeDep ROOT lru-cache@5.1.1 OK for: @babel/helper-compilation-targets@7.29.7 want: ^5.1.1
1868 silly fetch manifest caniuse-lite@^1.0.30001806
1869 silly packumentCache full:https://registry.npmjs.org/caniuse-lite cache-miss
1870 silly fetch manifest node-releases@^2.0.51
1871 silly packumentCache full:https://registry.npmjs.org/node-releases cache-miss
1872 silly fetch manifest electron-to-chromium@^1.5.393
1873 silly packumentCache full:https://registry.npmjs.org/electron-to-chromium cache-miss
1874 silly fetch manifest update-browserslist-db@^1.2.3
1875 silly packumentCache full:https://registry.npmjs.org/update-browserslist-db cache-miss
1876 silly fetch manifest baseline-browser-mapping@^2.10.44
1877 silly packumentCache full:https://registry.npmjs.org/baseline-browser-mapping cache-miss
1878 silly fetch manifest yallist@^3.0.2
1879 silly packumentCache full:https://registry.npmjs.org/yallist cache-miss
1880 http cache https://registry.npmjs.org/baseline-browser-mapping 4ms (cache hit)
1881 silly packumentCache full:https://registry.npmjs.org/baseline-browser-mapping set size:589004 disposed:false
1882 http cache https://registry.npmjs.org/caniuse-lite 8ms (cache hit)
1883 silly packumentCache full:https://registry.npmjs.org/caniuse-lite set size:2306880 disposed:false
1884 http fetch GET 200 https://registry.npmjs.org/yallist 35ms (cache miss)
1885 silly packumentCache full:https://registry.npmjs.org/yallist set size:undefined disposed:false
1886 http fetch GET 200 https://registry.npmjs.org/node-releases 43ms (cache miss)
1887 silly packumentCache full:https://registry.npmjs.org/node-releases set size:undefined disposed:false
1888 http fetch GET 200 https://registry.npmjs.org/update-browserslist-db 127ms (cache miss)
1889 silly packumentCache full:https://registry.npmjs.org/update-browserslist-db set size:undefined disposed:false
1890 http fetch GET 200 https://registry.npmjs.org/electron-to-chromium 177ms (cache miss)
1891 silly packumentCache full:https://registry.npmjs.org/electron-to-chromium set size:undefined disposed:false
1892 silly placeDep ROOT @babel/helper-module-imports@7.29.7 OK for: @babel/helper-module-transforms@7.29.7 want: ^7.29.7
1893 silly placeDep ROOT @babel/helper-globals@7.29.7 OK for: @babel/traverse@7.29.8 want: ^7.29.7
1894 silly placeDep ROOT @babel/helper-string-parser@7.29.7 OK for: @babel/types@7.29.8 want: ^7.29.7
1895 silly fetch manifest browserslist@>= 4.21.0
1896 silly packumentCache full:https://registry.npmjs.org/browserslist cache-miss
1897 http cache https://registry.npmjs.org/browserslist 2ms (cache hit)
1898 silly packumentCache full:https://registry.npmjs.org/browserslist set size:516369 disposed:false
1899 silly placeDep ROOT baseline-browser-mapping@2.11.12 OK for: browserslist@4.28.7 want: ^2.10.44
1900 silly placeDep ROOT caniuse-lite@1.0.30001806 OK for: browserslist@4.28.7 want: ^1.0.30001806
1901 silly placeDep ROOT electron-to-chromium@1.5.400 OK for: browserslist@4.28.7 want: ^1.5.393
1902 silly placeDep ROOT node-releases@2.0.51 OK for: browserslist@4.28.7 want: ^2.0.51
1903 silly placeDep ROOT update-browserslist-db@1.2.3 OK for: browserslist@4.28.7 want: ^1.2.3
1904 silly fetch manifest escalade@^3.2.0
1905 silly packumentCache full:https://registry.npmjs.org/escalade cache-miss
1906 http fetch GET 200 https://registry.npmjs.org/escalade 37ms (cache miss)
1907 silly packumentCache full:https://registry.npmjs.org/escalade set size:undefined disposed:false
1908 silly placeDep ROOT esrecurse@4.3.0 OK for: eslint-scope@8.4.0 want: ^4.3.0
1909 silly placeDep ROOT acorn@8.18.0 OK for: espree@10.4.0 want: ^8.15.0
1910 silly placeDep ROOT acorn-jsx@5.3.2 OK for: espree@10.4.0 want: ^5.3.2
1911 silly placeDep ROOT @nodelib/fs.stat@2.0.5 OK for: fast-glob@3.3.1 want: ^2.0.2
1912 silly placeDep ROOT @nodelib/fs.walk@1.2.8 OK for: fast-glob@3.3.1 want: ^1.2.3
1913 silly placeDep node_modules/fast-glob glob-parent@5.1.2 OK for: fast-glob@3.3.1 want: ^5.1.2
1914 silly placeDep ROOT merge2@1.4.1 OK for: fast-glob@3.3.1 want: ^1.3.0
1915 silly placeDep ROOT micromatch@4.0.8 OK for: fast-glob@3.3.1 want: ^4.0.4
1916 silly fetch manifest fastq@^1.6.0
1917 silly packumentCache full:https://registry.npmjs.org/fastq cache-miss
1918 silly fetch manifest @nodelib/fs.scandir@2.1.5
1919 silly packumentCache full:https://registry.npmjs.org/@nodelib%2ffs.scandir cache-miss
1920 silly fetch manifest braces@^3.0.3
1921 silly packumentCache full:https://registry.npmjs.org/braces cache-miss
1922 silly fetch manifest picomatch@^2.3.1
1923 silly packumentCache full:https://registry.npmjs.org/picomatch cache-miss
1924 http cache https://registry.npmjs.org/picomatch 2ms (cache hit)
1925 silly packumentCache full:https://registry.npmjs.org/picomatch set size:128942 disposed:false
1926 http fetch GET 200 https://registry.npmjs.org/braces 51ms (cache miss)
1927 silly packumentCache full:https://registry.npmjs.org/braces set size:undefined disposed:false
1928 http fetch GET 200 https://registry.npmjs.org/fastq 52ms (cache miss)
1929 silly packumentCache full:https://registry.npmjs.org/fastq set size:undefined disposed:false
1930 http fetch GET 200 https://registry.npmjs.org/@nodelib%2ffs.scandir 59ms (cache miss)
1931 silly packumentCache full:https://registry.npmjs.org/@nodelib%2ffs.scandir set size:undefined disposed:false
1932 silly placeDep ROOT @nodelib/fs.scandir@2.1.5 OK for: @nodelib/fs.walk@1.2.8 want: 2.1.5
1933 silly placeDep ROOT fastq@1.20.1 OK for: @nodelib/fs.walk@1.2.8 want: ^1.6.0
1934 silly fetch manifest run-parallel@^1.1.9
1935 silly packumentCache full:https://registry.npmjs.org/run-parallel cache-miss
1936 silly fetch manifest reusify@^1.0.4
1937 silly packumentCache full:https://registry.npmjs.org/reusify cache-miss
1938 http fetch GET 200 https://registry.npmjs.org/run-parallel 36ms (cache miss)
1939 silly packumentCache full:https://registry.npmjs.org/run-parallel set size:undefined disposed:false
1940 http fetch GET 200 https://registry.npmjs.org/reusify 55ms (cache miss)
1941 silly packumentCache full:https://registry.npmjs.org/reusify set size:undefined disposed:false
1942 silly placeDep ROOT run-parallel@1.2.0 OK for: @nodelib/fs.scandir@2.1.5 want: ^1.1.9
1943 silly fetch manifest queue-microtask@^1.2.2
1944 silly packumentCache full:https://registry.npmjs.org/queue-microtask cache-miss
1945 http fetch GET 200 https://registry.npmjs.org/queue-microtask 39ms (cache miss)
1946 silly packumentCache full:https://registry.npmjs.org/queue-microtask set size:undefined disposed:false
1947 silly placeDep ROOT reusify@1.1.0 OK for: fastq@1.20.1 want: ^1.0.4
1948 silly placeDep ROOT flat-cache@4.0.1 OK for: file-entry-cache@8.0.0 want: ^4.0.0
1949 silly fetch manifest keyv@^4.5.4
1950 silly packumentCache full:https://registry.npmjs.org/keyv cache-miss
1951 silly fetch manifest flatted@^3.2.9
1952 silly packumentCache full:https://registry.npmjs.org/flatted cache-miss
1953 http fetch GET 200 https://registry.npmjs.org/keyv 44ms (cache miss)
1954 silly packumentCache full:https://registry.npmjs.org/keyv set size:undefined disposed:false
1955 http fetch GET 200 https://registry.npmjs.org/flatted 51ms (cache miss)
1956 silly packumentCache full:https://registry.npmjs.org/flatted set size:undefined disposed:false
1957 silly placeDep ROOT locate-path@6.0.0 OK for: find-up@5.0.0 want: ^6.0.0
1958 silly placeDep ROOT path-exists@4.0.0 OK for: find-up@5.0.0 want: ^4.0.0
1959 silly fetch manifest p-locate@^5.0.0
1960 silly packumentCache full:https://registry.npmjs.org/p-locate cache-miss
1961 http fetch GET 200 https://registry.npmjs.org/p-locate 34ms (cache miss)
1962 silly packumentCache full:https://registry.npmjs.org/p-locate set size:undefined disposed:false
1963 silly placeDep ROOT flatted@3.4.4 OK for: flat-cache@4.0.1 want: ^3.2.9
1964 silly placeDep ROOT keyv@4.5.4 OK for: flat-cache@4.0.1 want: ^4.5.4
1965 silly fetch manifest json-buffer@3.0.1
1966 silly packumentCache full:https://registry.npmjs.org/json-buffer cache-miss
1967 http fetch GET 200 https://registry.npmjs.org/json-buffer 63ms (cache miss)
1968 silly packumentCache full:https://registry.npmjs.org/json-buffer set size:undefined disposed:false
1969 silly placeDep ROOT functions-have-names@1.2.3 OK for: function.prototype.name@1.2.0 want: ^1.2.3
1970 silly placeDep ROOT is-document.all@1.0.0 OK for: function.prototype.name@1.2.0 want: ^1.0.0
1971 silly placeDep ROOT dunder-proto@1.0.1 OK for: get-proto@1.0.1 want: ^1.0.1
1972 silly placeDep ROOT resolve-pkg-maps@1.0.0 OK for: get-tsconfig@4.14.1 want: ^1.0.0
1973 silly placeDep ROOT hermes-estree@0.25.1 OK for: hermes-parser@0.25.1 want: 0.25.1
1974 silly placeDep ROOT parent-module@1.0.1 OK for: import-fresh@3.3.1 want: ^1.0.0
1975 silly placeDep ROOT resolve-from@4.0.0 OK for: import-fresh@3.3.1 want: ^4.0.0
1976 silly fetch manifest callsites@^3.0.0
1977 silly packumentCache full:https://registry.npmjs.org/callsites cache-miss
1978 http fetch GET 200 https://registry.npmjs.org/callsites 42ms (cache miss)
1979 silly packumentCache full:https://registry.npmjs.org/callsites set size:undefined disposed:false
1980 silly placeDep ROOT side-channel@1.1.1 OK for: internal-slot@1.1.0 want: ^1.1.0
1981 silly fetch manifest side-channel-list@^1.0.1
1982 silly packumentCache full:https://registry.npmjs.org/side-channel-list cache-miss
1983 silly fetch manifest side-channel-map@^1.0.1
1984 silly packumentCache full:https://registry.npmjs.org/side-channel-map cache-miss
1985 silly fetch manifest side-channel-weakmap@^1.0.2
1986 silly packumentCache full:https://registry.npmjs.org/side-channel-weakmap cache-miss
1987 http fetch GET 200 https://registry.npmjs.org/side-channel-map 37ms (cache miss)
1988 silly packumentCache full:https://registry.npmjs.org/side-channel-map set size:undefined disposed:false
1989 http fetch GET 200 https://registry.npmjs.org/side-channel-weakmap 37ms (cache miss)
1990 silly packumentCache full:https://registry.npmjs.org/side-channel-weakmap set size:undefined disposed:false
1991 http fetch GET 200 https://registry.npmjs.org/side-channel-list 39ms (cache miss)
1992 silly packumentCache full:https://registry.npmjs.org/side-channel-list set size:undefined disposed:false
1993 silly placeDep node_modules/is-bun-module semver@7.8.5 OK for: is-bun-module@2.0.0 want: ^7.7.1
1994 silly placeDep ROOT is-extglob@2.1.1 OK for: is-glob@4.0.3 want: ^2.1.1
1995 silly placeDep ROOT set-function-name@2.0.2 OK for: iterator.prototype@1.1.5 want: ^2.0.2
1996 silly placeDep ROOT argparse@2.0.1 OK for: js-yaml@4.3.1 want: ^2.0.1
1997 silly placeDep ROOT json-buffer@3.0.1 OK for: keyv@4.5.4 want: 3.0.1
1998 silly placeDep ROOT language-subtag-registry@0.3.23 OK for: language-tags@1.0.9 want: ^0.3.20
1999 silly placeDep ROOT prelude-ls@1.2.1 OK for: levn@0.4.1 want: ^1.2.1
2000 silly placeDep ROOT type-check@0.4.0 OK for: levn@0.4.1 want: ~0.4.0
2001 silly placeDep ROOT detect-libc@2.1.2 OK for: lightningcss@1.32.0 want: ^2.0.3
2002 silly placeDep ROOT lightningcss-android-arm64@1.32.0 OK for: lightningcss@1.32.0 want: 1.32.0
2003 silly placeDep ROOT lightningcss-darwin-arm64@1.32.0 OK for: lightningcss@1.32.0 want: 1.32.0
2004 silly placeDep ROOT lightningcss-darwin-x64@1.32.0 OK for: lightningcss@1.32.0 want: 1.32.0
2005 silly placeDep ROOT lightningcss-freebsd-x64@1.32.0 OK for: lightningcss@1.32.0 want: 1.32.0
2006 silly placeDep ROOT lightningcss-linux-arm-gnueabihf@1.32.0 OK for: lightningcss@1.32.0 want: 1.32.0
2007 silly placeDep ROOT lightningcss-linux-arm64-gnu@1.32.0 OK for: lightningcss@1.32.0 want: 1.32.0
2008 silly placeDep ROOT lightningcss-linux-arm64-musl@1.32.0 OK for: lightningcss@1.32.0 want: 1.32.0
2009 silly placeDep ROOT lightningcss-linux-x64-gnu@1.32.0 OK for: lightningcss@1.32.0 want: 1.32.0
2010 silly placeDep ROOT lightningcss-linux-x64-musl@1.32.0 OK for: lightningcss@1.32.0 want: 1.32.0
2011 silly placeDep ROOT lightningcss-win32-arm64-msvc@1.32.0 OK for: lightningcss@1.32.0 want: 1.32.0
2012 silly placeDep ROOT lightningcss-win32-x64-msvc@1.32.0 OK for: lightningcss@1.32.0 want: 1.32.0
2013 silly placeDep ROOT p-locate@5.0.0 OK for: locate-path@6.0.0 want: ^5.0.0
2014 silly fetch manifest p-limit@^3.0.2
2015 silly packumentCache full:https://registry.npmjs.org/p-limit cache-miss
2016 http fetch GET 200 https://registry.npmjs.org/p-limit 38ms (cache miss)
2017 silly packumentCache full:https://registry.npmjs.org/p-limit set size:undefined disposed:false
2018 silly placeDep ROOT yallist@3.1.1 OK for: lru-cache@5.1.1 want: ^3.0.2
2019 silly placeDep ROOT braces@3.0.3 OK for: micromatch@4.0.8 want: ^3.0.3
2020 silly placeDep ROOT picomatch@2.3.2 OK for: micromatch@4.0.8 want: ^2.3.1
2021 silly fetch manifest fill-range@^7.1.1
2022 silly packumentCache full:https://registry.npmjs.org/fill-range cache-miss
2023 http fetch GET 200 https://registry.npmjs.org/fill-range 43ms (cache miss)
2024 silly packumentCache full:https://registry.npmjs.org/fill-range set size:undefined disposed:false
2025 silly placeDep ROOT fill-range@7.1.1 OK for: braces@3.0.3 want: ^7.1.1
2026 silly fetch manifest to-regex-range@^5.0.1
2027 silly packumentCache full:https://registry.npmjs.org/to-regex-range cache-miss
2028 http fetch GET 200 https://registry.npmjs.org/to-regex-range 39ms (cache miss)
2029 silly packumentCache full:https://registry.npmjs.org/to-regex-range set size:undefined disposed:false
2030 silly placeDep ROOT to-regex-range@5.0.1 OK for: fill-range@7.1.1 want: ^5.0.1
2031 silly fetch manifest is-number@^7.0.0
2032 silly packumentCache full:https://registry.npmjs.org/is-number cache-miss
2033 http fetch GET 200 https://registry.npmjs.org/is-number 41ms (cache miss)
2034 silly packumentCache full:https://registry.npmjs.org/is-number set size:undefined disposed:false
2035 silly placeDep ROOT brace-expansion@1.1.18 OK for: minimatch@3.1.5 want: ^1.1.7
2036 silly fetch manifest concat-map@0.0.1
2037 silly packumentCache full:https://registry.npmjs.org/concat-map cache-miss
2038 silly fetch manifest balanced-match@^1.0.0
2039 silly packumentCache full:https://registry.npmjs.org/balanced-match cache-miss
2040 http fetch GET 200 https://registry.npmjs.org/balanced-match 36ms (cache miss)
2041 silly packumentCache full:https://registry.npmjs.org/balanced-match set size:undefined disposed:false
2042 http fetch GET 200 https://registry.npmjs.org/concat-map 50ms (cache miss)
2043 silly packumentCache full:https://registry.npmjs.org/concat-map set size:undefined disposed:false
2044 silly placeDep ROOT balanced-match@1.0.2 OK for: brace-expansion@1.1.18 want: ^1.0.0
2045 silly placeDep ROOT concat-map@0.0.1 OK for: brace-expansion@1.1.18 want: 0.0.1
2046 silly fetch manifest react@^18.2.0 || 19.0.0-rc-de68d2f4-20241204 || ^19.0.0
2047 silly packumentCache full:https://registry.npmjs.org/react cache-miss
2048 http cache https://registry.npmjs.org/react 14ms (cache hit)
2049 silly packumentCache full:https://registry.npmjs.org/react set size:6863945 disposed:false
2050 silly placeDep ROOT @next/env@16.3.0 OK for: next@16.3.0 want: 16.3.0
2051 silly placeDep ROOT @next/swc-darwin-arm64@16.3.0 OK for: next@16.3.0 want: 16.3.0
2052 silly placeDep ROOT @next/swc-darwin-x64@16.3.0 OK for: next@16.3.0 want: 16.3.0
2053 silly placeDep ROOT @next/swc-linux-arm64-gnu@16.3.0 OK for: next@16.3.0 want: 16.3.0
2054 silly placeDep ROOT @next/swc-linux-arm64-musl@16.3.0 OK for: next@16.3.0 want: 16.3.0
2055 silly placeDep ROOT @next/swc-linux-x64-gnu@16.3.0 OK for: next@16.3.0 want: 16.3.0
2056 silly placeDep ROOT @next/swc-linux-x64-musl@16.3.0 OK for: next@16.3.0 want: 16.3.0
2057 silly placeDep ROOT @next/swc-win32-arm64-msvc@16.3.0 OK for: next@16.3.0 want: 16.3.0
2058 silly placeDep ROOT @next/swc-win32-x64-msvc@16.3.0 OK for: next@16.3.0 want: 16.3.0
2059 silly placeDep ROOT @swc/helpers@0.5.15 OK for: next@16.3.0 want: 0.5.15
2060 silly placeDep node_modules/next postcss@8.5.23 OK for: next@16.3.0 want: 8.5.23
2061 silly placeDep ROOT sharp@0.35.3 OK for: next@16.3.0 want: ^0.35.3
2062 silly placeDep ROOT styled-jsx@5.1.6 OK for: next@16.3.0 want: 5.1.6
2063 silly fetch manifest tslib@^2.8.0
2064 silly packumentCache full:https://registry.npmjs.org/tslib cache-miss
2065 silly fetch manifest @img/colour@^1.1.0
2066 silly packumentCache full:https://registry.npmjs.org/@img%2fcolour cache-miss
2067 silly fetch manifest semver@^7.8.5
2068 silly packumentCache full:https://registry.npmjs.org/semver cache-hit
2069 silly fetch manifest @img/sharp-darwin-arm64@0.35.3
2070 silly packumentCache full:https://registry.npmjs.org/@img%2fsharp-darwin-arm64 cache-miss
2071 silly fetch manifest @img/sharp-darwin-x64@0.35.3
2072 silly packumentCache full:https://registry.npmjs.org/@img%2fsharp-darwin-x64 cache-miss
2073 silly fetch manifest @img/sharp-freebsd-wasm32@0.35.3
2074 silly packumentCache full:https://registry.npmjs.org/@img%2fsharp-freebsd-wasm32 cache-miss
2075 silly fetch manifest @img/sharp-libvips-darwin-arm64@1.3.2
2076 silly packumentCache full:https://registry.npmjs.org/@img%2fsharp-libvips-darwin-arm64 cache-miss
2077 silly fetch manifest @img/sharp-libvips-darwin-x64@1.3.2
2078 silly packumentCache full:https://registry.npmjs.org/@img%2fsharp-libvips-darwin-x64 cache-miss
2079 silly fetch manifest @img/sharp-libvips-linux-arm@1.3.2
2080 silly packumentCache full:https://registry.npmjs.org/@img%2fsharp-libvips-linux-arm cache-miss
2081 silly fetch manifest @img/sharp-libvips-linux-arm64@1.3.2
2082 silly packumentCache full:https://registry.npmjs.org/@img%2fsharp-libvips-linux-arm64 cache-miss
2083 http fetch GET 200 https://registry.npmjs.org/tslib 44ms (cache miss)
2084 silly packumentCache full:https://registry.npmjs.org/tslib set size:undefined disposed:false
2085 silly fetch manifest @img/sharp-libvips-linux-ppc64@1.3.2
2086 silly packumentCache full:https://registry.npmjs.org/@img%2fsharp-libvips-linux-ppc64 cache-miss
2087 http fetch GET 200 https://registry.npmjs.org/@img%2fcolour 48ms (cache miss)
2088 silly packumentCache full:https://registry.npmjs.org/@img%2fcolour set size:undefined disposed:false
2089 silly fetch manifest @img/sharp-libvips-linux-riscv64@1.3.2
2090 silly packumentCache full:https://registry.npmjs.org/@img%2fsharp-libvips-linux-riscv64 cache-miss
2091 http fetch GET 200 https://registry.npmjs.org/@img%2fsharp-darwin-x64 104ms (cache miss)
2092 silly packumentCache full:https://registry.npmjs.org/@img%2fsharp-darwin-x64 set size:undefined disposed:false
2093 silly fetch manifest @img/sharp-libvips-linux-s390x@1.3.2
2094 silly packumentCache full:https://registry.npmjs.org/@img%2fsharp-libvips-linux-s390x cache-miss
2095 http fetch GET 200 https://registry.npmjs.org/@img%2fsharp-libvips-linux-arm64 117ms (cache miss)
2096 silly packumentCache full:https://registry.npmjs.org/@img%2fsharp-libvips-linux-arm64 set size:undefined disposed:false
2097 silly fetch manifest @img/sharp-libvips-linux-x64@1.3.2
2098 silly packumentCache full:https://registry.npmjs.org/@img%2fsharp-libvips-linux-x64 cache-miss
2099 http fetch GET 200 https://registry.npmjs.org/@img%2fsharp-libvips-darwin-x64 134ms (cache miss)
2100 silly packumentCache full:https://registry.npmjs.org/@img%2fsharp-libvips-darwin-x64 set size:undefined disposed:false
2101 silly fetch manifest @img/sharp-libvips-linuxmusl-arm64@1.3.2
2102 silly packumentCache full:https://registry.npmjs.org/@img%2fsharp-libvips-linuxmusl-arm64 cache-miss
2103 http fetch GET 200 https://registry.npmjs.org/@img%2fsharp-freebsd-wasm32 135ms (cache miss)
2104 silly packumentCache full:https://registry.npmjs.org/@img%2fsharp-freebsd-wasm32 set size:undefined disposed:false
2105 silly fetch manifest @img/sharp-libvips-linuxmusl-x64@1.3.2
2106 silly packumentCache full:https://registry.npmjs.org/@img%2fsharp-libvips-linuxmusl-x64 cache-miss
2107 http fetch GET 200 https://registry.npmjs.org/@img%2fsharp-libvips-linux-arm 136ms (cache miss)
2108 silly packumentCache full:https://registry.npmjs.org/@img%2fsharp-libvips-linux-arm set size:undefined disposed:false
2109 silly fetch manifest @img/sharp-linux-arm@0.35.3
2110 silly packumentCache full:https://registry.npmjs.org/@img%2fsharp-linux-arm cache-miss
2111 http fetch GET 200 https://registry.npmjs.org/@img%2fsharp-libvips-linux-ppc64 137ms (cache miss)
2112 silly packumentCache full:https://registry.npmjs.org/@img%2fsharp-libvips-linux-ppc64 set size:undefined disposed:false
2113 silly fetch manifest @img/sharp-linux-arm64@0.35.3
2114 silly packumentCache full:https://registry.npmjs.org/@img%2fsharp-linux-arm64 cache-miss
2115 http fetch GET 200 https://registry.npmjs.org/@img%2fsharp-libvips-linuxmusl-x64 47ms (cache miss)
2116 silly packumentCache full:https://registry.npmjs.org/@img%2fsharp-libvips-linuxmusl-x64 set size:undefined disposed:false
2117 silly fetch manifest @img/sharp-linux-ppc64@0.35.3
2118 silly packumentCache full:https://registry.npmjs.org/@img%2fsharp-linux-ppc64 cache-miss
2119 http fetch GET 200 https://registry.npmjs.org/@img%2fsharp-libvips-linux-riscv64 136ms (cache miss)
2120 silly packumentCache full:https://registry.npmjs.org/@img%2fsharp-libvips-linux-riscv64 set size:undefined disposed:false
2121 silly fetch manifest @img/sharp-linux-riscv64@0.35.3
2122 silly packumentCache full:https://registry.npmjs.org/@img%2fsharp-linux-riscv64 cache-miss
2123 http fetch GET 200 https://registry.npmjs.org/@img%2fsharp-libvips-darwin-arm64 188ms (cache miss)
2124 silly packumentCache full:https://registry.npmjs.org/@img%2fsharp-libvips-darwin-arm64 set size:undefined disposed:false
2125 silly fetch manifest @img/sharp-linux-s390x@0.35.3
2126 silly packumentCache full:https://registry.npmjs.org/@img%2fsharp-linux-s390x cache-miss
2127 http fetch GET 200 https://registry.npmjs.org/@img%2fsharp-libvips-linuxmusl-arm64 65ms (cache miss)
2128 silly packumentCache full:https://registry.npmjs.org/@img%2fsharp-libvips-linuxmusl-arm64 set size:undefined disposed:false
2129 silly fetch manifest @img/sharp-linux-x64@0.35.3
2130 silly packumentCache full:https://registry.npmjs.org/@img%2fsharp-linux-x64 cache-miss
2131 http fetch GET 200 https://registry.npmjs.org/@img%2fsharp-darwin-arm64 223ms (cache miss)
2132 silly packumentCache full:https://registry.npmjs.org/@img%2fsharp-darwin-arm64 set size:undefined disposed:false
2133 silly fetch manifest @img/sharp-linuxmusl-arm64@0.35.3
2134 silly packumentCache full:https://registry.npmjs.org/@img%2fsharp-linuxmusl-arm64 cache-miss
2135 http fetch GET 200 https://registry.npmjs.org/@img%2fsharp-linux-s390x 44ms (cache miss)
2136 silly packumentCache full:https://registry.npmjs.org/@img%2fsharp-linux-s390x set size:undefined disposed:false
2137 silly fetch manifest @img/sharp-linuxmusl-x64@0.35.3
2138 silly packumentCache full:https://registry.npmjs.org/@img%2fsharp-linuxmusl-x64 cache-miss
2139 http fetch GET 200 https://registry.npmjs.org/@img%2fsharp-libvips-linux-s390x 129ms (cache miss)
2140 silly packumentCache full:https://registry.npmjs.org/@img%2fsharp-libvips-linux-s390x set size:undefined disposed:false
2141 silly fetch manifest @img/sharp-webcontainers-wasm32@0.35.3
2142 silly packumentCache full:https://registry.npmjs.org/@img%2fsharp-webcontainers-wasm32 cache-miss
2143 http fetch GET 200 https://registry.npmjs.org/@img%2fsharp-linux-x64 56ms (cache miss)
2144 silly packumentCache full:https://registry.npmjs.org/@img%2fsharp-linux-x64 set size:undefined disposed:false
2145 silly fetch manifest @img/sharp-win32-arm64@0.35.3
2146 silly packumentCache full:https://registry.npmjs.org/@img%2fsharp-win32-arm64 cache-miss
2147 http fetch GET 200 https://registry.npmjs.org/@img%2fsharp-linux-arm 120ms (cache miss)
2148 silly packumentCache full:https://registry.npmjs.org/@img%2fsharp-linux-arm set size:undefined disposed:false
2149 silly fetch manifest @img/sharp-win32-ia32@0.35.3
2150 silly packumentCache full:https://registry.npmjs.org/@img%2fsharp-win32-ia32 cache-miss
2151 http fetch GET 200 https://registry.npmjs.org/@img%2fsharp-linux-riscv64 79ms (cache miss)
2152 silly packumentCache full:https://registry.npmjs.org/@img%2fsharp-linux-riscv64 set size:undefined disposed:false
2153 silly fetch manifest @img/sharp-win32-x64@0.35.3
2154 silly packumentCache full:https://registry.npmjs.org/@img%2fsharp-win32-x64 cache-miss
2155 http fetch GET 200 https://registry.npmjs.org/@img%2fsharp-linuxmusl-x64 52ms (cache miss)
2156 silly packumentCache full:https://registry.npmjs.org/@img%2fsharp-linuxmusl-x64 set size:undefined disposed:false
2157 silly fetch manifest client-only@0.0.1
2158 silly packumentCache full:https://registry.npmjs.org/client-only cache-miss
2159 http fetch GET 200 https://registry.npmjs.org/@img%2fsharp-libvips-linux-x64 194ms (cache miss)
2160 silly packumentCache full:https://registry.npmjs.org/@img%2fsharp-libvips-linux-x64 set size:undefined disposed:false
2161 http fetch GET 200 https://registry.npmjs.org/@img%2fsharp-linuxmusl-arm64 96ms (cache miss)
2162 silly packumentCache full:https://registry.npmjs.org/@img%2fsharp-linuxmusl-arm64 set size:undefined disposed:false
2163 http fetch GET 200 https://registry.npmjs.org/client-only 33ms (cache miss)
2164 silly packumentCache full:https://registry.npmjs.org/client-only set size:undefined disposed:false
2165 http fetch GET 200 https://registry.npmjs.org/@img%2fsharp-webcontainers-wasm32 93ms (cache miss)
2166 silly packumentCache full:https://registry.npmjs.org/@img%2fsharp-webcontainers-wasm32 set size:undefined disposed:false
2167 http fetch GET 200 https://registry.npmjs.org/@img%2fsharp-linux-ppc64 146ms (cache miss)
2168 silly packumentCache full:https://registry.npmjs.org/@img%2fsharp-linux-ppc64 set size:undefined disposed:false
2169 http fetch GET 200 https://registry.npmjs.org/@img%2fsharp-linux-arm64 182ms (cache miss)
2170 silly packumentCache full:https://registry.npmjs.org/@img%2fsharp-linux-arm64 set size:undefined disposed:false
2171 http fetch GET 200 https://registry.npmjs.org/@img%2fsharp-win32-ia32 111ms (cache miss)
2172 silly packumentCache full:https://registry.npmjs.org/@img%2fsharp-win32-ia32 set size:undefined disposed:false
2173 http fetch GET 200 https://registry.npmjs.org/@img%2fsharp-win32-arm64 133ms (cache miss)
2174 silly packumentCache full:https://registry.npmjs.org/@img%2fsharp-win32-arm64 set size:undefined disposed:false
2175 http fetch GET 200 https://registry.npmjs.org/@img%2fsharp-win32-x64 149ms (cache miss)
2176 silly packumentCache full:https://registry.npmjs.org/@img%2fsharp-win32-x64 set size:undefined disposed:false
2177 silly placeDep ROOT tslib@2.8.1 OK for: @swc/helpers@0.5.15 want: ^2.8.0
2178 silly placeDep ROOT deep-is@0.1.4 OK for: optionator@0.9.4 want: ^0.1.3
2179 silly placeDep ROOT fast-levenshtein@2.0.6 OK for: optionator@0.9.4 want: ^2.0.6
2180 silly placeDep ROOT word-wrap@1.2.5 OK for: optionator@0.9.4 want: ^1.2.5
2181 silly placeDep ROOT p-limit@3.1.0 OK for: p-locate@5.0.0 want: ^3.0.2
2182 silly fetch manifest yocto-queue@^0.1.0
2183 silly packumentCache full:https://registry.npmjs.org/yocto-queue cache-miss
2184 http fetch GET 200 https://registry.npmjs.org/yocto-queue 37ms (cache miss)
2185 silly packumentCache full:https://registry.npmjs.org/yocto-queue set size:undefined disposed:false
2186 silly placeDep ROOT yocto-queue@0.1.0 OK for: p-limit@3.1.0 want: ^0.1.0
2187 silly placeDep ROOT callsites@3.1.0 OK for: parent-module@1.0.1 want: ^3.0.0
2188 silly placeDep ROOT nanoid@3.3.17 OK for: postcss@8.5.25 want: ^3.3.16
2189 silly placeDep ROOT loose-envify@1.4.0 OK for: prop-types@15.8.1 want: ^1.4.0
2190 silly placeDep ROOT object-assign@4.1.1 OK for: prop-types@15.8.1 want: ^4.1.1
2191 silly placeDep ROOT react-is@16.13.1 OK for: prop-types@15.8.1 want: ^16.13.1
2192 silly placeDep ROOT scheduler@0.27.0 OK for: react-dom@19.2.8 want: ^0.27.0
2193 silly placeDep ROOT node-exports-info@1.6.2 OK for: resolve@2.0.0-next.7 want: ^1.6.0
2194 silly placeDep ROOT path-parse@1.0.7 OK for: resolve@2.0.0-next.7 want: ^1.0.7
2195 silly placeDep ROOT supports-preserve-symlinks-flag@1.0.0 OK for: resolve@2.0.0-next.7 want: ^1.0.0
2196 silly placeDep ROOT queue-microtask@1.2.3 OK for: run-parallel@1.2.0 want: ^1.2.2
2197 silly placeDep ROOT isarray@2.0.5 OK for: safe-array-concat@1.1.4 want: ^2.0.5
2198 silly placeDep ROOT @img/colour@1.1.0 OK for: sharp@0.35.3 want: ^1.1.0
2199 silly placeDep ROOT @img/sharp-darwin-arm64@0.35.3 OK for: sharp@0.35.3 want: 0.35.3
2200 silly placeDep ROOT @img/sharp-darwin-x64@0.35.3 OK for: sharp@0.35.3 want: 0.35.3
2201 silly placeDep ROOT @img/sharp-freebsd-wasm32@0.35.3 OK for: sharp@0.35.3 want: 0.35.3
2202 silly placeDep ROOT @img/sharp-libvips-darwin-arm64@1.3.2 OK for: sharp@0.35.3 want: 1.3.2
2203 silly placeDep ROOT @img/sharp-libvips-darwin-x64@1.3.2 OK for: sharp@0.35.3 want: 1.3.2
2204 silly placeDep ROOT @img/sharp-libvips-linux-arm@1.3.2 OK for: sharp@0.35.3 want: 1.3.2
2205 silly placeDep ROOT @img/sharp-libvips-linux-arm64@1.3.2 OK for: sharp@0.35.3 want: 1.3.2
2206 silly placeDep ROOT @img/sharp-libvips-linux-ppc64@1.3.2 OK for: sharp@0.35.3 want: 1.3.2
2207 silly placeDep ROOT @img/sharp-libvips-linux-riscv64@1.3.2 OK for: sharp@0.35.3 want: 1.3.2
2208 silly placeDep ROOT @img/sharp-libvips-linux-s390x@1.3.2 OK for: sharp@0.35.3 want: 1.3.2
2209 silly placeDep ROOT @img/sharp-libvips-linux-x64@1.3.2 OK for: sharp@0.35.3 want: 1.3.2
2210 silly placeDep ROOT @img/sharp-libvips-linuxmusl-arm64@1.3.2 OK for: sharp@0.35.3 want: 1.3.2
2211 silly placeDep ROOT @img/sharp-libvips-linuxmusl-x64@1.3.2 OK for: sharp@0.35.3 want: 1.3.2
2212 silly placeDep ROOT @img/sharp-linux-arm@0.35.3 OK for: sharp@0.35.3 want: 0.35.3
2213 silly placeDep ROOT @img/sharp-linux-arm64@0.35.3 OK for: sharp@0.35.3 want: 0.35.3
2214 silly placeDep ROOT @img/sharp-linux-ppc64@0.35.3 OK for: sharp@0.35.3 want: 0.35.3
2215 silly placeDep ROOT @img/sharp-linux-riscv64@0.35.3 OK for: sharp@0.35.3 want: 0.35.3
2216 silly placeDep ROOT @img/sharp-linux-s390x@0.35.3 OK for: sharp@0.35.3 want: 0.35.3
2217 silly placeDep ROOT @img/sharp-linux-x64@0.35.3 OK for: sharp@0.35.3 want: 0.35.3
2218 silly placeDep ROOT @img/sharp-linuxmusl-arm64@0.35.3 OK for: sharp@0.35.3 want: 0.35.3
2219 silly placeDep ROOT @img/sharp-linuxmusl-x64@0.35.3 OK for: sharp@0.35.3 want: 0.35.3
2220 silly placeDep ROOT @img/sharp-webcontainers-wasm32@0.35.3 OK for: sharp@0.35.3 want: 0.35.3
2221 silly placeDep ROOT @img/sharp-win32-arm64@0.35.3 OK for: sharp@0.35.3 want: 0.35.3
2222 silly placeDep ROOT @img/sharp-win32-ia32@0.35.3 OK for: sharp@0.35.3 want: 0.35.3
2223 silly placeDep ROOT @img/sharp-win32-x64@0.35.3 OK for: sharp@0.35.3 want: 0.35.3
2224 silly placeDep node_modules/sharp semver@7.8.5 OK for: sharp@0.35.3 want: ^7.8.5
2225 silly fetch manifest @img/sharp-wasm32@0.35.3
2226 silly packumentCache full:https://registry.npmjs.org/@img%2fsharp-wasm32 cache-miss
2227 silly fetch manifest @img/sharp-wasm32@0.35.3
2228 silly packumentCache full:https://registry.npmjs.org/@img%2fsharp-wasm32 cache-miss
2229 http fetch GET 200 https://registry.npmjs.org/@img%2fsharp-wasm32 52ms (cache miss)
2230 silly packumentCache full:https://registry.npmjs.org/@img%2fsharp-wasm32 set size:undefined disposed:false
2231 http fetch GET 200 https://registry.npmjs.org/@img%2fsharp-wasm32 54ms (cache miss)
2232 silly packumentCache full:https://registry.npmjs.org/@img%2fsharp-wasm32 set size:undefined disposed:false
2233 silly placeDep ROOT @img/sharp-wasm32@0.35.3 OK for: @img/sharp-freebsd-wasm32@0.35.3 want: 0.35.3
2234 silly fetch manifest @emnapi/runtime@^1.11.1
2235 silly packumentCache full:https://registry.npmjs.org/@emnapi%2fruntime cache-miss
2236 http fetch GET 200 https://registry.npmjs.org/@emnapi%2fruntime 55ms (cache miss)
2237 silly packumentCache full:https://registry.npmjs.org/@emnapi%2fruntime set size:undefined disposed:false
2238 silly placeDep ROOT @emnapi/runtime@1.11.3 OK for: @img/sharp-wasm32@0.35.3 want: ^1.11.1
2239 silly placeDep ROOT shebang-regex@3.0.0 OK for: shebang-command@2.0.0 want: ^3.0.0
2240 silly placeDep ROOT side-channel-list@1.0.1 OK for: side-channel@1.1.1 want: ^1.0.1
2241 silly placeDep ROOT side-channel-map@1.0.1 OK for: side-channel@1.1.1 want: ^1.0.1
2242 silly placeDep ROOT side-channel-weakmap@1.0.2 OK for: side-channel@1.1.1 want: ^1.0.2
2243 silly placeDep ROOT client-only@0.0.1 OK for: styled-jsx@5.1.6 want: 0.0.1
2244 silly placeDep ROOT has-flag@4.0.0 OK for: supports-color@7.2.0 want: ^4.0.0
2245 silly placeDep node_modules/tinyglobby fdir@6.5.0 OK for: tinyglobby@0.2.17 want: ^6.5.0
2246 silly placeDep node_modules/tinyglobby picomatch@4.0.5 OK for: fdir@6.5.0 want: ^3 || ^4
2247 silly placeDep ROOT is-number@7.0.0 OK for: to-regex-range@5.0.1 want: ^7.0.0
2248 silly placeDep ROOT @types/json5@0.0.29 OK for: tsconfig-paths@3.15.0 want: ^0.0.29
2249 silly placeDep node_modules/tsconfig-paths json5@1.0.2 OK for: tsconfig-paths@3.15.0 want: ^1.0.2
2250 silly placeDep ROOT minimist@1.2.8 OK for: tsconfig-paths@3.15.0 want: ^1.2.6
2251 silly placeDep ROOT strip-bom@3.0.0 OK for: tsconfig-paths@3.15.0 want: ^3.0.0
2252 silly fetch manifest minimist@^1.2.0
2253 silly packumentCache full:https://registry.npmjs.org/minimist cache-miss
2254 http cache https://registry.npmjs.org/minimist 2ms (cache hit)
2255 silly packumentCache full:https://registry.npmjs.org/minimist set size:77063 disposed:false
2256 silly placeDep ROOT for-each@0.3.5 OK for: typed-array-byte-length@1.0.3 want: ^0.3.3
2257 silly placeDep ROOT reflect.getprototypeof@1.0.10 OK for: typed-array-byte-offset@1.0.4 want: ^1.0.9
2258 silly fetch manifest which-builtin-type@^1.2.1
2259 silly packumentCache full:https://registry.npmjs.org/which-builtin-type cache-miss
2260 http fetch GET 200 https://registry.npmjs.org/which-builtin-type 109ms (cache miss)
2261 silly packumentCache full:https://registry.npmjs.org/which-builtin-type set size:undefined disposed:false
2262 silly placeDep ROOT which-builtin-type@1.2.1 OK for: reflect.getprototypeof@1.0.10 want: ^1.2.1
2263 silly fetch manifest is-async-function@^2.0.0
2264 silly packumentCache full:https://registry.npmjs.org/is-async-function cache-miss
2265 silly fetch manifest is-finalizationregistry@^1.1.0
2266 silly packumentCache full:https://registry.npmjs.org/is-finalizationregistry cache-miss
2267 silly fetch manifest is-generator-function@^1.0.10
2268 silly packumentCache full:https://registry.npmjs.org/is-generator-function cache-miss
2269 silly fetch manifest which-boxed-primitive@^1.1.0
2270 silly packumentCache full:https://registry.npmjs.org/which-boxed-primitive cache-miss
2271 silly fetch manifest which-collection@^1.0.2
2272 silly packumentCache full:https://registry.npmjs.org/which-collection cache-miss
2273 http cache https://registry.npmjs.org/which-boxed-primitive 4ms (cache hit)
2274 silly packumentCache full:https://registry.npmjs.org/which-boxed-primitive set size:19407 disposed:false
2275 http fetch GET 200 https://registry.npmjs.org/is-finalizationregistry 34ms (cache miss)
2276 silly packumentCache full:https://registry.npmjs.org/is-finalizationregistry set size:undefined disposed:false
2277 http fetch GET 200 https://registry.npmjs.org/is-generator-function 39ms (cache miss)
2278 silly packumentCache full:https://registry.npmjs.org/is-generator-function set size:undefined disposed:false
2279 http fetch GET 200 https://registry.npmjs.org/is-async-function 121ms (cache miss)
2280 silly packumentCache full:https://registry.npmjs.org/is-async-function set size:undefined disposed:false
2281 http fetch GET 200 https://registry.npmjs.org/which-collection 121ms (cache miss)
2282 silly packumentCache full:https://registry.npmjs.org/which-collection set size:undefined disposed:false
2283 silly fetch manifest eslint@^8.57.0 || ^9.0.0 || ^10.0.0
2284 silly packumentCache full:https://registry.npmjs.org/eslint cache-miss
2285 http cache https://registry.npmjs.org/eslint 4ms (cache hit)
2286 silly packumentCache full:https://registry.npmjs.org/eslint set size:2040662 disposed:false
2287 silly placeDep ROOT @typescript-eslint/eslint-plugin@8.66.0 OK for: typescript-eslint@8.66.0 want: 8.66.0
2288 silly placeDep ROOT @typescript-eslint/parser@8.66.0 OK for: @typescript-eslint/eslint-plugin@8.66.0 want: ^8.66.0
2289 silly placeDep ROOT @typescript-eslint/typescript-estree@8.66.0 OK for: typescript-eslint@8.66.0 want: 8.66.0
2290 silly placeDep ROOT @typescript-eslint/utils@8.66.0 OK for: typescript-eslint@8.66.0 want: 8.66.0
2291 silly fetch manifest ignore@^7.0.5
2292 silly packumentCache full:https://registry.npmjs.org/ignore cache-miss
2293 silly fetch manifest ts-api-utils@^2.5.0
2294 silly packumentCache full:https://registry.npmjs.org/ts-api-utils cache-miss
2295 silly fetch manifest @typescript-eslint/type-utils@8.66.0
2296 silly packumentCache full:https://registry.npmjs.org/@typescript-eslint%2ftype-utils cache-miss
2297 silly fetch manifest @typescript-eslint/visitor-keys@8.66.0
2298 silly packumentCache full:https://registry.npmjs.org/@typescript-eslint%2fvisitor-keys cache-miss
2299 silly fetch manifest @typescript-eslint/scope-manager@8.66.0
2300 silly packumentCache full:https://registry.npmjs.org/@typescript-eslint%2fscope-manager cache-miss
2301 silly fetch manifest @typescript-eslint/types@8.66.0
2302 silly packumentCache full:https://registry.npmjs.org/@typescript-eslint%2ftypes cache-miss
2303 silly fetch manifest @typescript-eslint/visitor-keys@8.66.0
2304 silly packumentCache full:https://registry.npmjs.org/@typescript-eslint%2fvisitor-keys cache-miss
2305 silly fetch manifest @typescript-eslint/scope-manager@8.66.0
2306 silly packumentCache full:https://registry.npmjs.org/@typescript-eslint%2fscope-manager cache-miss
2307 silly fetch manifest semver@^7.7.3
2308 silly packumentCache full:https://registry.npmjs.org/semver cache-hit
2309 silly fetch manifest minimatch@^10.2.2
2310 silly packumentCache full:https://registry.npmjs.org/minimatch cache-miss
2311 http cache https://registry.npmjs.org/ignore 5ms (cache hit)
2312 silly packumentCache full:https://registry.npmjs.org/ignore set size:240910 disposed:false
2313 silly fetch manifest ts-api-utils@^2.5.0
2314 silly packumentCache full:https://registry.npmjs.org/ts-api-utils cache-miss
2315 http cache https://registry.npmjs.org/minimatch 4ms (cache hit)
2316 silly packumentCache full:https://registry.npmjs.org/minimatch set size:377924 disposed:false
2317 silly fetch manifest @typescript-eslint/types@8.66.0
2318 silly packumentCache full:https://registry.npmjs.org/@typescript-eslint%2ftypes cache-miss
2319 http fetch GET 200 https://registry.npmjs.org/ts-api-utils 44ms (cache miss)
2320 silly packumentCache full:https://registry.npmjs.org/ts-api-utils set size:undefined disposed:false
2321 silly fetch manifest @typescript-eslint/visitor-keys@8.66.0
2322 silly packumentCache full:https://registry.npmjs.org/@typescript-eslint%2fvisitor-keys cache-miss
2323 http fetch GET 200 https://registry.npmjs.org/ts-api-utils 52ms (cache miss)
2324 silly packumentCache full:https://registry.npmjs.org/ts-api-utils set size:undefined disposed:false
2325 silly fetch manifest @typescript-eslint/tsconfig-utils@8.66.0
2326 silly packumentCache full:https://registry.npmjs.org/@typescript-eslint%2ftsconfig-utils cache-miss
2327 http fetch GET 200 https://registry.npmjs.org/@typescript-eslint%2ftsconfig-utils 95ms (cache miss)
2328 silly packumentCache full:https://registry.npmjs.org/@typescript-eslint%2ftsconfig-utils set size:undefined disposed:false
2329 silly fetch manifest @typescript-eslint/project-service@8.66.0
2330 silly packumentCache full:https://registry.npmjs.org/@typescript-eslint%2fproject-service cache-miss
2331 http fetch GET 200 https://registry.npmjs.org/@typescript-eslint%2fproject-service 157ms (cache miss)
2332 silly packumentCache full:https://registry.npmjs.org/@typescript-eslint%2fproject-service set size:undefined disposed:false
2333 silly fetch manifest @typescript-eslint/types@8.66.0
2334 silly packumentCache full:https://registry.npmjs.org/@typescript-eslint%2ftypes cache-miss
2335 http fetch GET 200 https://registry.npmjs.org/@typescript-eslint%2ftype-utils 336ms (cache miss)
2336 silly packumentCache full:https://registry.npmjs.org/@typescript-eslint%2ftype-utils set size:undefined disposed:false
2337 silly fetch manifest @typescript-eslint/scope-manager@8.66.0
2338 silly packumentCache full:https://registry.npmjs.org/@typescript-eslint%2fscope-manager cache-miss
2339 http fetch GET 200 https://registry.npmjs.org/@typescript-eslint%2fvisitor-keys 378ms (cache miss)
2340 silly packumentCache full:https://registry.npmjs.org/@typescript-eslint%2fvisitor-keys set size:undefined disposed:false
2341 http fetch GET 200 https://registry.npmjs.org/@typescript-eslint%2fvisitor-keys 425ms (cache miss)
2342 silly packumentCache full:https://registry.npmjs.org/@typescript-eslint%2fvisitor-keys set size:undefined disposed:false
2343 http fetch GET 200 https://registry.npmjs.org/@typescript-eslint%2fscope-manager 463ms (cache miss)
2344 silly packumentCache full:https://registry.npmjs.org/@typescript-eslint%2fscope-manager set size:undefined disposed:false
2345 http fetch GET 200 https://registry.npmjs.org/@typescript-eslint%2ftypes 494ms (cache miss)
2346 silly packumentCache full:https://registry.npmjs.org/@typescript-eslint%2ftypes set size:undefined disposed:false
2347 http fetch GET 200 https://registry.npmjs.org/@typescript-eslint%2fscope-manager 534ms (cache miss)
2348 silly packumentCache full:https://registry.npmjs.org/@typescript-eslint%2fscope-manager set size:undefined disposed:false
2349 http fetch GET 200 https://registry.npmjs.org/@typescript-eslint%2ftypes 577ms (cache miss)
2350 silly packumentCache full:https://registry.npmjs.org/@typescript-eslint%2ftypes set size:undefined disposed:false
2351 http fetch GET 200 https://registry.npmjs.org/@typescript-eslint%2fvisitor-keys 573ms (cache miss)
2352 silly packumentCache full:https://registry.npmjs.org/@typescript-eslint%2fvisitor-keys set size:undefined disposed:false
2353 http fetch GET 200 https://registry.npmjs.org/@typescript-eslint%2ftypes 380ms (cache miss)
2354 silly packumentCache full:https://registry.npmjs.org/@typescript-eslint%2ftypes set size:undefined disposed:false
2355 http fetch GET 200 https://registry.npmjs.org/@typescript-eslint%2fscope-manager 367ms (cache miss)
2356 silly packumentCache full:https://registry.npmjs.org/@typescript-eslint%2fscope-manager set size:undefined disposed:false
2357 silly placeDep ROOT @typescript-eslint/scope-manager@8.66.0 OK for: @typescript-eslint/eslint-plugin@8.66.0 want: 8.66.0
2358 silly placeDep ROOT @typescript-eslint/type-utils@8.66.0 OK for: @typescript-eslint/eslint-plugin@8.66.0 want: 8.66.0
2359 silly placeDep ROOT @typescript-eslint/visitor-keys@8.66.0 OK for: @typescript-eslint/eslint-plugin@8.66.0 want: 8.66.0
2360 silly placeDep node_modules/@typescript-eslint/eslint-plugin ignore@7.0.6 OK for: @typescript-eslint/eslint-plugin@8.66.0 want: ^7.0.5
2361 silly placeDep ROOT ts-api-utils@2.5.0 OK for: @typescript-eslint/eslint-plugin@8.66.0 want: ^2.5.0
2362 silly fetch manifest eslint-visitor-keys@^5.0.0
2363 silly packumentCache full:https://registry.npmjs.org/eslint-visitor-keys cache-hit
2364 silly placeDep ROOT @typescript-eslint/types@8.66.0 OK for: @typescript-eslint/parser@8.66.0 want: 8.66.0
2365 silly placeDep ROOT @typescript-eslint/project-service@8.66.0 OK for: @typescript-eslint/typescript-estree@8.66.0 want: 8.66.0
2366 silly placeDep ROOT @typescript-eslint/tsconfig-utils@8.66.0 OK for: @typescript-eslint/typescript-estree@8.66.0 want: 8.66.0
2367 silly placeDep node_modules/@typescript-eslint/typescript-estree minimatch@10.2.6 OK for: @typescript-eslint/typescript-estree@8.66.0 want: ^10.2.2
2368 silly placeDep node_modules/@typescript-eslint/typescript-estree semver@7.8.5 OK for: @typescript-eslint/typescript-estree@8.66.0 want: ^7.7.3
2369 silly fetch manifest @typescript-eslint/tsconfig-utils@^8.66.0
2370 silly packumentCache full:https://registry.npmjs.org/@typescript-eslint%2ftsconfig-utils cache-miss
2371 silly fetch manifest brace-expansion@^5.0.8
2372 silly packumentCache full:https://registry.npmjs.org/brace-expansion cache-miss
2373 http cache https://registry.npmjs.org/brace-expansion 6ms (cache hit)
2374 silly packumentCache full:https://registry.npmjs.org/brace-expansion set size:101024 disposed:false
2375 http cache https://registry.npmjs.org/@typescript-eslint%2ftsconfig-utils 7ms (cache hit)
2376 silly packumentCache full:https://registry.npmjs.org/@typescript-eslint%2ftsconfig-utils set size:1643740 disposed:false
2377 silly placeDep node_modules/@typescript-eslint/visitor-keys eslint-visitor-keys@5.0.1 OK for: @typescript-eslint/visitor-keys@8.66.0 want: ^5.0.0
2378 silly placeDep ROOT has-bigints@1.1.0 OK for: unbox-primitive@1.1.0 want: ^1.0.2
2379 silly placeDep ROOT which-boxed-primitive@1.1.1 OK for: unbox-primitive@1.1.0 want: ^1.1.1
2380 silly fetch manifest is-bigint@^1.1.0
2381 silly packumentCache full:https://registry.npmjs.org/is-bigint cache-miss
2382 silly fetch manifest is-boolean-object@^1.2.1
2383 silly packumentCache full:https://registry.npmjs.org/is-boolean-object cache-miss
2384 silly fetch manifest is-number-object@^1.1.1
2385 silly packumentCache full:https://registry.npmjs.org/is-number-object cache-miss
2386 http fetch GET 200 https://registry.npmjs.org/is-bigint 33ms (cache miss)
2387 silly packumentCache full:https://registry.npmjs.org/is-bigint set size:undefined disposed:false
2388 http fetch GET 200 https://registry.npmjs.org/is-number-object 33ms (cache miss)
2389 silly packumentCache full:https://registry.npmjs.org/is-number-object set size:undefined disposed:false
2390 http fetch GET 200 https://registry.npmjs.org/is-boolean-object 40ms (cache miss)
2391 silly packumentCache full:https://registry.npmjs.org/is-boolean-object set size:undefined disposed:false
2392 silly placeDep ROOT @unrs/resolver-binding-android-arm-eabi@1.12.2 OK for: unrs-resolver@1.12.2 want: 1.12.2
2393 silly placeDep ROOT @unrs/resolver-binding-android-arm64@1.12.2 OK for: unrs-resolver@1.12.2 want: 1.12.2
2394 silly placeDep ROOT @unrs/resolver-binding-darwin-arm64@1.12.2 OK for: unrs-resolver@1.12.2 want: 1.12.2
2395 silly placeDep ROOT @unrs/resolver-binding-darwin-x64@1.12.2 OK for: unrs-resolver@1.12.2 want: 1.12.2
2396 silly placeDep ROOT @unrs/resolver-binding-freebsd-x64@1.12.2 OK for: unrs-resolver@1.12.2 want: 1.12.2
2397 silly placeDep ROOT @unrs/resolver-binding-linux-arm-gnueabihf@1.12.2 OK for: unrs-resolver@1.12.2 want: 1.12.2
2398 silly placeDep ROOT @unrs/resolver-binding-linux-arm-musleabihf@1.12.2 OK for: unrs-resolver@1.12.2 want: 1.12.2
2399 silly placeDep ROOT @unrs/resolver-binding-linux-arm64-gnu@1.12.2 OK for: unrs-resolver@1.12.2 want: 1.12.2
2400 silly placeDep ROOT @unrs/resolver-binding-linux-arm64-musl@1.12.2 OK for: unrs-resolver@1.12.2 want: 1.12.2
2401 silly placeDep ROOT @unrs/resolver-binding-linux-loong64-gnu@1.12.2 OK for: unrs-resolver@1.12.2 want: 1.12.2
2402 silly placeDep ROOT @unrs/resolver-binding-linux-loong64-musl@1.12.2 OK for: unrs-resolver@1.12.2 want: 1.12.2
2403 silly placeDep ROOT @unrs/resolver-binding-linux-ppc64-gnu@1.12.2 OK for: unrs-resolver@1.12.2 want: 1.12.2
2404 silly placeDep ROOT @unrs/resolver-binding-linux-riscv64-gnu@1.12.2 OK for: unrs-resolver@1.12.2 want: 1.12.2
2405 silly placeDep ROOT @unrs/resolver-binding-linux-riscv64-musl@1.12.2 OK for: unrs-resolver@1.12.2 want: 1.12.2
2406 silly placeDep ROOT @unrs/resolver-binding-linux-s390x-gnu@1.12.2 OK for: unrs-resolver@1.12.2 want: 1.12.2
2407 silly placeDep ROOT @unrs/resolver-binding-linux-x64-gnu@1.12.2 OK for: unrs-resolver@1.12.2 want: 1.12.2
2408 silly placeDep ROOT @unrs/resolver-binding-linux-x64-musl@1.12.2 OK for: unrs-resolver@1.12.2 want: 1.12.2
2409 silly placeDep ROOT @unrs/resolver-binding-openharmony-arm64@1.12.2 OK for: unrs-resolver@1.12.2 want: 1.12.2
2410 silly placeDep ROOT @unrs/resolver-binding-wasm32-wasi@1.12.2 OK for: unrs-resolver@1.12.2 want: 1.12.2
2411 silly placeDep ROOT @unrs/resolver-binding-win32-arm64-msvc@1.12.2 OK for: unrs-resolver@1.12.2 want: 1.12.2
2412 silly placeDep ROOT @unrs/resolver-binding-win32-ia32-msvc@1.12.2 OK for: unrs-resolver@1.12.2 want: 1.12.2
2413 silly placeDep ROOT @unrs/resolver-binding-win32-x64-msvc@1.12.2 OK for: unrs-resolver@1.12.2 want: 1.12.2
2414 silly placeDep ROOT napi-postinstall@0.3.4 OK for: unrs-resolver@1.12.2 want: ^0.3.4
2415 silly fetch manifest @napi-rs/wasm-runtime@^1.1.4
2416 silly packumentCache full:https://registry.npmjs.org/@napi-rs%2fwasm-runtime cache-miss
2417 silly fetch manifest @emnapi/core@1.10.0
2418 silly packumentCache full:https://registry.npmjs.org/@emnapi%2fcore cache-miss
2419 silly fetch manifest @emnapi/runtime@1.10.0
2420 silly packumentCache full:https://registry.npmjs.org/@emnapi%2fruntime cache-miss
2421 http cache https://registry.npmjs.org/@emnapi%2fruntime 2ms (cache hit)
2422 silly packumentCache full:https://registry.npmjs.org/@emnapi%2fruntime set size:122916 disposed:false
2423 http fetch GET 200 https://registry.npmjs.org/@napi-rs%2fwasm-runtime 52ms (cache miss)
2424 silly packumentCache full:https://registry.npmjs.org/@napi-rs%2fwasm-runtime set size:undefined disposed:false
2425 http fetch GET 200 https://registry.npmjs.org/@emnapi%2fcore 53ms (cache miss)
2426 silly packumentCache full:https://registry.npmjs.org/@emnapi%2fcore set size:undefined disposed:false
2427 silly placeDep ROOT @emnapi/core@1.10.0 OK for: @unrs/resolver-binding-wasm32-wasi@1.12.2 want: 1.10.0
2428 silly placeDep node_modules/@unrs/resolver-binding-wasm32-wasi @emnapi/runtime@1.10.0 OK for: @unrs/resolver-binding-wasm32-wasi@1.12.2 want: 1.10.0
2429 silly placeDep ROOT @napi-rs/wasm-runtime@1.2.2 OK for: @unrs/resolver-binding-wasm32-wasi@1.12.2 want: ^1.1.4
2430 silly fetch manifest @emnapi/wasi-threads@1.2.1
2431 silly packumentCache full:https://registry.npmjs.org/@emnapi%2fwasi-threads cache-miss
2432 silly fetch manifest @tybys/wasm-util@^0.10.3
2433 silly packumentCache full:https://registry.npmjs.org/@tybys%2fwasm-util cache-miss
2434 http fetch GET 200 https://registry.npmjs.org/@emnapi%2fwasi-threads 54ms (cache miss)
2435 silly packumentCache full:https://registry.npmjs.org/@emnapi%2fwasi-threads set size:undefined disposed:false
2436 http fetch GET 200 https://registry.npmjs.org/@tybys%2fwasm-util 68ms (cache miss)
2437 silly packumentCache full:https://registry.npmjs.org/@tybys%2fwasm-util set size:undefined disposed:false
2438 silly placeDep ROOT @emnapi/wasi-threads@1.2.1 OK for: @emnapi/core@1.10.0 want: 1.2.1
2439 silly placeDep ROOT @tybys/wasm-util@0.10.3 OK for: @napi-rs/wasm-runtime@1.2.2 want: ^0.10.3
2440 silly placeDep ROOT escalade@3.2.0 OK for: update-browserslist-db@1.2.3 want: ^3.2.0
2441 silly placeDep ROOT punycode@2.3.1 OK for: uri-js@4.4.1 want: ^2.1.0
2442 silly placeDep ROOT isexe@2.0.0 OK for: which@2.0.2 want: ^2.0.0
2443 silly placeDep ROOT is-bigint@1.1.0 OK for: which-boxed-primitive@1.1.1 want: ^1.1.0
2444 silly placeDep ROOT is-boolean-object@1.2.2 OK for: which-boxed-primitive@1.1.1 want: ^1.2.1
2445 silly placeDep ROOT is-number-object@1.1.1 OK for: which-boxed-primitive@1.1.1 want: ^1.1.1
2446 silly placeDep ROOT is-async-function@2.1.1 OK for: which-builtin-type@1.2.1 want: ^2.0.0
2447 silly placeDep ROOT is-finalizationregistry@1.1.1 OK for: which-builtin-type@1.2.1 want: ^1.1.0
2448 silly placeDep ROOT is-generator-function@1.1.2 OK for: which-builtin-type@1.2.1 want: ^1.0.10
2449 silly placeDep ROOT which-collection@1.0.2 OK for: which-builtin-type@1.2.1 want: ^1.0.2
2450 silly fetch manifest async-function@^1.0.0
2451 silly packumentCache full:https://registry.npmjs.org/async-function cache-miss
2452 silly fetch manifest generator-function@^2.0.0
2453 silly packumentCache full:https://registry.npmjs.org/generator-function cache-miss
2454 silly fetch manifest is-map@^2.0.3
2455 silly packumentCache full:https://registry.npmjs.org/is-map cache-miss
2456 silly fetch manifest is-weakmap@^2.0.2
2457 silly packumentCache full:https://registry.npmjs.org/is-weakmap cache-miss
2458 silly fetch manifest is-weakset@^2.0.3
2459 silly packumentCache full:https://registry.npmjs.org/is-weakset cache-miss
2460 http fetch GET 200 https://registry.npmjs.org/generator-function 25ms (cache miss)
2461 silly packumentCache full:https://registry.npmjs.org/generator-function set size:undefined disposed:false
2462 http fetch GET 200 https://registry.npmjs.org/is-weakmap 40ms (cache miss)
2463 silly packumentCache full:https://registry.npmjs.org/is-weakmap set size:undefined disposed:false
2464 http fetch GET 200 https://registry.npmjs.org/async-function 41ms (cache miss)
2465 silly packumentCache full:https://registry.npmjs.org/async-function set size:undefined disposed:false
2466 http fetch GET 200 https://registry.npmjs.org/is-map 41ms (cache miss)
2467 silly packumentCache full:https://registry.npmjs.org/is-map set size:undefined disposed:false
2468 http fetch GET 200 https://registry.npmjs.org/is-weakset 41ms (cache miss)
2469 silly packumentCache full:https://registry.npmjs.org/is-weakset set size:undefined disposed:false
2470 silly placeDep ROOT async-function@1.0.0 OK for: is-async-function@2.1.1 want: ^1.0.0
2471 silly placeDep ROOT generator-function@2.0.1 OK for: is-generator-function@1.1.2 want: ^2.0.0
2472 silly placeDep ROOT is-map@2.0.3 OK for: which-collection@1.0.2 want: ^2.0.3
2473 silly placeDep ROOT is-weakmap@2.0.2 OK for: which-collection@1.0.2 want: ^2.0.2
2474 silly placeDep ROOT is-weakset@2.0.4 OK for: which-collection@1.0.2 want: ^2.0.3
2475 silly placeDep node_modules/@next/eslint-plugin-next eslint-visitor-keys@3.4.3 OK for: @eslint-community/eslint-utils@4.9.1 want: ^3.4.3
2476 silly placeDep node_modules/@typescript-eslint/typescript-estree brace-expansion@5.0.9 OK for: minimatch@10.2.6 want: ^5.0.8
2477 silly fetch manifest balanced-match@^4.0.2
2478 silly packumentCache full:https://registry.npmjs.org/balanced-match cache-miss
2479 http cache https://registry.npmjs.org/balanced-match 2ms (cache hit)
2480 silly packumentCache full:https://registry.npmjs.org/balanced-match set size:39082 disposed:false
2481 silly placeDep node_modules/@typescript-eslint/typescript-estree balanced-match@4.0.4 OK for: brace-expansion@5.0.9 want: ^4.0.2
2482 silly reify moves {}
2483 silly audit bulk request {
2483 silly audit   '@tailwindcss/postcss': [ '4.3.3' ],
2483 silly audit   eslint: [ '9.39.5' ],
2483 silly audit   'eslint-config-next': [ '16.3.0' ],
2483 silly audit   next: [ '16.3.0' ],
2483 silly audit   react: [ '19.2.8' ],
2483 silly audit   'react-dom': [ '19.2.8' ],
2483 silly audit   tailwindcss: [ '4.3.3' ],
2483 silly audit   '@alloc/quick-lru': [ '5.2.0' ],
2483 silly audit   '@tailwindcss/node': [ '4.3.3' ],
2483 silly audit   '@tailwindcss/oxide': [ '4.3.3' ],
2483 silly audit   postcss: [ '8.5.25', '8.5.23' ],
2483 silly audit   '@jridgewell/remapping': [ '2.3.5' ],
2483 silly audit   'enhanced-resolve': [ '5.24.5' ],
2483 silly audit   jiti: [ '2.7.0' ],
2483 silly audit   lightningcss: [ '1.32.0' ],
2483 silly audit   'magic-string': [ '0.30.21' ],
2483 silly audit   'source-map-js': [ '1.2.1' ],
2483 silly audit   '@jridgewell/gen-mapping': [ '0.3.13' ],
2483 silly audit   '@jridgewell/trace-mapping': [ '0.3.31' ],
2483 silly audit   '@jridgewell/sourcemap-codec': [ '1.5.5' ],
2483 silly audit   '@jridgewell/resolve-uri': [ '3.1.2' ],
2483 silly audit   '@tailwindcss/oxide-android-arm64': [ '4.3.3' ],
2483 silly audit   '@tailwindcss/oxide-darwin-arm64': [ '4.3.3' ],
2483 silly audit   '@tailwindcss/oxide-darwin-x64': [ '4.3.3' ],
2483 silly audit   '@tailwindcss/oxide-freebsd-x64': [ '4.3.3' ],
2483 silly audit   '@tailwindcss/oxide-linux-arm-gnueabihf': [ '4.3.3' ],
2483 silly audit   '@tailwindcss/oxide-linux-arm64-gnu': [ '4.3.3' ],
2483 silly audit   '@tailwindcss/oxide-linux-arm64-musl': [ '4.3.3' ],
2483 silly audit   '@tailwindcss/oxide-linux-x64-gnu': [ '4.3.3' ],
2483 silly audit   '@tailwindcss/oxide-linux-x64-musl': [ '4.3.3' ],
2483 silly audit   '@tailwindcss/oxide-wasm32-wasi': [ '4.3.3' ],
2483 silly audit   '@tailwindcss/oxide-win32-arm64-msvc': [ '4.3.3' ],
2483 silly audit   '@tailwindcss/oxide-win32-x64-msvc': [ '4.3.3' ],
2483 silly audit   'graceful-fs': [ '4.2.11' ],
2483 silly audit   tapable: [ '2.3.3' ],
2483 silly audit   '@eslint-community/eslint-utils': [ '4.10.1', '4.9.1' ],
2483 silly audit   '@eslint-community/regexpp': [ '4.12.2' ],
2483 silly audit   '@eslint/config-array': [ '0.21.2' ],
2483 silly audit   '@eslint/config-helpers': [ '0.4.2' ],
2483 silly audit   '@eslint/core': [ '0.17.0' ],
2483 silly audit   '@eslint/eslintrc': [ '3.3.6' ],
2483 silly audit   '@eslint/js': [ '9.39.5' ],
2483 silly audit   '@eslint/plugin-kit': [ '0.4.1' ],
2483 silly audit   '@humanfs/node': [ '0.16.8' ],
2483 silly audit   '@humanwhocodes/module-importer': [ '1.0.1' ],
2483 silly audit   '@humanwhocodes/retry': [ '0.4.3' ],
2483 silly audit   '@types/estree': [ '1.0.9' ],
2483 silly audit   ajv: [ '6.15.0' ],
2483 silly audit   chalk: [ '4.1.2' ],
2483 silly audit   'cross-spawn': [ '7.0.6' ],
2483 silly audit   debug: [ '4.4.3', '3.2.7' ],
2483 silly audit   'escape-string-regexp': [ '4.0.0' ],
2483 silly audit   'eslint-scope': [ '8.4.0' ],
2483 silly audit   'eslint-visitor-keys': [ '4.2.1', '3.4.3', '5.0.1' ],
2483 silly audit   espree: [ '10.4.0' ],
2483 silly audit   esquery: [ '1.7.0' ],
2483 silly audit   esutils: [ '2.0.3' ],
2483 silly audit   'fast-deep-equal': [ '3.1.3' ],
2483 silly audit   'file-entry-cache': [ '8.0.0' ],
2483 silly audit   'find-up': [ '5.0.0' ],
2483 silly audit   'glob-parent': [ '6.0.2', '5.1.2' ],
2483 silly audit   ignore: [ '5.3.2', '7.0.6' ],
2483 silly audit   imurmurhash: [ '0.1.4' ],
2483 silly audit   'is-glob': [ '4.0.3' ],
2483 silly audit   'json-stable-stringify-without-jsonify': [ '1.0.1' ],
2483 silly audit   'lodash.merge': [ '4.6.2' ],
2483 silly audit   minimatch: [ '3.1.5', '10.2.6' ],
2483 silly audit   'natural-compare': [ '1.4.0' ],
2483 silly audit   optionator: [ '0.9.4' ],
2483 silly audit   '@eslint/object-schema': [ '2.1.7' ],
2483 silly audit   '@types/json-schema': [ '7.0.15' ],
2483 silly audit   globals: [ '14.0.0', '16.4.0' ],
2483 silly audit   'import-fresh': [ '3.3.1' ],
2483 silly audit   'js-yaml': [ '4.3.1' ],
2483 silly audit   'strip-json-comments': [ '3.1.1' ],
2483 silly audit   levn: [ '0.4.1' ],
2483 silly audit   '@humanfs/core': [ '0.19.2' ],
2483 silly audit   '@humanfs/types': [ '0.15.0' ],
2483 silly audit   'fast-json-stable-stringify': [ '2.1.0' ],
2483 silly audit   'json-schema-traverse': [ '0.4.1' ],
2483 silly audit   'uri-js': [ '4.4.1' ],
2483 silly audit   'ansi-styles': [ '4.3.0' ],
2483 silly audit   'supports-color': [ '7.2.0' ],
2483 silly audit   'color-convert': [ '2.0.1' ],
2483 silly audit   'color-name': [ '1.1.4' ],
2483 silly audit   'path-key': [ '3.1.1' ],
2483 silly audit   'shebang-command': [ '2.0.0' ],
2483 silly audit   which: [ '2.0.2' ],
2483 silly audit   ms: [ '2.1.3' ],
2483 silly audit   '@next/eslint-plugin-next': [ '16.3.0' ],
2483 silly audit   'eslint-import-resolver-node': [ '0.3.10' ],
2483 silly audit   'eslint-import-resolver-typescript': [ '3.10.1' ],
2483 silly audit   'eslint-plugin-import': [ '2.32.0' ],
2483 silly audit   'eslint-plugin-jsx-a11y': [ '6.10.2' ],
2483 silly audit   'eslint-plugin-react': [ '7.37.5' ],
2483 silly audit   'eslint-plugin-react-hooks': [ '7.1.1' ],
2483 silly audit   'typescript-eslint': [ '8.66.0' ],
2483 silly audit   typescript: [ '6.0.3' ],
2483 silly audit   'fast-glob': [ '3.3.1' ],
2483 silly audit   'is-core-module': [ '2.16.2' ],
2483 silly audit   resolve: [ '2.0.0-next.7' ],
2483 silly audit   '@nolyfill/is-core-module': [ '1.0.39' ],
2483 silly audit   'get-tsconfig': [ '4.14.1' ],
2483 silly audit   'is-bun-module': [ '2.0.0' ],
2483 silly audit   'stable-hash': [ '0.0.5' ],
2483 silly audit   tinyglobby: [ '0.2.17' ],
2483 silly audit   'unrs-resolver': [ '1.12.2' ],
2483 silly audit   '@rtsao/scc': [ '1.1.0' ],
2483 silly audit   'array-includes': [ '3.1.9' ],
2483 silly audit   'array.prototype.findlastindex': [ '1.2.6' ],
2483 silly audit   'array.prototype.flat': [ '1.3.3' ],
2483 silly audit   'array.prototype.flatmap': [ '1.3.3' ],
2483 silly audit   doctrine: [ '2.1.0' ],
2483 silly audit   'eslint-module-utils': [ '2.14.0' ],
2483 silly audit   hasown: [ '2.0.4' ],
2483 silly audit   'object.fromentries': [ '2.0.8' ],
2483 silly audit   'object.groupby': [ '1.0.3' ],
2483 silly audit   'object.values': [ '1.2.1' ],
2483 silly audit   semver: [ '6.3.1', '7.8.5' ],
2483 silly audit   'string.prototype.trimend': [ '1.0.10' ],
2483 silly audit   'tsconfig-paths': [ '3.15.0' ],
2483 silly audit   'call-bind': [ '1.0.9' ],
2483 silly audit   'call-bound': [ '1.0.4' ],
2483 silly audit   'define-properties': [ '1.2.1' ],
2483 silly audit   'es-abstract': [ '1.24.2' ],
2483 silly audit   'es-object-atoms': [ '1.1.2' ],
2483 silly audit   'get-intrinsic': [ '1.3.0' ],
2483 silly audit   'is-string': [ '1.1.1' ],
2483 silly audit   'math-intrinsics': [ '1.1.0' ],
2483 silly audit   'es-errors': [ '1.3.0' ],
2483 silly audit   'es-shim-unscopables': [ '1.1.0' ],
2483 silly audit   'call-bind-apply-helpers': [ '1.0.2' ],
2483 silly audit   'es-define-property': [ '1.0.1' ],
2483 silly audit   'set-function-length': [ '1.2.2' ],
2483 silly audit   'function-bind': [ '1.1.2' ],
2483 silly audit   'define-data-property': [ '1.1.4' ],
2483 silly audit   'has-property-descriptors': [ '1.0.2' ],
2483 silly audit   'object-keys': [ '1.1.1' ],
2483 silly audit   gopd: [ '1.2.0' ],
2483 silly audit   'array-buffer-byte-length': [ '1.0.2' ],
2483 silly audit   'arraybuffer.prototype.slice': [ '1.0.4' ],
2483 silly audit   'available-typed-arrays': [ '1.0.7' ],
2483 silly audit   'data-view-buffer': [ '1.0.2' ],
2483 silly audit   'data-view-byte-length': [ '1.0.2' ],
2483 silly audit   'data-view-byte-offset': [ '1.0.1' ],
2483 silly audit   'es-set-tostringtag': [ '2.1.0' ],
2483 silly audit   'es-to-primitive': [ '1.3.4' ],
2483 silly audit   'function.prototype.name': [ '1.2.0' ],
2483 silly audit   'get-proto': [ '1.0.1' ],
2483 silly audit   'get-symbol-description': [ '1.1.0' ],
2483 silly audit   globalthis: [ '1.0.4' ],
2483 silly audit   'has-proto': [ '1.2.0' ],
2483 silly audit   'has-symbols': [ '1.1.0' ],
2483 silly audit   'internal-slot': [ '1.1.0' ],
2483 silly audit   'is-array-buffer': [ '3.0.5' ],
2483 silly audit   'is-callable': [ '1.2.7' ],
2483 silly audit   'is-data-view': [ '1.0.2' ],
2483 silly audit   'is-negative-zero': [ '2.0.3' ],
2483 silly audit   'is-regex': [ '1.2.1' ],
2483 silly audit   'is-set': [ '2.0.3' ],
2483 silly audit   'is-shared-array-buffer': [ '1.0.4' ],
2483 silly audit   'is-typed-array': [ '1.1.15' ],
2483 silly audit   'is-weakref': [ '1.1.1' ],
2483 silly audit   'object-inspect': [ '1.13.4' ],
2483 silly audit   'object.assign': [ '4.1.7' ],
2483 silly audit   'own-keys': [ '1.0.2' ],
2483 silly audit   'regexp.prototype.flags': [ '1.5.4' ],
2483 silly audit   'safe-array-concat': [ '1.1.4' ],
2483 silly audit   'safe-push-apply': [ '1.0.0' ],
2483 silly audit   'safe-regex-test': [ '1.1.0' ],
2483 silly audit   'set-proto': [ '1.0.0' ],
2483 silly audit   'stop-iteration-iterator': [ '1.1.0' ],
2483 silly audit   'string.prototype.trim': [ '1.2.11' ],
2483 silly audit   'string.prototype.trimstart': [ '1.0.8' ],
2483 silly audit   'typed-array-buffer': [ '1.0.3' ],
2483 silly audit   'typed-array-byte-length': [ '1.0.3' ],
2483 silly audit   'typed-array-byte-offset': [ '1.0.4' ],
2483 silly audit   'typed-array-length': [ '1.0.8' ],
2483 silly audit   'unbox-primitive': [ '1.1.0' ],
2483 silly audit   'which-typed-array': [ '1.1.22' ],
2483 silly audit   'possible-typed-array-names': [ '1.1.0' ],
2483 silly audit   'has-tostringtag': [ '1.0.2' ],
2483 silly audit   'es-abstract-get': [ '1.0.0' ],
2483 silly audit   'is-date-object': [ '1.1.0' ],
2483 silly audit   'is-symbol': [ '1.1.1' ],
2483 silly audit   'aria-query': [ '5.3.2' ],
2483 silly audit   'ast-types-flow': [ '0.0.8' ],
2483 silly audit   'axe-core': [ '4.12.1' ],
2483 silly audit   'axobject-query': [ '4.1.0' ],
2483 silly audit   'damerau-levenshtein': [ '1.0.8' ],
2483 silly audit   'emoji-regex': [ '9.2.2' ],
2483 silly audit   'jsx-ast-utils': [ '3.3.5' ],
2483 silly audit   'language-tags': [ '1.0.9' ],
2483 silly audit   'string.prototype.includes': [ '2.0.1' ],
2483 silly audit   'array.prototype.findlast': [ '1.2.5' ],
2483 silly audit   'array.prototype.tosorted': [ '1.1.4' ],
2483 silly audit   'es-iterator-helpers': [ '1.4.0' ],
2483 silly audit   estraverse: [ '5.3.0' ],
2483 silly audit   'object.entries': [ '1.1.9' ],
2483 silly audit   'prop-types': [ '15.8.1' ],
2483 silly audit   'string.prototype.matchall': [ '4.0.12' ],
2483 silly audit   'string.prototype.repeat': [ '1.0.0' ],
2483 silly audit   'iterator.prototype': [ '1.1.5' ],
2483 silly audit   '@babel/core': [ '7.29.7' ],
2483 silly audit   '@babel/parser': [ '7.29.8' ],
2483 silly audit   'hermes-parser': [ '0.25.1' ],
2483 silly audit   zod: [ '4.4.3' ],
2483 silly audit   'zod-validation-error': [ '4.0.2' ],
2483 silly audit   '@babel/code-frame': [ '7.29.7' ],
2483 silly audit   '@babel/generator': [ '7.29.8' ],
2483 silly audit   '@babel/helper-compilation-targets': [ '7.29.7' ],
2483 silly audit   '@babel/helper-module-transforms': [ '7.29.7' ],
2483 silly audit   '@babel/helpers': [ '7.29.7' ],
2483 silly audit   '@babel/template': [ '7.29.7' ],
2483 silly audit   '@babel/traverse': [ '7.29.8' ],
2483 silly audit   '@babel/types': [ '7.29.8' ],
2483 silly audit   'convert-source-map': [ '2.0.0' ],
2483 silly audit   gensync: [ '1.0.0-beta.2' ],
2483 silly audit   json5: [ '2.2.3', '1.0.2' ],
2483 silly audit   '@babel/helper-validator-identifier': [ '7.29.7' ],
2483 silly audit   'js-tokens': [ '4.0.0' ],
2483 silly audit   picocolors: [ '1.1.1' ],
2483 silly audit   jsesc: [ '3.1.0' ],
2483 silly audit   '@babel/compat-data': [ '7.29.7' ],
2483 silly audit   '@babel/helper-validator-option': [ '7.29.7' ],
2483 silly audit   browserslist: [ '4.28.7' ],
2483 silly audit   'lru-cache': [ '5.1.1' ],
2483 silly audit   '@babel/helper-module-imports': [ '7.29.7' ],
2483 silly audit   '@babel/helper-globals': [ '7.29.7' ],
2483 silly audit   '@babel/helper-string-parser': [ '7.29.7' ],
2483 silly audit   'baseline-browser-mapping': [ '2.11.12' ],
2483 silly audit   'caniuse-lite': [ '1.0.30001806' ],
2483 silly audit   'electron-to-chromium': [ '1.5.400' ],
2483 silly audit   'node-releases': [ '2.0.51' ],
2483 silly audit   'update-browserslist-db': [ '1.2.3' ],
2483 silly audit   esrecurse: [ '4.3.0' ],
2483 silly audit   acorn: [ '8.18.0' ],
2483 silly audit   'acorn-jsx': [ '5.3.2' ],
2483 silly audit   '@nodelib/fs.stat': [ '2.0.5' ],
2483 silly audit   '@nodelib/fs.walk': [ '1.2.8' ],
2483 silly audit   merge2: [ '1.4.1' ],
2483 silly audit   micromatch: [ '4.0.8' ],
2483 silly audit   '@nodelib/fs.scandir': [ '2.1.5' ],
2483 silly audit   fastq: [ '1.20.1' ],
2483 silly audit   'run-parallel': [ '1.2.0' ],
2483 silly audit   reusify: [ '1.1.0' ],
2483 silly audit   'flat-cache': [ '4.0.1' ],
2483 silly audit   'locate-path': [ '6.0.0' ],
2483 silly audit   'path-exists': [ '4.0.0' ],
2483 silly audit   flatted: [ '3.4.4' ],
2483 silly audit   keyv: [ '4.5.4' ],
2483 silly audit   'functions-have-names': [ '1.2.3' ],
2483 silly audit   'is-document.all': [ '1.0.0' ],
2483 silly audit   'dunder-proto': [ '1.0.1' ],
2483 silly audit   'resolve-pkg-maps': [ '1.0.0' ],
2483 silly audit   'hermes-estree': [ '0.25.1' ],
2483 silly audit   'parent-module': [ '1.0.1' ],
2483 silly audit   'resolve-from': [ '4.0.0' ],
2483 silly audit   'side-channel': [ '1.1.1' ],
2483 silly audit   'is-extglob': [ '2.1.1' ],
2483 silly audit   'set-function-name': [ '2.0.2' ],
2483 silly audit   argparse: [ '2.0.1' ],
2483 silly audit   'json-buffer': [ '3.0.1' ],
2483 silly audit   'language-subtag-registry': [ '0.3.23' ],
2483 silly audit   'prelude-ls': [ '1.2.1' ],
2483 silly audit   'type-check': [ '0.4.0' ],
2483 silly audit   'detect-libc': [ '2.1.2' ],
2483 silly audit   'lightningcss-android-arm64': [ '1.32.0' ],
2483 silly audit   'lightningcss-darwin-arm64': [ '1.32.0' ],
2483 silly audit   'lightningcss-darwin-x64': [ '1.32.0' ],
2483 silly audit   'lightningcss-freebsd-x64': [ '1.32.0' ],
2483 silly audit   'lightningcss-linux-arm-gnueabihf': [ '1.32.0' ],
2483 silly audit   'lightningcss-linux-arm64-gnu': [ '1.32.0' ],
2483 silly audit   'lightningcss-linux-arm64-musl': [ '1.32.0' ],
2483 silly audit   'lightningcss-linux-x64-gnu': [ '1.32.0' ],
2483 silly audit   'lightningcss-linux-x64-musl': [ '1.32.0' ],
2483 silly audit   'lightningcss-win32-arm64-msvc': [ '1.32.0' ],
2483 silly audit   'lightningcss-win32-x64-msvc': [ '1.32.0' ],
2483 silly audit   'p-locate': [ '5.0.0' ],
2483 silly audit   yallist: [ '3.1.1' ],
2483 silly audit   braces: [ '3.0.3' ],
2483 silly audit   picomatch: [ '2.3.2', '4.0.5' ],
2483 silly audit   'fill-range': [ '7.1.1' ],
2483 silly audit   'to-regex-range': [ '5.0.1' ],
2483 silly audit   'brace-expansion': [ '1.1.18', '5.0.9' ],
2483 silly audit   'balanced-match': [ '1.0.2', '4.0.4' ],
2483 silly audit   'concat-map': [ '0.0.1' ],
2483 silly audit   '@next/env': [ '16.3.0' ],
2483 silly audit   '@next/swc-darwin-arm64': [ '16.3.0' ],
2483 silly audit   '@next/swc-darwin-x64': [ '16.3.0' ],
2483 silly audit   '@next/swc-linux-arm64-gnu': [ '16.3.0' ],
2483 silly audit   '@next/swc-linux-arm64-musl': [ '16.3.0' ],
2483 silly audit   '@next/swc-linux-x64-gnu': [ '16.3.0' ],
2483 silly audit   '@next/swc-linux-x64-musl': [ '16.3.0' ],
2483 silly audit   '@next/swc-win32-arm64-msvc': [ '16.3.0' ],
2483 silly audit   '@next/swc-win32-x64-msvc': [ '16.3.0' ],
2483 silly audit   '@swc/helpers': [ '0.5.15' ],
2483 silly audit   sharp: [ '0.35.3' ],
2483 silly audit   'styled-jsx': [ '5.1.6' ],
2483 silly audit   tslib: [ '2.8.1' ],
2483 silly audit   'deep-is': [ '0.1.4' ],
2483 silly audit   'fast-levenshtein': [ '2.0.6' ],
2483 silly audit   'word-wrap': [ '1.2.5' ],
2483 silly audit   'p-limit': [ '3.1.0' ],
2483 silly audit   'yocto-queue': [ '0.1.0' ],
2483 silly audit   callsites: [ '3.1.0' ],
2483 silly audit   nanoid: [ '3.3.17' ],
2483 silly audit   'loose-envify': [ '1.4.0' ],
2483 silly audit   'object-assign': [ '4.1.1' ],
2483 silly audit   'react-is': [ '16.13.1' ],
2483 silly audit   scheduler: [ '0.27.0' ],
2483 silly audit   'node-exports-info': [ '1.6.2' ],
2483 silly audit   'path-parse': [ '1.0.7' ],
2483 silly audit   'supports-preserve-symlinks-flag': [ '1.0.0' ],
2483 silly audit   'queue-microtask': [ '1.2.3' ],
2483 silly audit   isarray: [ '2.0.5' ],
2483 silly audit   '@img/colour': [ '1.1.0' ],
2483 silly audit   '@img/sharp-darwin-arm64': [ '0.35.3' ],
2483 silly audit   '@img/sharp-darwin-x64': [ '0.35.3' ],
2483 silly audit   '@img/sharp-freebsd-wasm32': [ '0.35.3' ],
2483 silly audit   '@img/sharp-libvips-darwin-arm64': [ '1.3.2' ],
2483 silly audit   '@img/sharp-libvips-darwin-x64': [ '1.3.2' ],
2483 silly audit   '@img/sharp-libvips-linux-arm': [ '1.3.2' ],
2483 silly audit   '@img/sharp-libvips-linux-arm64': [ '1.3.2' ],
2483 silly audit   '@img/sharp-libvips-linux-ppc64': [ '1.3.2' ],
2483 silly audit   '@img/sharp-libvips-linux-riscv64': [ '1.3.2' ],
2483 silly audit   '@img/sharp-libvips-linux-s390x': [ '1.3.2' ],
2483 silly audit   '@img/sharp-libvips-linux-x64': [ '1.3.2' ],
2483 silly audit   '@img/sharp-libvips-linuxmusl-arm64': [ '1.3.2' ],
2483 silly audit   '@img/sharp-libvips-linuxmusl-x64': [ '1.3.2' ],
2483 silly audit   '@img/sharp-linux-arm': [ '0.35.3' ],
2483 silly audit   '@img/sharp-linux-arm64': [ '0.35.3' ],
2483 silly audit   '@img/sharp-linux-ppc64': [ '0.35.3' ],
2483 silly audit   '@img/sharp-linux-riscv64': [ '0.35.3' ],
2483 silly audit   '@img/sharp-linux-s390x': [ '0.35.3' ],
2483 silly audit   '@img/sharp-linux-x64': [ '0.35.3' ],
2483 silly audit   '@img/sharp-linuxmusl-arm64': [ '0.35.3' ],
2483 silly audit   '@img/sharp-linuxmusl-x64': [ '0.35.3' ],
2483 silly audit   '@img/sharp-webcontainers-wasm32': [ '0.35.3' ],
2483 silly audit   '@img/sharp-win32-arm64': [ '0.35.3' ],
2483 silly audit   '@img/sharp-win32-ia32': [ '0.35.3' ],
2483 silly audit   '@img/sharp-win32-x64': [ '0.35.3' ],
2483 silly audit   '@img/sharp-wasm32': [ '0.35.3' ],
2483 silly audit   '@emnapi/runtime': [ '1.11.3', '1.10.0' ],
2483 silly audit   'shebang-regex': [ '3.0.0' ],
2483 silly audit   'side-channel-list': [ '1.0.1' ],
2483 silly audit   'side-channel-map': [ '1.0.1' ],
2483 silly audit   'side-channel-weakmap': [ '1.0.2' ],
2483 silly audit   'client-only': [ '0.0.1' ],
2483 silly audit   'has-flag': [ '4.0.0' ],
2483 silly audit   fdir: [ '6.5.0' ],
2483 silly audit   'is-number': [ '7.0.0' ],
2483 silly audit   '@types/json5': [ '0.0.29' ],
2483 silly audit   minimist: [ '1.2.8' ],
2483 silly audit   'strip-bom': [ '3.0.0' ],
2483 silly audit   'for-each': [ '0.3.5' ],
2483 silly audit   'reflect.getprototypeof': [ '1.0.10' ],
2483 silly audit   'which-builtin-type': [ '1.2.1' ],
2483 silly audit   '@typescript-eslint/eslint-plugin': [ '8.66.0' ],
2483 silly audit   '@typescript-eslint/parser': [ '8.66.0' ],
2483 silly audit   '@typescript-eslint/typescript-estree': [ '8.66.0' ],
2483 silly audit   '@typescript-eslint/utils': [ '8.66.0' ],
2483 silly audit   '@typescript-eslint/scope-manager': [ '8.66.0' ],
2483 silly audit   '@typescript-eslint/type-utils': [ '8.66.0' ],
2483 silly audit   '@typescript-eslint/visitor-keys': [ '8.66.0' ],
2483 silly audit   'ts-api-utils': [ '2.5.0' ],
2483 silly audit   '@typescript-eslint/types': [ '8.66.0' ],
2483 silly audit   '@typescript-eslint/project-service': [ '8.66.0' ],
2483 silly audit   '@typescript-eslint/tsconfig-utils': [ '8.66.0' ],
2483 silly audit   'has-bigints': [ '1.1.0' ],
2483 silly audit   'which-boxed-primitive': [ '1.1.1' ],
2483 silly audit   '@unrs/resolver-binding-android-arm-eabi': [ '1.12.2' ],
2483 silly audit   '@unrs/resolver-binding-android-arm64': [ '1.12.2' ],
2483 silly audit   '@unrs/resolver-binding-darwin-arm64': [ '1.12.2' ],
2483 silly audit   '@unrs/resolver-binding-darwin-x64': [ '1.12.2' ],
2483 silly audit   '@unrs/resolver-binding-freebsd-x64': [ '1.12.2' ],
2483 silly audit   '@unrs/resolver-binding-linux-arm-gnueabihf': [ '1.12.2' ],
2483 silly audit   '@unrs/resolver-binding-linux-arm-musleabihf': [ '1.12.2' ],
2483 silly audit   '@unrs/resolver-binding-linux-arm64-gnu': [ '1.12.2' ],
2483 silly audit   '@unrs/resolver-binding-linux-arm64-musl': [ '1.12.2' ],
2483 silly audit   '@unrs/resolver-binding-linux-loong64-gnu': [ '1.12.2' ],
2483 silly audit   '@unrs/resolver-binding-linux-loong64-musl': [ '1.12.2' ],
2483 silly audit   '@unrs/resolver-binding-linux-ppc64-gnu': [ '1.12.2' ],
2483 silly audit   '@unrs/resolver-binding-linux-riscv64-gnu': [ '1.12.2' ],
2483 silly audit   '@unrs/resolver-binding-linux-riscv64-musl': [ '1.12.2' ],
2483 silly audit   '@unrs/resolver-binding-linux-s390x-gnu': [ '1.12.2' ],
2483 silly audit   '@unrs/resolver-binding-linux-x64-gnu': [ '1.12.2' ],
2483 silly audit   '@unrs/resolver-binding-linux-x64-musl': [ '1.12.2' ],
2483 silly audit   '@unrs/resolver-binding-openharmony-arm64': [ '1.12.2' ],
2483 silly audit   '@unrs/resolver-binding-wasm32-wasi': [ '1.12.2' ],
2483 silly audit   '@unrs/resolver-binding-win32-arm64-msvc': [ '1.12.2' ],
2483 silly audit   '@unrs/resolver-binding-win32-ia32-msvc': [ '1.12.2' ],
2483 silly audit   '@unrs/resolver-binding-win32-x64-msvc': [ '1.12.2' ],
2483 silly audit   'napi-postinstall': [ '0.3.4' ],
2483 silly audit   '@emnapi/core': [ '1.10.0' ],
2483 silly audit   '@napi-rs/wasm-runtime': [ '1.2.2' ],
2483 silly audit   '@emnapi/wasi-threads': [ '1.2.1' ],
2483 silly audit   '@tybys/wasm-util': [ '0.10.3' ],
2483 silly audit   escalade: [ '3.2.0' ],
2483 silly audit   punycode: [ '2.3.1' ],
2483 silly audit   isexe: [ '2.0.0' ],
2483 silly audit   'is-bigint': [ '1.1.0' ],
2483 silly audit   'is-boolean-object': [ '1.2.2' ],
2483 silly audit   'is-number-object': [ '1.1.1' ],
2483 silly audit   'is-async-function': [ '2.1.1' ],
2483 silly audit   'is-finalizationregistry': [ '1.1.1' ],
2483 silly audit   'is-generator-function': [ '1.1.2' ],
2483 silly audit   'which-collection': [ '1.0.2' ],
2483 silly audit   'async-function': [ '1.0.0' ],
2483 silly audit   'generator-function': [ '2.0.1' ],
2483 silly audit   'is-map': [ '2.0.3' ],
2483 silly audit   'is-weakmap': [ '2.0.2' ],
2483 silly audit   'is-weakset': [ '2.0.4' ]
2483 silly audit }
2484 http cache is-weakset@https://registry.npmjs.org/is-weakset/-/is-weakset-2.0.4.tgz 0ms (cache hit)
2485 http cache is-weakmap@https://registry.npmjs.org/is-weakmap/-/is-weakmap-2.0.2.tgz 0ms (cache hit)
2486 http cache which-collection@https://registry.npmjs.org/which-collection/-/which-collection-1.0.2.tgz 0ms (cache hit)
2487 http cache generator-function@https://registry.npmjs.org/generator-function/-/generator-function-2.0.1.tgz 0ms (cache hit)
2488 http cache async-function@https://registry.npmjs.org/async-function/-/async-function-1.0.0.tgz 0ms (cache hit)
2489 http cache is-generator-function@https://registry.npmjs.org/is-generator-function/-/is-generator-function-1.1.2.tgz 0ms (cache hit)
2490 http cache is-map@https://registry.npmjs.org/is-map/-/is-map-2.0.3.tgz 0ms (cache hit)
2491 http cache is-finalizationregistry@https://registry.npmjs.org/is-finalizationregistry/-/is-finalizationregistry-1.1.1.tgz 0ms (cache hit)
2492 http cache is-number-object@https://registry.npmjs.org/is-number-object/-/is-number-object-1.1.1.tgz 0ms (cache hit)
2493 http cache is-boolean-object@https://registry.npmjs.org/is-boolean-object/-/is-boolean-object-1.2.2.tgz 0ms (cache hit)
2494 http cache is-async-function@https://registry.npmjs.org/is-async-function/-/is-async-function-2.1.1.tgz 0ms (cache hit)
2495 http cache isexe@https://registry.npmjs.org/isexe/-/isexe-2.0.0.tgz 0ms (cache hit)
2496 http cache is-bigint@https://registry.npmjs.org/is-bigint/-/is-bigint-1.1.0.tgz 0ms (cache hit)
2497 http cache punycode@https://registry.npmjs.org/punycode/-/punycode-2.3.1.tgz 0ms (cache hit)
2498 http cache @unrs/resolver-binding-darwin-arm64@https://registry.npmjs.org/@unrs/resolver-binding-darwin-arm64/-/resolver-binding-darwin-arm64-1.12.2.tgz 0ms (cache hit)
2499 http cache escalade@https://registry.npmjs.org/escalade/-/escalade-3.2.0.tgz 0ms (cache hit)
2500 http cache napi-postinstall@https://registry.npmjs.org/napi-postinstall/-/napi-postinstall-0.3.4.tgz 0ms (cache hit)
2501 http cache which-boxed-primitive@https://registry.npmjs.org/which-boxed-primitive/-/which-boxed-primitive-1.1.1.tgz 0ms (cache hit)
2502 http cache @typescript-eslint/tsconfig-utils@https://registry.npmjs.org/@typescript-eslint/tsconfig-utils/-/tsconfig-utils-8.66.0.tgz 0ms (cache hit)
2503 http cache has-bigints@https://registry.npmjs.org/has-bigints/-/has-bigints-1.1.0.tgz 0ms (cache hit)
2504 http cache ts-api-utils@https://registry.npmjs.org/ts-api-utils/-/ts-api-utils-2.5.0.tgz 0ms (cache hit)
2505 http cache @typescript-eslint/project-service@https://registry.npmjs.org/@typescript-eslint/project-service/-/project-service-8.66.0.tgz 0ms (cache hit)
2506 http cache @typescript-eslint/types@https://registry.npmjs.org/@typescript-eslint/types/-/types-8.66.0.tgz 0ms (cache hit)
2507 http cache @typescript-eslint/utils@https://registry.npmjs.org/@typescript-eslint/utils/-/utils-8.66.0.tgz 0ms (cache hit)
2508 http cache @typescript-eslint/visitor-keys@https://registry.npmjs.org/@typescript-eslint/visitor-keys/-/visitor-keys-8.66.0.tgz 0ms (cache hit)
2509 http cache @typescript-eslint/type-utils@https://registry.npmjs.org/@typescript-eslint/type-utils/-/type-utils-8.66.0.tgz 0ms (cache hit)
2510 http cache @typescript-eslint/scope-manager@https://registry.npmjs.org/@typescript-eslint/scope-manager/-/scope-manager-8.66.0.tgz 0ms (cache hit)
2511 http cache @typescript-eslint/parser@https://registry.npmjs.org/@typescript-eslint/parser/-/parser-8.66.0.tgz 0ms (cache hit)
2512 http cache @typescript-eslint/typescript-estree@https://registry.npmjs.org/@typescript-eslint/typescript-estree/-/typescript-estree-8.66.0.tgz 0ms (cache hit)
2513 http cache @typescript-eslint/eslint-plugin@https://registry.npmjs.org/@typescript-eslint/eslint-plugin/-/eslint-plugin-8.66.0.tgz 0ms (cache hit)
2514 http cache which-builtin-type@https://registry.npmjs.org/which-builtin-type/-/which-builtin-type-1.2.1.tgz 0ms (cache hit)
2515 http cache for-each@https://registry.npmjs.org/for-each/-/for-each-0.3.5.tgz 0ms (cache hit)
2516 http cache strip-bom@https://registry.npmjs.org/strip-bom/-/strip-bom-3.0.0.tgz 0ms (cache hit)
2517 http cache minimist@https://registry.npmjs.org/minimist/-/minimist-1.2.8.tgz 0ms (cache hit)
2518 http cache has-flag@https://registry.npmjs.org/has-flag/-/has-flag-4.0.0.tgz 0ms (cache hit)
2519 http cache reflect.getprototypeof@https://registry.npmjs.org/reflect.getprototypeof/-/reflect.getprototypeof-1.0.10.tgz 0ms (cache hit)
2520 http cache @types/json5@https://registry.npmjs.org/@types/json5/-/json5-0.0.29.tgz 0ms (cache hit)
2521 http cache is-number@https://registry.npmjs.org/is-number/-/is-number-7.0.0.tgz 0ms (cache hit)
2522 http cache side-channel-list@https://registry.npmjs.org/side-channel-list/-/side-channel-list-1.0.1.tgz 0ms (cache hit)
2523 http cache side-channel-weakmap@https://registry.npmjs.org/side-channel-weakmap/-/side-channel-weakmap-1.0.2.tgz 0ms (cache hit)
2524 http cache client-only@https://registry.npmjs.org/client-only/-/client-only-0.0.1.tgz 0ms (cache hit)
2525 http cache side-channel-map@https://registry.npmjs.org/side-channel-map/-/side-channel-map-1.0.1.tgz 0ms (cache hit)
2526 http cache @img/sharp-libvips-darwin-arm64@https://registry.npmjs.org/@img/sharp-libvips-darwin-arm64/-/sharp-libvips-darwin-arm64-1.3.2.tgz 0ms (cache hit)
2527 http cache @img/sharp-darwin-arm64@https://registry.npmjs.org/@img/sharp-darwin-arm64/-/sharp-darwin-arm64-0.35.3.tgz 0ms (cache hit)
2528 http cache shebang-regex@https://registry.npmjs.org/shebang-regex/-/shebang-regex-3.0.0.tgz 0ms (cache hit)
2529 http cache @img/colour@https://registry.npmjs.org/@img/colour/-/colour-1.1.0.tgz 0ms (cache hit)
2530 http cache isarray@https://registry.npmjs.org/isarray/-/isarray-2.0.5.tgz 0ms (cache hit)
2531 http cache path-parse@https://registry.npmjs.org/path-parse/-/path-parse-1.0.7.tgz 0ms (cache hit)
2532 http cache node-exports-info@https://registry.npmjs.org/node-exports-info/-/node-exports-info-1.6.2.tgz 0ms (cache hit)
2533 http cache queue-microtask@https://registry.npmjs.org/queue-microtask/-/queue-microtask-1.2.3.tgz 0ms (cache hit)
2534 http cache react-is@https://registry.npmjs.org/react-is/-/react-is-16.13.1.tgz 0ms (cache hit)
2535 http cache scheduler@https://registry.npmjs.org/scheduler/-/scheduler-0.27.0.tgz 0ms (cache hit)
2536 http cache nanoid@https://registry.npmjs.org/nanoid/-/nanoid-3.3.17.tgz 0ms (cache hit)
2537 http cache object-assign@https://registry.npmjs.org/object-assign/-/object-assign-4.1.1.tgz 0ms (cache hit)
2538 http cache yocto-queue@https://registry.npmjs.org/yocto-queue/-/yocto-queue-0.1.0.tgz 0ms (cache hit)
2539 http cache supports-preserve-symlinks-flag@https://registry.npmjs.org/supports-preserve-symlinks-flag/-/supports-preserve-symlinks-flag-1.0.0.tgz 0ms (cache hit)
2540 http cache callsites@https://registry.npmjs.org/callsites/-/callsites-3.1.0.tgz 0ms (cache hit)
2541 http cache p-limit@https://registry.npmjs.org/p-limit/-/p-limit-3.1.0.tgz 0ms (cache hit)
2542 http cache fast-levenshtein@https://registry.npmjs.org/fast-levenshtein/-/fast-levenshtein-2.0.6.tgz 0ms (cache hit)
2543 http cache word-wrap@https://registry.npmjs.org/word-wrap/-/word-wrap-1.2.5.tgz 0ms (cache hit)
2544 http cache styled-jsx@https://registry.npmjs.org/styled-jsx/-/styled-jsx-5.1.6.tgz 0ms (cache hit)
2545 http cache loose-envify@https://registry.npmjs.org/loose-envify/-/loose-envify-1.4.0.tgz 0ms (cache hit)
2546 http cache deep-is@https://registry.npmjs.org/deep-is/-/deep-is-0.1.4.tgz 0ms (cache hit)
2547 http cache @next/swc-darwin-arm64@https://registry.npmjs.org/@next/swc-darwin-arm64/-/swc-darwin-arm64-16.3.0.tgz 0ms (cache hit)
2548 http cache @next/env@https://registry.npmjs.org/@next/env/-/env-16.3.0.tgz 0ms (cache hit)
2549 http cache tslib@https://registry.npmjs.org/tslib/-/tslib-2.8.1.tgz 0ms (cache hit)
2550 http cache sharp@https://registry.npmjs.org/sharp/-/sharp-0.35.3.tgz 0ms (cache hit)
2551 http cache balanced-match@https://registry.npmjs.org/balanced-match/-/balanced-match-1.0.2.tgz 0ms (cache hit)
2552 http cache concat-map@https://registry.npmjs.org/concat-map/-/concat-map-0.0.1.tgz 0ms (cache hit)
2553 http cache brace-expansion@https://registry.npmjs.org/brace-expansion/-/brace-expansion-1.1.18.tgz 0ms (cache hit)
2554 http cache picomatch@https://registry.npmjs.org/picomatch/-/picomatch-2.3.2.tgz 0ms (cache hit)
2555 http cache fill-range@https://registry.npmjs.org/fill-range/-/fill-range-7.1.1.tgz 0ms (cache hit)
2556 http cache @swc/helpers@https://registry.npmjs.org/@swc/helpers/-/helpers-0.5.15.tgz 0ms (cache hit)
2557 http cache braces@https://registry.npmjs.org/braces/-/braces-3.0.3.tgz 0ms (cache hit)
2558 http cache lightningcss-darwin-arm64@https://registry.npmjs.org/lightningcss-darwin-arm64/-/lightningcss-darwin-arm64-1.32.0.tgz 0ms (cache hit)
2559 http cache p-locate@https://registry.npmjs.org/p-locate/-/p-locate-5.0.0.tgz 0ms (cache hit)
2560 http cache detect-libc@https://registry.npmjs.org/detect-libc/-/detect-libc-2.1.2.tgz 0ms (cache hit)
2561 http cache yallist@https://registry.npmjs.org/yallist/-/yallist-3.1.1.tgz 0ms (cache hit)
2562 http cache to-regex-range@https://registry.npmjs.org/to-regex-range/-/to-regex-range-5.0.1.tgz 0ms (cache hit)
2563 http cache prelude-ls@https://registry.npmjs.org/prelude-ls/-/prelude-ls-1.2.1.tgz 0ms (cache hit)
2564 http cache json-buffer@https://registry.npmjs.org/json-buffer/-/json-buffer-3.0.1.tgz 0ms (cache hit)
2565 http cache argparse@https://registry.npmjs.org/argparse/-/argparse-2.0.1.tgz 0ms (cache hit)
2566 http cache side-channel@https://registry.npmjs.org/side-channel/-/side-channel-1.1.1.tgz 0ms (cache hit)
2567 http cache set-function-name@https://registry.npmjs.org/set-function-name/-/set-function-name-2.0.2.tgz 0ms (cache hit)
2568 http cache language-subtag-registry@https://registry.npmjs.org/language-subtag-registry/-/language-subtag-registry-0.3.23.tgz 0ms (cache hit)
2569 http cache is-extglob@https://registry.npmjs.org/is-extglob/-/is-extglob-2.1.1.tgz 0ms (cache hit)
2570 http cache parent-module@https://registry.npmjs.org/parent-module/-/parent-module-1.0.1.tgz 0ms (cache hit)
2571 http cache resolve-pkg-maps@https://registry.npmjs.org/resolve-pkg-maps/-/resolve-pkg-maps-1.0.0.tgz 0ms (cache hit)
2572 http cache resolve-from@https://registry.npmjs.org/resolve-from/-/resolve-from-4.0.0.tgz 0ms (cache hit)
2573 http cache type-check@https://registry.npmjs.org/type-check/-/type-check-0.4.0.tgz 0ms (cache hit)
2574 http cache dunder-proto@https://registry.npmjs.org/dunder-proto/-/dunder-proto-1.0.1.tgz 0ms (cache hit)
2575 http cache hermes-estree@https://registry.npmjs.org/hermes-estree/-/hermes-estree-0.25.1.tgz 0ms (cache hit)
2576 http cache is-document.all@https://registry.npmjs.org/is-document.all/-/is-document.all-1.0.0.tgz 0ms (cache hit)
2577 http cache functions-have-names@https://registry.npmjs.org/functions-have-names/-/functions-have-names-1.2.3.tgz 0ms (cache hit)
2578 http cache flatted@https://registry.npmjs.org/flatted/-/flatted-3.4.4.tgz 0ms (cache hit)
2579 http cache path-exists@https://registry.npmjs.org/path-exists/-/path-exists-4.0.0.tgz 0ms (cache hit)
2580 http cache reusify@https://registry.npmjs.org/reusify/-/reusify-1.1.0.tgz 0ms (cache hit)
2581 http cache keyv@https://registry.npmjs.org/keyv/-/keyv-4.5.4.tgz 0ms (cache hit)
2582 http cache locate-path@https://registry.npmjs.org/locate-path/-/locate-path-6.0.0.tgz 0ms (cache hit)
2583 http cache flat-cache@https://registry.npmjs.org/flat-cache/-/flat-cache-4.0.1.tgz 0ms (cache hit)
2584 http cache @nodelib/fs.scandir@https://registry.npmjs.org/@nodelib/fs.scandir/-/fs.scandir-2.1.5.tgz 0ms (cache hit)
2585 http cache micromatch@https://registry.npmjs.org/micromatch/-/micromatch-4.0.8.tgz 0ms (cache hit)
2586 http cache run-parallel@https://registry.npmjs.org/run-parallel/-/run-parallel-1.2.0.tgz 0ms (cache hit)
2587 http cache fastq@https://registry.npmjs.org/fastq/-/fastq-1.20.1.tgz 0ms (cache hit)
2588 http cache @nodelib/fs.walk@https://registry.npmjs.org/@nodelib/fs.walk/-/fs.walk-1.2.8.tgz 0ms (cache hit)
2589 http cache @nodelib/fs.stat@https://registry.npmjs.org/@nodelib/fs.stat/-/fs.stat-2.0.5.tgz 0ms (cache hit)
2590 http cache acorn-jsx@https://registry.npmjs.org/acorn-jsx/-/acorn-jsx-5.3.2.tgz 0ms (cache hit)
2591 http cache acorn@https://registry.npmjs.org/acorn/-/acorn-8.18.0.tgz 0ms (cache hit)
2592 http cache esrecurse@https://registry.npmjs.org/esrecurse/-/esrecurse-4.3.0.tgz 0ms (cache hit)
2593 http cache electron-to-chromium@https://registry.npmjs.org/electron-to-chromium/-/electron-to-chromium-1.5.400.tgz 0ms (cache hit)
2594 http cache node-releases@https://registry.npmjs.org/node-releases/-/node-releases-2.0.51.tgz 0ms (cache hit)
2595 http cache update-browserslist-db@https://registry.npmjs.org/update-browserslist-db/-/update-browserslist-db-1.2.3.tgz 0ms (cache hit)
2596 http cache @babel/helper-globals@https://registry.npmjs.org/@babel/helper-globals/-/helper-globals-7.29.7.tgz 0ms (cache hit)
2597 http cache lru-cache@https://registry.npmjs.org/lru-cache/-/lru-cache-5.1.1.tgz 0ms (cache hit)
2598 http cache @babel/helper-string-parser@https://registry.npmjs.org/@babel/helper-string-parser/-/helper-string-parser-7.29.7.tgz 0ms (cache hit)
2599 http cache @babel/helper-module-imports@https://registry.npmjs.org/@babel/helper-module-imports/-/helper-module-imports-7.29.7.tgz 0ms (cache hit)
2600 http cache @babel/helper-validator-option@https://registry.npmjs.org/@babel/helper-validator-option/-/helper-validator-option-7.29.7.tgz 0ms (cache hit)
2601 http cache baseline-browser-mapping@https://registry.npmjs.org/baseline-browser-mapping/-/baseline-browser-mapping-2.11.12.tgz 0ms (cache hit)
2602 http cache jsesc@https://registry.npmjs.org/jsesc/-/jsesc-3.1.0.tgz 0ms (cache hit)
2603 http cache browserslist@https://registry.npmjs.org/browserslist/-/browserslist-4.28.7.tgz 0ms (cache hit)
2604 http cache merge2@https://registry.npmjs.org/merge2/-/merge2-1.4.1.tgz 0ms (cache hit)
2605 http cache caniuse-lite@https://registry.npmjs.org/caniuse-lite/-/caniuse-lite-1.0.30001806.tgz 0ms (cache hit)
2606 http cache js-tokens@https://registry.npmjs.org/js-tokens/-/js-tokens-4.0.0.tgz 0ms (cache hit)
2607 http cache picocolors@https://registry.npmjs.org/picocolors/-/picocolors-1.1.1.tgz 0ms (cache hit)
2608 http cache json5@https://registry.npmjs.org/json5/-/json5-2.2.3.tgz 0ms (cache hit)
2609 http cache gensync@https://registry.npmjs.org/gensync/-/gensync-1.0.0-beta.2.tgz 0ms (cache hit)
2610 http cache @babel/types@https://registry.npmjs.org/@babel/types/-/types-7.29.8.tgz 0ms (cache hit)
2611 http cache @babel/helper-validator-identifier@https://registry.npmjs.org/@babel/helper-validator-identifier/-/helper-validator-identifier-7.29.7.tgz 0ms (cache hit)
2612 http cache convert-source-map@https://registry.npmjs.org/convert-source-map/-/convert-source-map-2.0.0.tgz 0ms (cache hit)
2613 http cache @babel/template@https://registry.npmjs.org/@babel/template/-/template-7.29.7.tgz 0ms (cache hit)
2614 http cache @babel/traverse@https://registry.npmjs.org/@babel/traverse/-/traverse-7.29.8.tgz 0ms (cache hit)
2615 http cache @babel/helpers@https://registry.npmjs.org/@babel/helpers/-/helpers-7.29.7.tgz 0ms (cache hit)
2616 http cache @babel/helper-compilation-targets@https://registry.npmjs.org/@babel/helper-compilation-targets/-/helper-compilation-targets-7.29.7.tgz 0ms (cache hit)
2617 http cache @babel/helper-module-transforms@https://registry.npmjs.org/@babel/helper-module-transforms/-/helper-module-transforms-7.29.7.tgz 0ms (cache hit)
2618 http cache @babel/generator@https://registry.npmjs.org/@babel/generator/-/generator-7.29.8.tgz 0ms (cache hit)
2619 http cache @babel/code-frame@https://registry.npmjs.org/@babel/code-frame/-/code-frame-7.29.7.tgz 0ms (cache hit)
2620 http cache zod-validation-error@https://registry.npmjs.org/zod-validation-error/-/zod-validation-error-4.0.2.tgz 0ms (cache hit)
2621 http cache zod@https://registry.npmjs.org/zod/-/zod-4.4.3.tgz 0ms (cache hit)
2622 http cache hermes-parser@https://registry.npmjs.org/hermes-parser/-/hermes-parser-0.25.1.tgz 0ms (cache hit)
2623 http cache @babel/compat-data@https://registry.npmjs.org/@babel/compat-data/-/compat-data-7.29.7.tgz 0ms (cache hit)
2624 http cache @babel/core@https://registry.npmjs.org/@babel/core/-/core-7.29.7.tgz 0ms (cache hit)
2625 http cache iterator.prototype@https://registry.npmjs.org/iterator.prototype/-/iterator.prototype-1.1.5.tgz 0ms (cache hit)
2626 http cache @babel/parser@https://registry.npmjs.org/@babel/parser/-/parser-7.29.8.tgz 0ms (cache hit)
2627 http cache string.prototype.repeat@https://registry.npmjs.org/string.prototype.repeat/-/string.prototype.repeat-1.0.0.tgz 0ms (cache hit)
2628 http cache prop-types@https://registry.npmjs.org/prop-types/-/prop-types-15.8.1.tgz 0ms (cache hit)
2629 http cache string.prototype.matchall@https://registry.npmjs.org/string.prototype.matchall/-/string.prototype.matchall-4.0.12.tgz 0ms (cache hit)
2630 http cache object.entries@https://registry.npmjs.org/object.entries/-/object.entries-1.1.9.tgz 0ms (cache hit)
2631 http cache estraverse@https://registry.npmjs.org/estraverse/-/estraverse-5.3.0.tgz 0ms (cache hit)
2632 http cache es-iterator-helpers@https://registry.npmjs.org/es-iterator-helpers/-/es-iterator-helpers-1.4.0.tgz 0ms (cache hit)
2633 http cache array.prototype.findlast@https://registry.npmjs.org/array.prototype.findlast/-/array.prototype.findlast-1.2.5.tgz 0ms (cache hit)
2634 http cache array.prototype.tosorted@https://registry.npmjs.org/array.prototype.tosorted/-/array.prototype.tosorted-1.1.4.tgz 0ms (cache hit)
2635 http cache string.prototype.includes@https://registry.npmjs.org/string.prototype.includes/-/string.prototype.includes-2.0.1.tgz 0ms (cache hit)
2636 http cache language-tags@https://registry.npmjs.org/language-tags/-/language-tags-1.0.9.tgz 0ms (cache hit)
2637 http cache damerau-levenshtein@https://registry.npmjs.org/damerau-levenshtein/-/damerau-levenshtein-1.0.8.tgz 0ms (cache hit)
2638 http cache axe-core@https://registry.npmjs.org/axe-core/-/axe-core-4.12.1.tgz 0ms (cache hit)
2639 http cache axobject-query@https://registry.npmjs.org/axobject-query/-/axobject-query-4.1.0.tgz 0ms (cache hit)
2640 http cache jsx-ast-utils@https://registry.npmjs.org/jsx-ast-utils/-/jsx-ast-utils-3.3.5.tgz 0ms (cache hit)
2641 http cache emoji-regex@https://registry.npmjs.org/emoji-regex/-/emoji-regex-9.2.2.tgz 0ms (cache hit)
2642 http cache ast-types-flow@https://registry.npmjs.org/ast-types-flow/-/ast-types-flow-0.0.8.tgz 0ms (cache hit)
2643 http cache aria-query@https://registry.npmjs.org/aria-query/-/aria-query-5.3.2.tgz 0ms (cache hit)
2644 http cache is-date-object@https://registry.npmjs.org/is-date-object/-/is-date-object-1.1.0.tgz 0ms (cache hit)
2645 http cache which-typed-array@https://registry.npmjs.org/which-typed-array/-/which-typed-array-1.1.22.tgz 0ms (cache hit)
2646 http cache has-tostringtag@https://registry.npmjs.org/has-tostringtag/-/has-tostringtag-1.0.2.tgz 0ms (cache hit)
2647 http cache is-symbol@https://registry.npmjs.org/is-symbol/-/is-symbol-1.1.1.tgz 0ms (cache hit)
2648 http cache possible-typed-array-names@https://registry.npmjs.org/possible-typed-array-names/-/possible-typed-array-names-1.1.0.tgz 0ms (cache hit)
2649 http cache unbox-primitive@https://registry.npmjs.org/unbox-primitive/-/unbox-primitive-1.1.0.tgz 0ms (cache hit)
2650 http cache typed-array-length@https://registry.npmjs.org/typed-array-length/-/typed-array-length-1.0.8.tgz 0ms (cache hit)
2651 http cache es-abstract-get@https://registry.npmjs.org/es-abstract-get/-/es-abstract-get-1.0.0.tgz 0ms (cache hit)
2652 http cache typed-array-byte-offset@https://registry.npmjs.org/typed-array-byte-offset/-/typed-array-byte-offset-1.0.4.tgz 0ms (cache hit)
2653 http cache typed-array-byte-length@https://registry.npmjs.org/typed-array-byte-length/-/typed-array-byte-length-1.0.3.tgz 0ms (cache hit)
2654 http cache typed-array-buffer@https://registry.npmjs.org/typed-array-buffer/-/typed-array-buffer-1.0.3.tgz 0ms (cache hit)
2655 http cache string.prototype.trimstart@https://registry.npmjs.org/string.prototype.trimstart/-/string.prototype.trimstart-1.0.8.tgz 0ms (cache hit)
2656 http cache string.prototype.trim@https://registry.npmjs.org/string.prototype.trim/-/string.prototype.trim-1.2.11.tgz 0ms (cache hit)
2657 http cache set-proto@https://registry.npmjs.org/set-proto/-/set-proto-1.0.0.tgz 0ms (cache hit)
2658 http cache safe-array-concat@https://registry.npmjs.org/safe-array-concat/-/safe-array-concat-1.1.4.tgz 0ms (cache hit)
2659 http cache safe-push-apply@https://registry.npmjs.org/safe-push-apply/-/safe-push-apply-1.0.0.tgz 0ms (cache hit)
2660 http cache regexp.prototype.flags@https://registry.npmjs.org/regexp.prototype.flags/-/regexp.prototype.flags-1.5.4.tgz 0ms (cache hit)
2661 http cache safe-regex-test@https://registry.npmjs.org/safe-regex-test/-/safe-regex-test-1.1.0.tgz 0ms (cache hit)
2662 http cache stop-iteration-iterator@https://registry.npmjs.org/stop-iteration-iterator/-/stop-iteration-iterator-1.1.0.tgz 0ms (cache hit)
2663 http cache object.assign@https://registry.npmjs.org/object.assign/-/object.assign-4.1.7.tgz 0ms (cache hit)
2664 http cache object-inspect@https://registry.npmjs.org/object-inspect/-/object-inspect-1.13.4.tgz 0ms (cache hit)
2665 http cache is-typed-array@https://registry.npmjs.org/is-typed-array/-/is-typed-array-1.1.15.tgz 0ms (cache hit)
2666 http cache own-keys@https://registry.npmjs.org/own-keys/-/own-keys-1.0.2.tgz 0ms (cache hit)
2667 http cache is-shared-array-buffer@https://registry.npmjs.org/is-shared-array-buffer/-/is-shared-array-buffer-1.0.4.tgz 0ms (cache hit)
2668 http cache is-set@https://registry.npmjs.org/is-set/-/is-set-2.0.3.tgz 0ms (cache hit)
2669 http cache is-weakref@https://registry.npmjs.org/is-weakref/-/is-weakref-1.1.1.tgz 0ms (cache hit)
2670 http cache is-regex@https://registry.npmjs.org/is-regex/-/is-regex-1.2.1.tgz 0ms (cache hit)
2671 http cache is-data-view@https://registry.npmjs.org/is-data-view/-/is-data-view-1.0.2.tgz 0ms (cache hit)
2672 http cache is-negative-zero@https://registry.npmjs.org/is-negative-zero/-/is-negative-zero-2.0.3.tgz 0ms (cache hit)
2673 http cache is-callable@https://registry.npmjs.org/is-callable/-/is-callable-1.2.7.tgz 0ms (cache hit)
2674 http cache internal-slot@https://registry.npmjs.org/internal-slot/-/internal-slot-1.1.0.tgz 0ms (cache hit)
2675 http cache is-array-buffer@https://registry.npmjs.org/is-array-buffer/-/is-array-buffer-3.0.5.tgz 0ms (cache hit)
2676 http cache get-symbol-description@https://registry.npmjs.org/get-symbol-description/-/get-symbol-description-1.1.0.tgz 0ms (cache hit)
2677 http cache globalthis@https://registry.npmjs.org/globalthis/-/globalthis-1.0.4.tgz 0ms (cache hit)
2678 http cache get-proto@https://registry.npmjs.org/get-proto/-/get-proto-1.0.1.tgz 0ms (cache hit)
2679 http cache has-proto@https://registry.npmjs.org/has-proto/-/has-proto-1.2.0.tgz 0ms (cache hit)
2680 http cache es-to-primitive@https://registry.npmjs.org/es-to-primitive/-/es-to-primitive-1.3.4.tgz 0ms (cache hit)
2681 http cache function.prototype.name@https://registry.npmjs.org/function.prototype.name/-/function.prototype.name-1.2.0.tgz 0ms (cache hit)
2682 http cache es-set-tostringtag@https://registry.npmjs.org/es-set-tostringtag/-/es-set-tostringtag-2.1.0.tgz 0ms (cache hit)
2683 http cache data-view-byte-offset@https://registry.npmjs.org/data-view-byte-offset/-/data-view-byte-offset-1.0.1.tgz 0ms (cache hit)
2684 http cache has-symbols@https://registry.npmjs.org/has-symbols/-/has-symbols-1.1.0.tgz 0ms (cache hit)
2685 http cache available-typed-arrays@https://registry.npmjs.org/available-typed-arrays/-/available-typed-arrays-1.0.7.tgz 0ms (cache hit)
2686 http cache data-view-buffer@https://registry.npmjs.org/data-view-buffer/-/data-view-buffer-1.0.2.tgz 0ms (cache hit)
2687 http cache arraybuffer.prototype.slice@https://registry.npmjs.org/arraybuffer.prototype.slice/-/arraybuffer.prototype.slice-1.0.4.tgz 0ms (cache hit)
2688 http cache object-keys@https://registry.npmjs.org/object-keys/-/object-keys-1.1.1.tgz 0ms (cache hit)
2689 http cache array-buffer-byte-length@https://registry.npmjs.org/array-buffer-byte-length/-/array-buffer-byte-length-1.0.2.tgz 0ms (cache hit)
2690 http cache gopd@https://registry.npmjs.org/gopd/-/gopd-1.2.0.tgz 0ms (cache hit)
2691 http cache has-property-descriptors@https://registry.npmjs.org/has-property-descriptors/-/has-property-descriptors-1.0.2.tgz 0ms (cache hit)
2692 http cache function-bind@https://registry.npmjs.org/function-bind/-/function-bind-1.1.2.tgz 0ms (cache hit)
2693 http cache data-view-byte-length@https://registry.npmjs.org/data-view-byte-length/-/data-view-byte-length-1.0.2.tgz 0ms (cache hit)
2694 http cache define-data-property@https://registry.npmjs.org/define-data-property/-/define-data-property-1.1.4.tgz 0ms (cache hit)
2695 http cache es-define-property@https://registry.npmjs.org/es-define-property/-/es-define-property-1.0.1.tgz 0ms (cache hit)
2696 http cache es-shim-unscopables@https://registry.npmjs.org/es-shim-unscopables/-/es-shim-unscopables-1.1.0.tgz 0ms (cache hit)
2697 http cache es-errors@https://registry.npmjs.org/es-errors/-/es-errors-1.3.0.tgz 0ms (cache hit)
2698 http cache math-intrinsics@https://registry.npmjs.org/math-intrinsics/-/math-intrinsics-1.1.0.tgz 0ms (cache hit)
2699 http cache set-function-length@https://registry.npmjs.org/set-function-length/-/set-function-length-1.2.2.tgz 0ms (cache hit)
2700 http cache call-bind-apply-helpers@https://registry.npmjs.org/call-bind-apply-helpers/-/call-bind-apply-helpers-1.0.2.tgz 0ms (cache hit)
2701 http cache get-intrinsic@https://registry.npmjs.org/get-intrinsic/-/get-intrinsic-1.3.0.tgz 0ms (cache hit)
2702 http cache is-string@https://registry.npmjs.org/is-string/-/is-string-1.1.1.tgz 0ms (cache hit)
2703 http cache call-bound@https://registry.npmjs.org/call-bound/-/call-bound-1.0.4.tgz 0ms (cache hit)
2704 http cache call-bind@https://registry.npmjs.org/call-bind/-/call-bind-1.0.9.tgz 0ms (cache hit)
2705 http cache es-abstract@https://registry.npmjs.org/es-abstract/-/es-abstract-1.24.2.tgz 0ms (cache hit)
2706 http cache define-properties@https://registry.npmjs.org/define-properties/-/define-properties-1.2.1.tgz 0ms (cache hit)
2707 http cache tsconfig-paths@https://registry.npmjs.org/tsconfig-paths/-/tsconfig-paths-3.15.0.tgz 0ms (cache hit)
2708 http cache es-object-atoms@https://registry.npmjs.org/es-object-atoms/-/es-object-atoms-1.1.2.tgz 0ms (cache hit)
2709 http cache semver@https://registry.npmjs.org/semver/-/semver-6.3.1.tgz 0ms (cache hit)
2710 http cache object.groupby@https://registry.npmjs.org/object.groupby/-/object.groupby-1.0.3.tgz 0ms (cache hit)
2711 http cache hasown@https://registry.npmjs.org/hasown/-/hasown-2.0.4.tgz 0ms (cache hit)
2712 http cache object.fromentries@https://registry.npmjs.org/object.fromentries/-/object.fromentries-2.0.8.tgz 0ms (cache hit)
2713 http cache string.prototype.trimend@https://registry.npmjs.org/string.prototype.trimend/-/string.prototype.trimend-1.0.10.tgz 0ms (cache hit)
2714 http cache eslint-module-utils@https://registry.npmjs.org/eslint-module-utils/-/eslint-module-utils-2.14.0.tgz 0ms (cache hit)
2715 http cache object.values@https://registry.npmjs.org/object.values/-/object.values-1.2.1.tgz 0ms (cache hit)
2716 http cache array.prototype.flatmap@https://registry.npmjs.org/array.prototype.flatmap/-/array.prototype.flatmap-1.3.3.tgz 0ms (cache hit)
2717 http cache array.prototype.findlastindex@https://registry.npmjs.org/array.prototype.findlastindex/-/array.prototype.findlastindex-1.2.6.tgz 0ms (cache hit)
2718 http cache array-includes@https://registry.npmjs.org/array-includes/-/array-includes-3.1.9.tgz 0ms (cache hit)
2719 http cache @rtsao/scc@https://registry.npmjs.org/@rtsao/scc/-/scc-1.1.0.tgz 0ms (cache hit)
2720 http cache unrs-resolver@https://registry.npmjs.org/unrs-resolver/-/unrs-resolver-1.12.2.tgz 0ms (cache hit)
2721 http cache doctrine@https://registry.npmjs.org/doctrine/-/doctrine-2.1.0.tgz 0ms (cache hit)
2722 http cache stable-hash@https://registry.npmjs.org/stable-hash/-/stable-hash-0.0.5.tgz 0ms (cache hit)
2723 http cache array.prototype.flat@https://registry.npmjs.org/array.prototype.flat/-/array.prototype.flat-1.3.3.tgz 0ms (cache hit)
2724 http cache is-bun-module@https://registry.npmjs.org/is-bun-module/-/is-bun-module-2.0.0.tgz 0ms (cache hit)
2725 http cache tinyglobby@https://registry.npmjs.org/tinyglobby/-/tinyglobby-0.2.17.tgz 0ms (cache hit)
2726 http cache get-tsconfig@https://registry.npmjs.org/get-tsconfig/-/get-tsconfig-4.14.1.tgz 0ms (cache hit)
2727 http cache @nolyfill/is-core-module@https://registry.npmjs.org/@nolyfill/is-core-module/-/is-core-module-1.0.39.tgz 0ms (cache hit)
2728 http cache fast-glob@https://registry.npmjs.org/fast-glob/-/fast-glob-3.3.1.tgz 0ms (cache hit)
2729 http cache eslint-plugin-react-hooks@https://registry.npmjs.org/eslint-plugin-react-hooks/-/eslint-plugin-react-hooks-7.1.1.tgz 0ms (cache hit)
2730 http cache typescript@https://registry.npmjs.org/typescript/-/typescript-6.0.3.tgz 0ms (cache hit)
2731 http cache is-core-module@https://registry.npmjs.org/is-core-module/-/is-core-module-2.16.2.tgz 0ms (cache hit)
2732 http cache typescript-eslint@https://registry.npmjs.org/typescript-eslint/-/typescript-eslint-8.66.0.tgz 0ms (cache hit)
2733 http cache eslint-plugin-react@https://registry.npmjs.org/eslint-plugin-react/-/eslint-plugin-react-7.37.5.tgz 0ms (cache hit)
2734 http cache eslint-plugin-jsx-a11y@https://registry.npmjs.org/eslint-plugin-jsx-a11y/-/eslint-plugin-jsx-a11y-6.10.2.tgz 0ms (cache hit)
2735 http cache eslint-plugin-import@https://registry.npmjs.org/eslint-plugin-import/-/eslint-plugin-import-2.32.0.tgz 0ms (cache hit)
2736 http cache which@https://registry.npmjs.org/which/-/which-2.0.2.tgz 0ms (cache hit)
2737 http cache resolve@https://registry.npmjs.org/resolve/-/resolve-2.0.0-next.7.tgz 0ms (cache hit)
2738 http cache eslint-import-resolver-node@https://registry.npmjs.org/eslint-import-resolver-node/-/eslint-import-resolver-node-0.3.10.tgz 0ms (cache hit)
2739 http cache @next/eslint-plugin-next@https://registry.npmjs.org/@next/eslint-plugin-next/-/eslint-plugin-next-16.3.0.tgz 0ms (cache hit)
2740 http cache ms@https://registry.npmjs.org/ms/-/ms-2.1.3.tgz 0ms (cache hit)
2741 http cache shebang-command@https://registry.npmjs.org/shebang-command/-/shebang-command-2.0.0.tgz 0ms (cache hit)
2742 http cache eslint-import-resolver-typescript@https://registry.npmjs.org/eslint-import-resolver-typescript/-/eslint-import-resolver-typescript-3.10.1.tgz 0ms (cache hit)
2743 http cache path-key@https://registry.npmjs.org/path-key/-/path-key-3.1.1.tgz 0ms (cache hit)
2744 http cache color-convert@https://registry.npmjs.org/color-convert/-/color-convert-2.0.1.tgz 0ms (cache hit)
2745 http cache color-name@https://registry.npmjs.org/color-name/-/color-name-1.1.4.tgz 0ms (cache hit)
2746 http cache supports-color@https://registry.npmjs.org/supports-color/-/supports-color-7.2.0.tgz 0ms (cache hit)
2747 http cache json-schema-traverse@https://registry.npmjs.org/json-schema-traverse/-/json-schema-traverse-0.4.1.tgz 0ms (cache hit)
2748 http cache uri-js@https://registry.npmjs.org/uri-js/-/uri-js-4.4.1.tgz 0ms (cache hit)
2749 http cache fast-json-stable-stringify@https://registry.npmjs.org/fast-json-stable-stringify/-/fast-json-stable-stringify-2.1.0.tgz 0ms (cache hit)
2750 http cache levn@https://registry.npmjs.org/levn/-/levn-0.4.1.tgz 0ms (cache hit)
2751 http cache ansi-styles@https://registry.npmjs.org/ansi-styles/-/ansi-styles-4.3.0.tgz 0ms (cache hit)
2752 http cache @humanfs/core@https://registry.npmjs.org/@humanfs/core/-/core-0.19.2.tgz 0ms (cache hit)
2753 http cache strip-json-comments@https://registry.npmjs.org/strip-json-comments/-/strip-json-comments-3.1.1.tgz 0ms (cache hit)
2754 http cache js-yaml@https://registry.npmjs.org/js-yaml/-/js-yaml-4.3.1.tgz 0ms (cache hit)
2755 http cache import-fresh@https://registry.npmjs.org/import-fresh/-/import-fresh-3.3.1.tgz 0ms (cache hit)
2756 http cache @humanfs/types@https://registry.npmjs.org/@humanfs/types/-/types-0.15.0.tgz 0ms (cache hit)
2757 http cache @types/json-schema@https://registry.npmjs.org/@types/json-schema/-/json-schema-7.0.15.tgz 0ms (cache hit)
2758 http cache @eslint/object-schema@https://registry.npmjs.org/@eslint/object-schema/-/object-schema-2.1.7.tgz 0ms (cache hit)
2759 http cache natural-compare@https://registry.npmjs.org/natural-compare/-/natural-compare-1.4.0.tgz 0ms (cache hit)
2760 http cache globals@https://registry.npmjs.org/globals/-/globals-14.0.0.tgz 0ms (cache hit)
2761 http cache minimatch@https://registry.npmjs.org/minimatch/-/minimatch-3.1.5.tgz 0ms (cache hit)
2762 http cache lodash.merge@https://registry.npmjs.org/lodash.merge/-/lodash.merge-4.6.2.tgz 0ms (cache hit)
2763 http cache optionator@https://registry.npmjs.org/optionator/-/optionator-0.9.4.tgz 0ms (cache hit)
2764 http cache is-glob@https://registry.npmjs.org/is-glob/-/is-glob-4.0.3.tgz 0ms (cache hit)
2765 http cache imurmurhash@https://registry.npmjs.org/imurmurhash/-/imurmurhash-0.1.4.tgz 0ms (cache hit)
2766 http cache ignore@https://registry.npmjs.org/ignore/-/ignore-5.3.2.tgz 0ms (cache hit)
2767 http cache fast-deep-equal@https://registry.npmjs.org/fast-deep-equal/-/fast-deep-equal-3.1.3.tgz 0ms (cache hit)
2768 http cache file-entry-cache@https://registry.npmjs.org/file-entry-cache/-/file-entry-cache-8.0.0.tgz 0ms (cache hit)
2769 http cache glob-parent@https://registry.npmjs.org/glob-parent/-/glob-parent-6.0.2.tgz 0ms (cache hit)
2770 http cache find-up@https://registry.npmjs.org/find-up/-/find-up-5.0.0.tgz 0ms (cache hit)
2771 http cache json-stable-stringify-without-jsonify@https://registry.npmjs.org/json-stable-stringify-without-jsonify/-/json-stable-stringify-without-jsonify-1.0.1.tgz 0ms (cache hit)
2772 http cache esutils@https://registry.npmjs.org/esutils/-/esutils-2.0.3.tgz 0ms (cache hit)
2773 http cache espree@https://registry.npmjs.org/espree/-/espree-10.4.0.tgz 0ms (cache hit)
2774 http cache esquery@https://registry.npmjs.org/esquery/-/esquery-1.7.0.tgz 0ms (cache hit)
2775 http cache eslint-scope@https://registry.npmjs.org/eslint-scope/-/eslint-scope-8.4.0.tgz 0ms (cache hit)
2776 http cache eslint-visitor-keys@https://registry.npmjs.org/eslint-visitor-keys/-/eslint-visitor-keys-4.2.1.tgz 0ms (cache hit)
2777 http cache cross-spawn@https://registry.npmjs.org/cross-spawn/-/cross-spawn-7.0.6.tgz 0ms (cache hit)
2778 http cache escape-string-regexp@https://registry.npmjs.org/escape-string-regexp/-/escape-string-regexp-4.0.0.tgz 0ms (cache hit)
2779 http cache ajv@https://registry.npmjs.org/ajv/-/ajv-6.15.0.tgz 0ms (cache hit)
2780 http cache @types/estree@https://registry.npmjs.org/@types/estree/-/estree-1.0.9.tgz 0ms (cache hit)
2781 http cache @humanwhocodes/retry@https://registry.npmjs.org/@humanwhocodes/retry/-/retry-0.4.3.tgz 0ms (cache hit)
2782 http cache debug@https://registry.npmjs.org/debug/-/debug-4.4.3.tgz 0ms (cache hit)
2783 http cache @humanwhocodes/module-importer@https://registry.npmjs.org/@humanwhocodes/module-importer/-/module-importer-1.0.1.tgz 0ms (cache hit)
2784 http cache @humanfs/node@https://registry.npmjs.org/@humanfs/node/-/node-0.16.8.tgz 0ms (cache hit)
2785 http cache @eslint/plugin-kit@https://registry.npmjs.org/@eslint/plugin-kit/-/plugin-kit-0.4.1.tgz 0ms (cache hit)
2786 http cache @eslint/js@https://registry.npmjs.org/@eslint/js/-/js-9.39.5.tgz 0ms (cache hit)
2787 http cache @eslint/eslintrc@https://registry.npmjs.org/@eslint/eslintrc/-/eslintrc-3.3.6.tgz 0ms (cache hit)
2788 http cache @eslint/core@https://registry.npmjs.org/@eslint/core/-/core-0.17.0.tgz 0ms (cache hit)
2789 http cache chalk@https://registry.npmjs.org/chalk/-/chalk-4.1.2.tgz 0ms (cache hit)
2790 http cache @eslint/config-helpers@https://registry.npmjs.org/@eslint/config-helpers/-/config-helpers-0.4.2.tgz 0ms (cache hit)
2791 http cache @eslint/config-array@https://registry.npmjs.org/@eslint/config-array/-/config-array-0.21.2.tgz 0ms (cache hit)
2792 http cache @eslint-community/regexpp@https://registry.npmjs.org/@eslint-community/regexpp/-/regexpp-4.12.2.tgz 0ms (cache hit)
2793 http cache @eslint-community/eslint-utils@https://registry.npmjs.org/@eslint-community/eslint-utils/-/eslint-utils-4.10.1.tgz 0ms (cache hit)
2794 http cache tapable@https://registry.npmjs.org/tapable/-/tapable-2.3.3.tgz 0ms (cache hit)
2795 http cache graceful-fs@https://registry.npmjs.org/graceful-fs/-/graceful-fs-4.2.11.tgz 0ms (cache hit)
2796 http cache @tailwindcss/oxide-darwin-arm64@https://registry.npmjs.org/@tailwindcss/oxide-darwin-arm64/-/oxide-darwin-arm64-4.3.3.tgz 0ms (cache hit)
2797 http cache @jridgewell/resolve-uri@https://registry.npmjs.org/@jridgewell/resolve-uri/-/resolve-uri-3.1.2.tgz 0ms (cache hit)
2798 http cache magic-string@https://registry.npmjs.org/magic-string/-/magic-string-0.30.21.tgz 0ms (cache hit)
2799 http cache @jridgewell/sourcemap-codec@https://registry.npmjs.org/@jridgewell/sourcemap-codec/-/sourcemap-codec-1.5.5.tgz 0ms (cache hit)
2800 http cache source-map-js@https://registry.npmjs.org/source-map-js/-/source-map-js-1.2.1.tgz 0ms (cache hit)
2801 http cache @jridgewell/gen-mapping@https://registry.npmjs.org/@jridgewell/gen-mapping/-/gen-mapping-0.3.13.tgz 0ms (cache hit)
2802 http cache @jridgewell/trace-mapping@https://registry.npmjs.org/@jridgewell/trace-mapping/-/trace-mapping-0.3.31.tgz 0ms (cache hit)
2803 http cache lightningcss@https://registry.npmjs.org/lightningcss/-/lightningcss-1.32.0.tgz 0ms (cache hit)
2804 http cache @jridgewell/remapping@https://registry.npmjs.org/@jridgewell/remapping/-/remapping-2.3.5.tgz 0ms (cache hit)
2805 http cache enhanced-resolve@https://registry.npmjs.org/enhanced-resolve/-/enhanced-resolve-5.24.5.tgz 0ms (cache hit)
2806 http cache @tailwindcss/oxide@https://registry.npmjs.org/@tailwindcss/oxide/-/oxide-4.3.3.tgz 0ms (cache hit)
2807 http cache @tailwindcss/node@https://registry.npmjs.org/@tailwindcss/node/-/node-4.3.3.tgz 0ms (cache hit)
2808 http cache jiti@https://registry.npmjs.org/jiti/-/jiti-2.7.0.tgz 0ms (cache hit)
2809 http cache @alloc/quick-lru@https://registry.npmjs.org/@alloc/quick-lru/-/quick-lru-5.2.0.tgz 0ms (cache hit)
2810 http cache next@https://registry.npmjs.org/next/-/next-16.3.0.tgz 0ms (cache hit)
2811 http cache postcss@https://registry.npmjs.org/postcss/-/postcss-8.5.25.tgz 0ms (cache hit)
2812 http cache tailwindcss@https://registry.npmjs.org/tailwindcss/-/tailwindcss-4.3.3.tgz 0ms (cache hit)
2813 http cache react@https://registry.npmjs.org/react/-/react-19.2.8.tgz 0ms (cache hit)
2814 http cache @tailwindcss/postcss@https://registry.npmjs.org/@tailwindcss/postcss/-/postcss-4.3.3.tgz 0ms (cache hit)
2815 http cache react-dom@https://registry.npmjs.org/react-dom/-/react-dom-19.2.8.tgz 0ms (cache hit)
2816 http cache brace-expansion@https://registry.npmjs.org/brace-expansion/-/brace-expansion-5.0.9.tgz 0ms (cache hit)
2817 http cache eslint-visitor-keys@https://registry.npmjs.org/eslint-visitor-keys/-/eslint-visitor-keys-5.0.1.tgz 0ms (cache hit)
2818 http cache eslint@https://registry.npmjs.org/eslint/-/eslint-9.39.5.tgz 0ms (cache hit)
2819 http cache minimatch@https://registry.npmjs.org/minimatch/-/minimatch-10.2.6.tgz 0ms (cache hit)
2820 http cache ignore@https://registry.npmjs.org/ignore/-/ignore-7.0.6.tgz 0ms (cache hit)
2821 http cache semver@https://registry.npmjs.org/semver/-/semver-7.8.5.tgz 0ms (cache hit)
2822 http cache eslint-config-next@https://registry.npmjs.org/eslint-config-next/-/eslint-config-next-16.3.0.tgz 0ms (cache hit)
2823 http cache semver@https://registry.npmjs.org/semver/-/semver-7.8.5.tgz 0ms (cache hit)
2824 http cache debug@https://registry.npmjs.org/debug/-/debug-3.2.7.tgz 0ms (cache hit)
2825 http cache json5@https://registry.npmjs.org/json5/-/json5-1.0.2.tgz 0ms (cache hit)
2826 http cache glob-parent@https://registry.npmjs.org/glob-parent/-/glob-parent-5.1.2.tgz 0ms (cache hit)
2827 http cache balanced-match@https://registry.npmjs.org/balanced-match/-/balanced-match-4.0.4.tgz 0ms (cache hit)
2828 http cache fdir@https://registry.npmjs.org/fdir/-/fdir-6.5.0.tgz 0ms (cache hit)
2829 http cache semver@https://registry.npmjs.org/semver/-/semver-7.8.5.tgz 0ms (cache hit)
2830 http cache debug@https://registry.npmjs.org/debug/-/debug-3.2.7.tgz 0ms (cache hit)
2831 http cache picomatch@https://registry.npmjs.org/picomatch/-/picomatch-4.0.5.tgz 0ms (cache hit)
2832 http cache @eslint-community/eslint-utils@https://registry.npmjs.org/@eslint-community/eslint-utils/-/eslint-utils-4.9.1.tgz 0ms (cache hit)
2833 http cache eslint-visitor-keys@https://registry.npmjs.org/eslint-visitor-keys/-/eslint-visitor-keys-3.4.3.tgz 0ms (cache hit)
2834 http cache eslint-visitor-keys@https://registry.npmjs.org/eslint-visitor-keys/-/eslint-visitor-keys-3.4.3.tgz 0ms (cache hit)
2835 http cache debug@https://registry.npmjs.org/debug/-/debug-3.2.7.tgz 0ms (cache hit)
2836 silly tarball no local data for is-weakset@https://registry.npmjs.org/is-weakset/-/is-weakset-2.0.4.tgz. Extracting by manifest.
2837 silly tarball no local data for is-weakmap@https://registry.npmjs.org/is-weakmap/-/is-weakmap-2.0.2.tgz. Extracting by manifest.
2838 silly tarball no local data for which-collection@https://registry.npmjs.org/which-collection/-/which-collection-1.0.2.tgz. Extracting by manifest.
2839 silly tarball no local data for generator-function@https://registry.npmjs.org/generator-function/-/generator-function-2.0.1.tgz. Extracting by manifest.
2840 silly tarball no local data for async-function@https://registry.npmjs.org/async-function/-/async-function-1.0.0.tgz. Extracting by manifest.
2841 silly tarball no local data for is-generator-function@https://registry.npmjs.org/is-generator-function/-/is-generator-function-1.1.2.tgz. Extracting by manifest.
2842 silly tarball no local data for is-map@https://registry.npmjs.org/is-map/-/is-map-2.0.3.tgz. Extracting by manifest.
2843 silly tarball no local data for is-finalizationregistry@https://registry.npmjs.org/is-finalizationregistry/-/is-finalizationregistry-1.1.1.tgz. Extracting by manifest.
2844 silly tarball no local data for is-number-object@https://registry.npmjs.org/is-number-object/-/is-number-object-1.1.1.tgz. Extracting by manifest.
2845 silly tarball no local data for is-boolean-object@https://registry.npmjs.org/is-boolean-object/-/is-boolean-object-1.2.2.tgz. Extracting by manifest.
2846 silly tarball no local data for is-async-function@https://registry.npmjs.org/is-async-function/-/is-async-function-2.1.1.tgz. Extracting by manifest.
2847 http cache postcss@https://registry.npmjs.org/postcss/-/postcss-8.5.23.tgz 0ms (cache hit)
2848 silly tarball no local data for isexe@https://registry.npmjs.org/isexe/-/isexe-2.0.0.tgz. Extracting by manifest.
2849 silly tarball no local data for is-bigint@https://registry.npmjs.org/is-bigint/-/is-bigint-1.1.0.tgz. Extracting by manifest.
2850 silly tarball no local data for punycode@https://registry.npmjs.org/punycode/-/punycode-2.3.1.tgz. Extracting by manifest.
2851 silly tarball no local data for @unrs/resolver-binding-darwin-arm64@https://registry.npmjs.org/@unrs/resolver-binding-darwin-arm64/-/resolver-binding-darwin-arm64-1.12.2.tgz. Extracting by manifest.
2852 silly tarball no local data for escalade@https://registry.npmjs.org/escalade/-/escalade-3.2.0.tgz. Extracting by manifest.
2853 silly tarball no local data for napi-postinstall@https://registry.npmjs.org/napi-postinstall/-/napi-postinstall-0.3.4.tgz. Extracting by manifest.
2854 silly tarball no local data for which-boxed-primitive@https://registry.npmjs.org/which-boxed-primitive/-/which-boxed-primitive-1.1.1.tgz. Extracting by manifest.
2855 silly tarball no local data for @typescript-eslint/tsconfig-utils@https://registry.npmjs.org/@typescript-eslint/tsconfig-utils/-/tsconfig-utils-8.66.0.tgz. Extracting by manifest.
2856 silly tarball no local data for has-bigints@https://registry.npmjs.org/has-bigints/-/has-bigints-1.1.0.tgz. Extracting by manifest.
2857 silly tarball no local data for ts-api-utils@https://registry.npmjs.org/ts-api-utils/-/ts-api-utils-2.5.0.tgz. Extracting by manifest.
2858 silly tarball no local data for @typescript-eslint/project-service@https://registry.npmjs.org/@typescript-eslint/project-service/-/project-service-8.66.0.tgz. Extracting by manifest.
2859 silly tarball no local data for @typescript-eslint/types@https://registry.npmjs.org/@typescript-eslint/types/-/types-8.66.0.tgz. Extracting by manifest.
2860 silly tarball no local data for @typescript-eslint/utils@https://registry.npmjs.org/@typescript-eslint/utils/-/utils-8.66.0.tgz. Extracting by manifest.
2861 silly tarball no local data for @typescript-eslint/visitor-keys@https://registry.npmjs.org/@typescript-eslint/visitor-keys/-/visitor-keys-8.66.0.tgz. Extracting by manifest.
2862 silly tarball no local data for @typescript-eslint/type-utils@https://registry.npmjs.org/@typescript-eslint/type-utils/-/type-utils-8.66.0.tgz. Extracting by manifest.
2863 silly tarball no local data for @typescript-eslint/scope-manager@https://registry.npmjs.org/@typescript-eslint/scope-manager/-/scope-manager-8.66.0.tgz. Extracting by manifest.
2864 silly tarball no local data for @typescript-eslint/parser@https://registry.npmjs.org/@typescript-eslint/parser/-/parser-8.66.0.tgz. Extracting by manifest.
2865 silly tarball no local data for @typescript-eslint/typescript-estree@https://registry.npmjs.org/@typescript-eslint/typescript-estree/-/typescript-estree-8.66.0.tgz. Extracting by manifest.
2866 http cache globals@https://registry.npmjs.org/globals/-/globals-16.4.0.tgz 0ms (cache hit)
2867 silly tarball no local data for @typescript-eslint/eslint-plugin@https://registry.npmjs.org/@typescript-eslint/eslint-plugin/-/eslint-plugin-8.66.0.tgz. Extracting by manifest.
2868 silly tarball no local data for which-builtin-type@https://registry.npmjs.org/which-builtin-type/-/which-builtin-type-1.2.1.tgz. Extracting by manifest.
2869 silly tarball no local data for for-each@https://registry.npmjs.org/for-each/-/for-each-0.3.5.tgz. Extracting by manifest.
2870 silly tarball no local data for strip-bom@https://registry.npmjs.org/strip-bom/-/strip-bom-3.0.0.tgz. Extracting by manifest.
2871 silly tarball no local data for minimist@https://registry.npmjs.org/minimist/-/minimist-1.2.8.tgz. Extracting by manifest.
2872 silly tarball no local data for has-flag@https://registry.npmjs.org/has-flag/-/has-flag-4.0.0.tgz. Extracting by manifest.
2873 silly tarball no local data for reflect.getprototypeof@https://registry.npmjs.org/reflect.getprototypeof/-/reflect.getprototypeof-1.0.10.tgz. Extracting by manifest.
2874 silly tarball no local data for @types/json5@https://registry.npmjs.org/@types/json5/-/json5-0.0.29.tgz. Extracting by manifest.
2875 silly tarball no local data for is-number@https://registry.npmjs.org/is-number/-/is-number-7.0.0.tgz. Extracting by manifest.
2876 silly tarball no local data for side-channel-list@https://registry.npmjs.org/side-channel-list/-/side-channel-list-1.0.1.tgz. Extracting by manifest.
2877 silly tarball no local data for side-channel-weakmap@https://registry.npmjs.org/side-channel-weakmap/-/side-channel-weakmap-1.0.2.tgz. Extracting by manifest.
2878 silly tarball no local data for client-only@https://registry.npmjs.org/client-only/-/client-only-0.0.1.tgz. Extracting by manifest.
2879 silly tarball no local data for side-channel-map@https://registry.npmjs.org/side-channel-map/-/side-channel-map-1.0.1.tgz. Extracting by manifest.
2880 silly tarball no local data for @img/sharp-libvips-darwin-arm64@https://registry.npmjs.org/@img/sharp-libvips-darwin-arm64/-/sharp-libvips-darwin-arm64-1.3.2.tgz. Extracting by manifest.
2881 silly tarball no local data for @img/sharp-darwin-arm64@https://registry.npmjs.org/@img/sharp-darwin-arm64/-/sharp-darwin-arm64-0.35.3.tgz. Extracting by manifest.
2882 silly tarball no local data for shebang-regex@https://registry.npmjs.org/shebang-regex/-/shebang-regex-3.0.0.tgz. Extracting by manifest.
2883 silly tarball no local data for @img/colour@https://registry.npmjs.org/@img/colour/-/colour-1.1.0.tgz. Extracting by manifest.
2884 silly tarball no local data for isarray@https://registry.npmjs.org/isarray/-/isarray-2.0.5.tgz. Extracting by manifest.
2885 silly tarball no local data for path-parse@https://registry.npmjs.org/path-parse/-/path-parse-1.0.7.tgz. Extracting by manifest.
2886 silly tarball no local data for node-exports-info@https://registry.npmjs.org/node-exports-info/-/node-exports-info-1.6.2.tgz. Extracting by manifest.
2887 silly tarball no local data for queue-microtask@https://registry.npmjs.org/queue-microtask/-/queue-microtask-1.2.3.tgz. Extracting by manifest.
2888 silly tarball no local data for react-is@https://registry.npmjs.org/react-is/-/react-is-16.13.1.tgz. Extracting by manifest.
2889 silly tarball no local data for scheduler@https://registry.npmjs.org/scheduler/-/scheduler-0.27.0.tgz. Extracting by manifest.
2890 silly tarball no local data for nanoid@https://registry.npmjs.org/nanoid/-/nanoid-3.3.17.tgz. Extracting by manifest.
2891 silly tarball no local data for object-assign@https://registry.npmjs.org/object-assign/-/object-assign-4.1.1.tgz. Extracting by manifest.
2892 silly tarball no local data for yocto-queue@https://registry.npmjs.org/yocto-queue/-/yocto-queue-0.1.0.tgz. Extracting by manifest.
2893 silly tarball no local data for supports-preserve-symlinks-flag@https://registry.npmjs.org/supports-preserve-symlinks-flag/-/supports-preserve-symlinks-flag-1.0.0.tgz. Extracting by manifest.
2894 silly tarball no local data for callsites@https://registry.npmjs.org/callsites/-/callsites-3.1.0.tgz. Extracting by manifest.
2895 silly tarball no local data for p-limit@https://registry.npmjs.org/p-limit/-/p-limit-3.1.0.tgz. Extracting by manifest.
2896 silly tarball no local data for fast-levenshtein@https://registry.npmjs.org/fast-levenshtein/-/fast-levenshtein-2.0.6.tgz. Extracting by manifest.
2897 silly tarball no local data for word-wrap@https://registry.npmjs.org/word-wrap/-/word-wrap-1.2.5.tgz. Extracting by manifest.
2898 silly tarball no local data for styled-jsx@https://registry.npmjs.org/styled-jsx/-/styled-jsx-5.1.6.tgz. Extracting by manifest.
2899 silly tarball no local data for loose-envify@https://registry.npmjs.org/loose-envify/-/loose-envify-1.4.0.tgz. Extracting by manifest.
2900 silly tarball no local data for deep-is@https://registry.npmjs.org/deep-is/-/deep-is-0.1.4.tgz. Extracting by manifest.
2901 silly tarball no local data for @next/swc-darwin-arm64@https://registry.npmjs.org/@next/swc-darwin-arm64/-/swc-darwin-arm64-16.3.0.tgz. Extracting by manifest.
2902 silly tarball no local data for @next/env@https://registry.npmjs.org/@next/env/-/env-16.3.0.tgz. Extracting by manifest.
2903 silly tarball no local data for tslib@https://registry.npmjs.org/tslib/-/tslib-2.8.1.tgz. Extracting by manifest.
2904 silly tarball no local data for sharp@https://registry.npmjs.org/sharp/-/sharp-0.35.3.tgz. Extracting by manifest.
2905 silly tarball no local data for balanced-match@https://registry.npmjs.org/balanced-match/-/balanced-match-1.0.2.tgz. Extracting by manifest.
2906 silly tarball no local data for concat-map@https://registry.npmjs.org/concat-map/-/concat-map-0.0.1.tgz. Extracting by manifest.
2907 silly tarball no local data for brace-expansion@https://registry.npmjs.org/brace-expansion/-/brace-expansion-1.1.18.tgz. Extracting by manifest.
2908 silly tarball no local data for picomatch@https://registry.npmjs.org/picomatch/-/picomatch-2.3.2.tgz. Extracting by manifest.
2909 silly tarball no local data for fill-range@https://registry.npmjs.org/fill-range/-/fill-range-7.1.1.tgz. Extracting by manifest.
2910 silly tarball no local data for @swc/helpers@https://registry.npmjs.org/@swc/helpers/-/helpers-0.5.15.tgz. Extracting by manifest.
2911 silly tarball no local data for braces@https://registry.npmjs.org/braces/-/braces-3.0.3.tgz. Extracting by manifest.
2912 silly tarball no local data for lightningcss-darwin-arm64@https://registry.npmjs.org/lightningcss-darwin-arm64/-/lightningcss-darwin-arm64-1.32.0.tgz. Extracting by manifest.
2913 silly tarball no local data for p-locate@https://registry.npmjs.org/p-locate/-/p-locate-5.0.0.tgz. Extracting by manifest.
2914 silly tarball no local data for detect-libc@https://registry.npmjs.org/detect-libc/-/detect-libc-2.1.2.tgz. Extracting by manifest.
2915 silly tarball no local data for yallist@https://registry.npmjs.org/yallist/-/yallist-3.1.1.tgz. Extracting by manifest.
2916 silly tarball no local data for to-regex-range@https://registry.npmjs.org/to-regex-range/-/to-regex-range-5.0.1.tgz. Extracting by manifest.
2917 silly tarball no local data for prelude-ls@https://registry.npmjs.org/prelude-ls/-/prelude-ls-1.2.1.tgz. Extracting by manifest.
2918 silly tarball no local data for json-buffer@https://registry.npmjs.org/json-buffer/-/json-buffer-3.0.1.tgz. Extracting by manifest.
2919 silly tarball no local data for argparse@https://registry.npmjs.org/argparse/-/argparse-2.0.1.tgz. Extracting by manifest.
2920 silly tarball no local data for side-channel@https://registry.npmjs.org/side-channel/-/side-channel-1.1.1.tgz. Extracting by manifest.
2921 silly tarball no local data for set-function-name@https://registry.npmjs.org/set-function-name/-/set-function-name-2.0.2.tgz. Extracting by manifest.
2922 silly tarball no local data for language-subtag-registry@https://registry.npmjs.org/language-subtag-registry/-/language-subtag-registry-0.3.23.tgz. Extracting by manifest.
2923 silly tarball no local data for is-extglob@https://registry.npmjs.org/is-extglob/-/is-extglob-2.1.1.tgz. Extracting by manifest.
2924 silly tarball no local data for parent-module@https://registry.npmjs.org/parent-module/-/parent-module-1.0.1.tgz. Extracting by manifest.
2925 silly tarball no local data for resolve-pkg-maps@https://registry.npmjs.org/resolve-pkg-maps/-/resolve-pkg-maps-1.0.0.tgz. Extracting by manifest.
2926 silly tarball no local data for resolve-from@https://registry.npmjs.org/resolve-from/-/resolve-from-4.0.0.tgz. Extracting by manifest.
2927 silly tarball no local data for type-check@https://registry.npmjs.org/type-check/-/type-check-0.4.0.tgz. Extracting by manifest.
2928 silly tarball no local data for dunder-proto@https://registry.npmjs.org/dunder-proto/-/dunder-proto-1.0.1.tgz. Extracting by manifest.
2929 silly tarball no local data for hermes-estree@https://registry.npmjs.org/hermes-estree/-/hermes-estree-0.25.1.tgz. Extracting by manifest.
2930 silly tarball no local data for is-document.all@https://registry.npmjs.org/is-document.all/-/is-document.all-1.0.0.tgz. Extracting by manifest.
2931 silly tarball no local data for functions-have-names@https://registry.npmjs.org/functions-have-names/-/functions-have-names-1.2.3.tgz. Extracting by manifest.
2932 silly tarball no local data for flatted@https://registry.npmjs.org/flatted/-/flatted-3.4.4.tgz. Extracting by manifest.
2933 silly tarball no local data for path-exists@https://registry.npmjs.org/path-exists/-/path-exists-4.0.0.tgz. Extracting by manifest.
2934 silly tarball no local data for reusify@https://registry.npmjs.org/reusify/-/reusify-1.1.0.tgz. Extracting by manifest.
2935 silly tarball no local data for keyv@https://registry.npmjs.org/keyv/-/keyv-4.5.4.tgz. Extracting by manifest.
2936 silly tarball no local data for locate-path@https://registry.npmjs.org/locate-path/-/locate-path-6.0.0.tgz. Extracting by manifest.
2937 silly tarball no local data for flat-cache@https://registry.npmjs.org/flat-cache/-/flat-cache-4.0.1.tgz. Extracting by manifest.
2938 silly tarball no local data for @nodelib/fs.scandir@https://registry.npmjs.org/@nodelib/fs.scandir/-/fs.scandir-2.1.5.tgz. Extracting by manifest.
2939 silly tarball no local data for micromatch@https://registry.npmjs.org/micromatch/-/micromatch-4.0.8.tgz. Extracting by manifest.
2940 silly tarball no local data for run-parallel@https://registry.npmjs.org/run-parallel/-/run-parallel-1.2.0.tgz. Extracting by manifest.
2941 silly tarball no local data for fastq@https://registry.npmjs.org/fastq/-/fastq-1.20.1.tgz. Extracting by manifest.
2942 silly tarball no local data for @nodelib/fs.walk@https://registry.npmjs.org/@nodelib/fs.walk/-/fs.walk-1.2.8.tgz. Extracting by manifest.
2943 silly tarball no local data for @nodelib/fs.stat@https://registry.npmjs.org/@nodelib/fs.stat/-/fs.stat-2.0.5.tgz. Extracting by manifest.
2944 silly tarball no local data for acorn-jsx@https://registry.npmjs.org/acorn-jsx/-/acorn-jsx-5.3.2.tgz. Extracting by manifest.
2945 silly tarball no local data for acorn@https://registry.npmjs.org/acorn/-/acorn-8.18.0.tgz. Extracting by manifest.
2946 silly tarball no local data for esrecurse@https://registry.npmjs.org/esrecurse/-/esrecurse-4.3.0.tgz. Extracting by manifest.
2947 silly tarball no local data for electron-to-chromium@https://registry.npmjs.org/electron-to-chromium/-/electron-to-chromium-1.5.400.tgz. Extracting by manifest.
2948 silly tarball no local data for node-releases@https://registry.npmjs.org/node-releases/-/node-releases-2.0.51.tgz. Extracting by manifest.
2949 silly tarball no local data for update-browserslist-db@https://registry.npmjs.org/update-browserslist-db/-/update-browserslist-db-1.2.3.tgz. Extracting by manifest.
2950 silly tarball no local data for @babel/helper-globals@https://registry.npmjs.org/@babel/helper-globals/-/helper-globals-7.29.7.tgz. Extracting by manifest.
2951 silly tarball no local data for lru-cache@https://registry.npmjs.org/lru-cache/-/lru-cache-5.1.1.tgz. Extracting by manifest.
2952 silly tarball no local data for @babel/helper-string-parser@https://registry.npmjs.org/@babel/helper-string-parser/-/helper-string-parser-7.29.7.tgz. Extracting by manifest.
2953 silly tarball no local data for @babel/helper-module-imports@https://registry.npmjs.org/@babel/helper-module-imports/-/helper-module-imports-7.29.7.tgz. Extracting by manifest.
2954 silly tarball no local data for @babel/helper-validator-option@https://registry.npmjs.org/@babel/helper-validator-option/-/helper-validator-option-7.29.7.tgz. Extracting by manifest.
2955 silly tarball no local data for baseline-browser-mapping@https://registry.npmjs.org/baseline-browser-mapping/-/baseline-browser-mapping-2.11.12.tgz. Extracting by manifest.
2956 silly tarball no local data for jsesc@https://registry.npmjs.org/jsesc/-/jsesc-3.1.0.tgz. Extracting by manifest.
2957 silly tarball no local data for browserslist@https://registry.npmjs.org/browserslist/-/browserslist-4.28.7.tgz. Extracting by manifest.
2958 silly tarball no local data for merge2@https://registry.npmjs.org/merge2/-/merge2-1.4.1.tgz. Extracting by manifest.
2959 silly tarball no local data for caniuse-lite@https://registry.npmjs.org/caniuse-lite/-/caniuse-lite-1.0.30001806.tgz. Extracting by manifest.
2960 silly tarball no local data for js-tokens@https://registry.npmjs.org/js-tokens/-/js-tokens-4.0.0.tgz. Extracting by manifest.
2961 silly tarball no local data for picocolors@https://registry.npmjs.org/picocolors/-/picocolors-1.1.1.tgz. Extracting by manifest.
2962 silly tarball no local data for json5@https://registry.npmjs.org/json5/-/json5-2.2.3.tgz. Extracting by manifest.
2963 silly tarball no local data for gensync@https://registry.npmjs.org/gensync/-/gensync-1.0.0-beta.2.tgz. Extracting by manifest.
2964 silly tarball no local data for @babel/types@https://registry.npmjs.org/@babel/types/-/types-7.29.8.tgz. Extracting by manifest.
2965 silly tarball no local data for @babel/helper-validator-identifier@https://registry.npmjs.org/@babel/helper-validator-identifier/-/helper-validator-identifier-7.29.7.tgz. Extracting by manifest.
2966 silly tarball no local data for convert-source-map@https://registry.npmjs.org/convert-source-map/-/convert-source-map-2.0.0.tgz. Extracting by manifest.
2967 silly tarball no local data for @babel/template@https://registry.npmjs.org/@babel/template/-/template-7.29.7.tgz. Extracting by manifest.
2968 silly tarball no local data for @babel/traverse@https://registry.npmjs.org/@babel/traverse/-/traverse-7.29.8.tgz. Extracting by manifest.
2969 silly tarball no local data for @babel/helpers@https://registry.npmjs.org/@babel/helpers/-/helpers-7.29.7.tgz. Extracting by manifest.
2970 silly tarball no local data for @babel/helper-compilation-targets@https://registry.npmjs.org/@babel/helper-compilation-targets/-/helper-compilation-targets-7.29.7.tgz. Extracting by manifest.
2971 silly tarball no local data for @babel/helper-module-transforms@https://registry.npmjs.org/@babel/helper-module-transforms/-/helper-module-transforms-7.29.7.tgz. Extracting by manifest.
2972 silly tarball no local data for @babel/generator@https://registry.npmjs.org/@babel/generator/-/generator-7.29.8.tgz. Extracting by manifest.
2973 silly tarball no local data for @babel/code-frame@https://registry.npmjs.org/@babel/code-frame/-/code-frame-7.29.7.tgz. Extracting by manifest.
2974 silly tarball no local data for zod-validation-error@https://registry.npmjs.org/zod-validation-error/-/zod-validation-error-4.0.2.tgz. Extracting by manifest.
2975 silly tarball no local data for zod@https://registry.npmjs.org/zod/-/zod-4.4.3.tgz. Extracting by manifest.
2976 silly tarball no local data for hermes-parser@https://registry.npmjs.org/hermes-parser/-/hermes-parser-0.25.1.tgz. Extracting by manifest.
2977 silly tarball no local data for @babel/compat-data@https://registry.npmjs.org/@babel/compat-data/-/compat-data-7.29.7.tgz. Extracting by manifest.
2978 silly tarball no local data for @babel/core@https://registry.npmjs.org/@babel/core/-/core-7.29.7.tgz. Extracting by manifest.
2979 silly tarball no local data for iterator.prototype@https://registry.npmjs.org/iterator.prototype/-/iterator.prototype-1.1.5.tgz. Extracting by manifest.
2980 silly tarball no local data for @babel/parser@https://registry.npmjs.org/@babel/parser/-/parser-7.29.8.tgz. Extracting by manifest.
2981 silly tarball no local data for string.prototype.repeat@https://registry.npmjs.org/string.prototype.repeat/-/string.prototype.repeat-1.0.0.tgz. Extracting by manifest.
2982 silly tarball no local data for prop-types@https://registry.npmjs.org/prop-types/-/prop-types-15.8.1.tgz. Extracting by manifest.
2983 silly tarball no local data for string.prototype.matchall@https://registry.npmjs.org/string.prototype.matchall/-/string.prototype.matchall-4.0.12.tgz. Extracting by manifest.
2984 silly tarball no local data for object.entries@https://registry.npmjs.org/object.entries/-/object.entries-1.1.9.tgz. Extracting by manifest.
2985 silly tarball no local data for estraverse@https://registry.npmjs.org/estraverse/-/estraverse-5.3.0.tgz. Extracting by manifest.
2986 silly tarball no local data for es-iterator-helpers@https://registry.npmjs.org/es-iterator-helpers/-/es-iterator-helpers-1.4.0.tgz. Extracting by manifest.
2987 silly tarball no local data for array.prototype.findlast@https://registry.npmjs.org/array.prototype.findlast/-/array.prototype.findlast-1.2.5.tgz. Extracting by manifest.
2988 silly tarball no local data for array.prototype.tosorted@https://registry.npmjs.org/array.prototype.tosorted/-/array.prototype.tosorted-1.1.4.tgz. Extracting by manifest.
2989 silly tarball no local data for string.prototype.includes@https://registry.npmjs.org/string.prototype.includes/-/string.prototype.includes-2.0.1.tgz. Extracting by manifest.
2990 silly tarball no local data for language-tags@https://registry.npmjs.org/language-tags/-/language-tags-1.0.9.tgz. Extracting by manifest.
2991 silly tarball no local data for damerau-levenshtein@https://registry.npmjs.org/damerau-levenshtein/-/damerau-levenshtein-1.0.8.tgz. Extracting by manifest.
2992 silly tarball no local data for axe-core@https://registry.npmjs.org/axe-core/-/axe-core-4.12.1.tgz. Extracting by manifest.
2993 silly tarball no local data for axobject-query@https://registry.npmjs.org/axobject-query/-/axobject-query-4.1.0.tgz. Extracting by manifest.
2994 silly tarball no local data for jsx-ast-utils@https://registry.npmjs.org/jsx-ast-utils/-/jsx-ast-utils-3.3.5.tgz. Extracting by manifest.
2995 silly tarball no local data for emoji-regex@https://registry.npmjs.org/emoji-regex/-/emoji-regex-9.2.2.tgz. Extracting by manifest.
2996 silly tarball no local data for ast-types-flow@https://registry.npmjs.org/ast-types-flow/-/ast-types-flow-0.0.8.tgz. Extracting by manifest.
2997 silly tarball no local data for aria-query@https://registry.npmjs.org/aria-query/-/aria-query-5.3.2.tgz. Extracting by manifest.
2998 silly tarball no local data for is-date-object@https://registry.npmjs.org/is-date-object/-/is-date-object-1.1.0.tgz. Extracting by manifest.
2999 silly tarball no local data for which-typed-array@https://registry.npmjs.org/which-typed-array/-/which-typed-array-1.1.22.tgz. Extracting by manifest.
3000 silly tarball no local data for has-tostringtag@https://registry.npmjs.org/has-tostringtag/-/has-tostringtag-1.0.2.tgz. Extracting by manifest.
3001 silly tarball no local data for is-symbol@https://registry.npmjs.org/is-symbol/-/is-symbol-1.1.1.tgz. Extracting by manifest.
3002 silly tarball no local data for possible-typed-array-names@https://registry.npmjs.org/possible-typed-array-names/-/possible-typed-array-names-1.1.0.tgz. Extracting by manifest.
3003 silly tarball no local data for unbox-primitive@https://registry.npmjs.org/unbox-primitive/-/unbox-primitive-1.1.0.tgz. Extracting by manifest.
3004 silly tarball no local data for typed-array-length@https://registry.npmjs.org/typed-array-length/-/typed-array-length-1.0.8.tgz. Extracting by manifest.
3005 silly tarball no local data for es-abstract-get@https://registry.npmjs.org/es-abstract-get/-/es-abstract-get-1.0.0.tgz. Extracting by manifest.
3006 silly tarball no local data for typed-array-byte-offset@https://registry.npmjs.org/typed-array-byte-offset/-/typed-array-byte-offset-1.0.4.tgz. Extracting by manifest.
3007 silly tarball no local data for typed-array-byte-length@https://registry.npmjs.org/typed-array-byte-length/-/typed-array-byte-length-1.0.3.tgz. Extracting by manifest.
3008 silly tarball no local data for typed-array-buffer@https://registry.npmjs.org/typed-array-buffer/-/typed-array-buffer-1.0.3.tgz. Extracting by manifest.
3009 silly tarball no local data for string.prototype.trimstart@https://registry.npmjs.org/string.prototype.trimstart/-/string.prototype.trimstart-1.0.8.tgz. Extracting by manifest.
3010 silly tarball no local data for string.prototype.trim@https://registry.npmjs.org/string.prototype.trim/-/string.prototype.trim-1.2.11.tgz. Extracting by manifest.
3011 silly tarball no local data for set-proto@https://registry.npmjs.org/set-proto/-/set-proto-1.0.0.tgz. Extracting by manifest.
3012 silly tarball no local data for safe-array-concat@https://registry.npmjs.org/safe-array-concat/-/safe-array-concat-1.1.4.tgz. Extracting by manifest.
3013 silly tarball no local data for safe-push-apply@https://registry.npmjs.org/safe-push-apply/-/safe-push-apply-1.0.0.tgz. Extracting by manifest.
3014 silly tarball no local data for regexp.prototype.flags@https://registry.npmjs.org/regexp.prototype.flags/-/regexp.prototype.flags-1.5.4.tgz. Extracting by manifest.
3015 silly tarball no local data for safe-regex-test@https://registry.npmjs.org/safe-regex-test/-/safe-regex-test-1.1.0.tgz. Extracting by manifest.
3016 silly tarball no local data for stop-iteration-iterator@https://registry.npmjs.org/stop-iteration-iterator/-/stop-iteration-iterator-1.1.0.tgz. Extracting by manifest.
3017 silly tarball no local data for object.assign@https://registry.npmjs.org/object.assign/-/object.assign-4.1.7.tgz. Extracting by manifest.
3018 silly tarball no local data for object-inspect@https://registry.npmjs.org/object-inspect/-/object-inspect-1.13.4.tgz. Extracting by manifest.
3019 silly tarball no local data for is-typed-array@https://registry.npmjs.org/is-typed-array/-/is-typed-array-1.1.15.tgz. Extracting by manifest.
3020 silly tarball no local data for own-keys@https://registry.npmjs.org/own-keys/-/own-keys-1.0.2.tgz. Extracting by manifest.
3021 silly tarball no local data for is-shared-array-buffer@https://registry.npmjs.org/is-shared-array-buffer/-/is-shared-array-buffer-1.0.4.tgz. Extracting by manifest.
3022 silly tarball no local data for is-set@https://registry.npmjs.org/is-set/-/is-set-2.0.3.tgz. Extracting by manifest.
3023 silly tarball no local data for is-weakref@https://registry.npmjs.org/is-weakref/-/is-weakref-1.1.1.tgz. Extracting by manifest.
3024 silly tarball no local data for is-regex@https://registry.npmjs.org/is-regex/-/is-regex-1.2.1.tgz. Extracting by manifest.
3025 silly tarball no local data for is-data-view@https://registry.npmjs.org/is-data-view/-/is-data-view-1.0.2.tgz. Extracting by manifest.
3026 silly tarball no local data for is-negative-zero@https://registry.npmjs.org/is-negative-zero/-/is-negative-zero-2.0.3.tgz. Extracting by manifest.
3027 silly tarball no local data for is-callable@https://registry.npmjs.org/is-callable/-/is-callable-1.2.7.tgz. Extracting by manifest.
3028 silly tarball no local data for internal-slot@https://registry.npmjs.org/internal-slot/-/internal-slot-1.1.0.tgz. Extracting by manifest.
3029 silly tarball no local data for is-array-buffer@https://registry.npmjs.org/is-array-buffer/-/is-array-buffer-3.0.5.tgz. Extracting by manifest.
3030 silly tarball no local data for get-symbol-description@https://registry.npmjs.org/get-symbol-description/-/get-symbol-description-1.1.0.tgz. Extracting by manifest.
3031 silly tarball no local data for globalthis@https://registry.npmjs.org/globalthis/-/globalthis-1.0.4.tgz. Extracting by manifest.
3032 silly tarball no local data for get-proto@https://registry.npmjs.org/get-proto/-/get-proto-1.0.1.tgz. Extracting by manifest.
3033 silly tarball no local data for has-proto@https://registry.npmjs.org/has-proto/-/has-proto-1.2.0.tgz. Extracting by manifest.
3034 silly tarball no local data for es-to-primitive@https://registry.npmjs.org/es-to-primitive/-/es-to-primitive-1.3.4.tgz. Extracting by manifest.
3035 silly tarball no local data for function.prototype.name@https://registry.npmjs.org/function.prototype.name/-/function.prototype.name-1.2.0.tgz. Extracting by manifest.
3036 silly tarball no local data for es-set-tostringtag@https://registry.npmjs.org/es-set-tostringtag/-/es-set-tostringtag-2.1.0.tgz. Extracting by manifest.
3037 silly tarball no local data for data-view-byte-offset@https://registry.npmjs.org/data-view-byte-offset/-/data-view-byte-offset-1.0.1.tgz. Extracting by manifest.
3038 silly tarball no local data for has-symbols@https://registry.npmjs.org/has-symbols/-/has-symbols-1.1.0.tgz. Extracting by manifest.
3039 silly tarball no local data for available-typed-arrays@https://registry.npmjs.org/available-typed-arrays/-/available-typed-arrays-1.0.7.tgz. Extracting by manifest.
3040 silly tarball no local data for data-view-buffer@https://registry.npmjs.org/data-view-buffer/-/data-view-buffer-1.0.2.tgz. Extracting by manifest.
3041 silly tarball no local data for arraybuffer.prototype.slice@https://registry.npmjs.org/arraybuffer.prototype.slice/-/arraybuffer.prototype.slice-1.0.4.tgz. Extracting by manifest.
3042 silly tarball no local data for object-keys@https://registry.npmjs.org/object-keys/-/object-keys-1.1.1.tgz. Extracting by manifest.
3043 silly tarball no local data for array-buffer-byte-length@https://registry.npmjs.org/array-buffer-byte-length/-/array-buffer-byte-length-1.0.2.tgz. Extracting by manifest.
3044 silly tarball no local data for gopd@https://registry.npmjs.org/gopd/-/gopd-1.2.0.tgz. Extracting by manifest.
3045 silly tarball no local data for has-property-descriptors@https://registry.npmjs.org/has-property-descriptors/-/has-property-descriptors-1.0.2.tgz. Extracting by manifest.
3046 silly tarball no local data for function-bind@https://registry.npmjs.org/function-bind/-/function-bind-1.1.2.tgz. Extracting by manifest.
3047 silly tarball no local data for data-view-byte-length@https://registry.npmjs.org/data-view-byte-length/-/data-view-byte-length-1.0.2.tgz. Extracting by manifest.
3048 silly tarball no local data for define-data-property@https://registry.npmjs.org/define-data-property/-/define-data-property-1.1.4.tgz. Extracting by manifest.
3049 silly tarball no local data for es-define-property@https://registry.npmjs.org/es-define-property/-/es-define-property-1.0.1.tgz. Extracting by manifest.
3050 silly tarball no local data for es-shim-unscopables@https://registry.npmjs.org/es-shim-unscopables/-/es-shim-unscopables-1.1.0.tgz. Extracting by manifest.
3051 silly tarball no local data for es-errors@https://registry.npmjs.org/es-errors/-/es-errors-1.3.0.tgz. Extracting by manifest.
3052 silly tarball no local data for math-intrinsics@https://registry.npmjs.org/math-intrinsics/-/math-intrinsics-1.1.0.tgz. Extracting by manifest.
3053 silly tarball no local data for set-function-length@https://registry.npmjs.org/set-function-length/-/set-function-length-1.2.2.tgz. Extracting by manifest.
3054 silly tarball no local data for call-bind-apply-helpers@https://registry.npmjs.org/call-bind-apply-helpers/-/call-bind-apply-helpers-1.0.2.tgz. Extracting by manifest.
3055 silly tarball no local data for get-intrinsic@https://registry.npmjs.org/get-intrinsic/-/get-intrinsic-1.3.0.tgz. Extracting by manifest.
3056 silly tarball no local data for is-string@https://registry.npmjs.org/is-string/-/is-string-1.1.1.tgz. Extracting by manifest.
3057 silly tarball no local data for call-bound@https://registry.npmjs.org/call-bound/-/call-bound-1.0.4.tgz. Extracting by manifest.
3058 silly tarball no local data for call-bind@https://registry.npmjs.org/call-bind/-/call-bind-1.0.9.tgz. Extracting by manifest.
3059 silly tarball no local data for es-abstract@https://registry.npmjs.org/es-abstract/-/es-abstract-1.24.2.tgz. Extracting by manifest.
3060 silly tarball no local data for define-properties@https://registry.npmjs.org/define-properties/-/define-properties-1.2.1.tgz. Extracting by manifest.
3061 silly tarball no local data for tsconfig-paths@https://registry.npmjs.org/tsconfig-paths/-/tsconfig-paths-3.15.0.tgz. Extracting by manifest.
3062 silly tarball no local data for es-object-atoms@https://registry.npmjs.org/es-object-atoms/-/es-object-atoms-1.1.2.tgz. Extracting by manifest.
3063 silly tarball no local data for semver@https://registry.npmjs.org/semver/-/semver-6.3.1.tgz. Extracting by manifest.
3064 silly tarball no local data for object.groupby@https://registry.npmjs.org/object.groupby/-/object.groupby-1.0.3.tgz. Extracting by manifest.
3065 silly tarball no local data for hasown@https://registry.npmjs.org/hasown/-/hasown-2.0.4.tgz. Extracting by manifest.
3066 silly tarball no local data for object.fromentries@https://registry.npmjs.org/object.fromentries/-/object.fromentries-2.0.8.tgz. Extracting by manifest.
3067 silly tarball no local data for string.prototype.trimend@https://registry.npmjs.org/string.prototype.trimend/-/string.prototype.trimend-1.0.10.tgz. Extracting by manifest.
3068 silly tarball no local data for eslint-module-utils@https://registry.npmjs.org/eslint-module-utils/-/eslint-module-utils-2.14.0.tgz. Extracting by manifest.
3069 silly tarball no local data for object.values@https://registry.npmjs.org/object.values/-/object.values-1.2.1.tgz. Extracting by manifest.
3070 silly tarball no local data for array.prototype.flatmap@https://registry.npmjs.org/array.prototype.flatmap/-/array.prototype.flatmap-1.3.3.tgz. Extracting by manifest.
3071 silly tarball no local data for array.prototype.findlastindex@https://registry.npmjs.org/array.prototype.findlastindex/-/array.prototype.findlastindex-1.2.6.tgz. Extracting by manifest.
3072 silly tarball no local data for array-includes@https://registry.npmjs.org/array-includes/-/array-includes-3.1.9.tgz. Extracting by manifest.
3073 silly tarball no local data for @rtsao/scc@https://registry.npmjs.org/@rtsao/scc/-/scc-1.1.0.tgz. Extracting by manifest.
3074 silly tarball no local data for unrs-resolver@https://registry.npmjs.org/unrs-resolver/-/unrs-resolver-1.12.2.tgz. Extracting by manifest.
3075 silly tarball no local data for doctrine@https://registry.npmjs.org/doctrine/-/doctrine-2.1.0.tgz. Extracting by manifest.
3076 silly tarball no local data for stable-hash@https://registry.npmjs.org/stable-hash/-/stable-hash-0.0.5.tgz. Extracting by manifest.
3077 silly tarball no local data for array.prototype.flat@https://registry.npmjs.org/array.prototype.flat/-/array.prototype.flat-1.3.3.tgz. Extracting by manifest.
3078 silly tarball no local data for is-bun-module@https://registry.npmjs.org/is-bun-module/-/is-bun-module-2.0.0.tgz. Extracting by manifest.
3079 silly tarball no local data for tinyglobby@https://registry.npmjs.org/tinyglobby/-/tinyglobby-0.2.17.tgz. Extracting by manifest.
3080 silly tarball no local data for get-tsconfig@https://registry.npmjs.org/get-tsconfig/-/get-tsconfig-4.14.1.tgz. Extracting by manifest.
3081 silly tarball no local data for @nolyfill/is-core-module@https://registry.npmjs.org/@nolyfill/is-core-module/-/is-core-module-1.0.39.tgz. Extracting by manifest.
3082 silly tarball no local data for fast-glob@https://registry.npmjs.org/fast-glob/-/fast-glob-3.3.1.tgz. Extracting by manifest.
3083 silly tarball no local data for eslint-plugin-react-hooks@https://registry.npmjs.org/eslint-plugin-react-hooks/-/eslint-plugin-react-hooks-7.1.1.tgz. Extracting by manifest.
3084 silly tarball no local data for typescript@https://registry.npmjs.org/typescript/-/typescript-6.0.3.tgz. Extracting by manifest.
3085 silly tarball no local data for is-core-module@https://registry.npmjs.org/is-core-module/-/is-core-module-2.16.2.tgz. Extracting by manifest.
3086 silly tarball no local data for typescript-eslint@https://registry.npmjs.org/typescript-eslint/-/typescript-eslint-8.66.0.tgz. Extracting by manifest.
3087 silly tarball no local data for eslint-plugin-react@https://registry.npmjs.org/eslint-plugin-react/-/eslint-plugin-react-7.37.5.tgz. Extracting by manifest.
3088 silly tarball no local data for eslint-plugin-jsx-a11y@https://registry.npmjs.org/eslint-plugin-jsx-a11y/-/eslint-plugin-jsx-a11y-6.10.2.tgz. Extracting by manifest.
3089 silly tarball no local data for eslint-plugin-import@https://registry.npmjs.org/eslint-plugin-import/-/eslint-plugin-import-2.32.0.tgz. Extracting by manifest.
3090 silly tarball no local data for which@https://registry.npmjs.org/which/-/which-2.0.2.tgz. Extracting by manifest.
3091 silly tarball no local data for resolve@https://registry.npmjs.org/resolve/-/resolve-2.0.0-next.7.tgz. Extracting by manifest.
3092 silly tarball no local data for eslint-import-resolver-node@https://registry.npmjs.org/eslint-import-resolver-node/-/eslint-import-resolver-node-0.3.10.tgz. Extracting by manifest.
3093 silly tarball no local data for @next/eslint-plugin-next@https://registry.npmjs.org/@next/eslint-plugin-next/-/eslint-plugin-next-16.3.0.tgz. Extracting by manifest.
3094 silly tarball no local data for ms@https://registry.npmjs.org/ms/-/ms-2.1.3.tgz. Extracting by manifest.
3095 silly tarball no local data for shebang-command@https://registry.npmjs.org/shebang-command/-/shebang-command-2.0.0.tgz. Extracting by manifest.
3096 silly tarball no local data for eslint-import-resolver-typescript@https://registry.npmjs.org/eslint-import-resolver-typescript/-/eslint-import-resolver-typescript-3.10.1.tgz. Extracting by manifest.
3097 silly tarball no local data for path-key@https://registry.npmjs.org/path-key/-/path-key-3.1.1.tgz. Extracting by manifest.
3098 silly tarball no local data for color-convert@https://registry.npmjs.org/color-convert/-/color-convert-2.0.1.tgz. Extracting by manifest.
3099 silly tarball no local data for color-name@https://registry.npmjs.org/color-name/-/color-name-1.1.4.tgz. Extracting by manifest.
3100 silly tarball no local data for supports-color@https://registry.npmjs.org/supports-color/-/supports-color-7.2.0.tgz. Extracting by manifest.
3101 silly tarball no local data for json-schema-traverse@https://registry.npmjs.org/json-schema-traverse/-/json-schema-traverse-0.4.1.tgz. Extracting by manifest.
3102 silly tarball no local data for uri-js@https://registry.npmjs.org/uri-js/-/uri-js-4.4.1.tgz. Extracting by manifest.
3103 silly tarball no local data for fast-json-stable-stringify@https://registry.npmjs.org/fast-json-stable-stringify/-/fast-json-stable-stringify-2.1.0.tgz. Extracting by manifest.
3104 silly tarball no local data for levn@https://registry.npmjs.org/levn/-/levn-0.4.1.tgz. Extracting by manifest.
3105 silly tarball no local data for ansi-styles@https://registry.npmjs.org/ansi-styles/-/ansi-styles-4.3.0.tgz. Extracting by manifest.
3106 silly tarball no local data for @humanfs/core@https://registry.npmjs.org/@humanfs/core/-/core-0.19.2.tgz. Extracting by manifest.
3107 silly tarball no local data for strip-json-comments@https://registry.npmjs.org/strip-json-comments/-/strip-json-comments-3.1.1.tgz. Extracting by manifest.
3108 silly tarball no local data for js-yaml@https://registry.npmjs.org/js-yaml/-/js-yaml-4.3.1.tgz. Extracting by manifest.
3109 silly tarball no local data for import-fresh@https://registry.npmjs.org/import-fresh/-/import-fresh-3.3.1.tgz. Extracting by manifest.
3110 silly tarball no local data for @humanfs/types@https://registry.npmjs.org/@humanfs/types/-/types-0.15.0.tgz. Extracting by manifest.
3111 silly tarball no local data for @types/json-schema@https://registry.npmjs.org/@types/json-schema/-/json-schema-7.0.15.tgz. Extracting by manifest.
3112 silly tarball no local data for @eslint/object-schema@https://registry.npmjs.org/@eslint/object-schema/-/object-schema-2.1.7.tgz. Extracting by manifest.
3113 silly tarball no local data for natural-compare@https://registry.npmjs.org/natural-compare/-/natural-compare-1.4.0.tgz. Extracting by manifest.
3114 silly tarball no local data for globals@https://registry.npmjs.org/globals/-/globals-14.0.0.tgz. Extracting by manifest.
3115 silly tarball no local data for minimatch@https://registry.npmjs.org/minimatch/-/minimatch-3.1.5.tgz. Extracting by manifest.
3116 silly tarball no local data for lodash.merge@https://registry.npmjs.org/lodash.merge/-/lodash.merge-4.6.2.tgz. Extracting by manifest.
3117 silly tarball no local data for optionator@https://registry.npmjs.org/optionator/-/optionator-0.9.4.tgz. Extracting by manifest.
3118 silly tarball no local data for is-glob@https://registry.npmjs.org/is-glob/-/is-glob-4.0.3.tgz. Extracting by manifest.
3119 silly tarball no local data for imurmurhash@https://registry.npmjs.org/imurmurhash/-/imurmurhash-0.1.4.tgz. Extracting by manifest.
3120 silly tarball no local data for ignore@https://registry.npmjs.org/ignore/-/ignore-5.3.2.tgz. Extracting by manifest.
3121 silly tarball no local data for fast-deep-equal@https://registry.npmjs.org/fast-deep-equal/-/fast-deep-equal-3.1.3.tgz. Extracting by manifest.
3122 silly tarball no local data for file-entry-cache@https://registry.npmjs.org/file-entry-cache/-/file-entry-cache-8.0.0.tgz. Extracting by manifest.
3123 silly tarball no local data for glob-parent@https://registry.npmjs.org/glob-parent/-/glob-parent-6.0.2.tgz. Extracting by manifest.
3124 silly tarball no local data for find-up@https://registry.npmjs.org/find-up/-/find-up-5.0.0.tgz. Extracting by manifest.
3125 silly tarball no local data for json-stable-stringify-without-jsonify@https://registry.npmjs.org/json-stable-stringify-without-jsonify/-/json-stable-stringify-without-jsonify-1.0.1.tgz. Extracting by manifest.
3126 silly tarball no local data for esutils@https://registry.npmjs.org/esutils/-/esutils-2.0.3.tgz. Extracting by manifest.
3127 silly tarball no local data for espree@https://registry.npmjs.org/espree/-/espree-10.4.0.tgz. Extracting by manifest.
3128 silly tarball no local data for esquery@https://registry.npmjs.org/esquery/-/esquery-1.7.0.tgz. Extracting by manifest.
3129 silly tarball no local data for eslint-scope@https://registry.npmjs.org/eslint-scope/-/eslint-scope-8.4.0.tgz. Extracting by manifest.
3130 silly tarball no local data for eslint-visitor-keys@https://registry.npmjs.org/eslint-visitor-keys/-/eslint-visitor-keys-4.2.1.tgz. Extracting by manifest.
3131 silly tarball no local data for cross-spawn@https://registry.npmjs.org/cross-spawn/-/cross-spawn-7.0.6.tgz. Extracting by manifest.
3132 silly tarball no local data for escape-string-regexp@https://registry.npmjs.org/escape-string-regexp/-/escape-string-regexp-4.0.0.tgz. Extracting by manifest.
3133 silly tarball no local data for ajv@https://registry.npmjs.org/ajv/-/ajv-6.15.0.tgz. Extracting by manifest.
3134 silly tarball no local data for @types/estree@https://registry.npmjs.org/@types/estree/-/estree-1.0.9.tgz. Extracting by manifest.
3135 silly tarball no local data for @humanwhocodes/retry@https://registry.npmjs.org/@humanwhocodes/retry/-/retry-0.4.3.tgz. Extracting by manifest.
3136 silly tarball no local data for debug@https://registry.npmjs.org/debug/-/debug-4.4.3.tgz. Extracting by manifest.
3137 silly tarball no local data for @humanwhocodes/module-importer@https://registry.npmjs.org/@humanwhocodes/module-importer/-/module-importer-1.0.1.tgz. Extracting by manifest.
3138 silly tarball no local data for @humanfs/node@https://registry.npmjs.org/@humanfs/node/-/node-0.16.8.tgz. Extracting by manifest.
3139 silly tarball no local data for @eslint/plugin-kit@https://registry.npmjs.org/@eslint/plugin-kit/-/plugin-kit-0.4.1.tgz. Extracting by manifest.
3140 silly tarball no local data for @eslint/js@https://registry.npmjs.org/@eslint/js/-/js-9.39.5.tgz. Extracting by manifest.
3141 silly tarball no local data for @eslint/eslintrc@https://registry.npmjs.org/@eslint/eslintrc/-/eslintrc-3.3.6.tgz. Extracting by manifest.
3142 silly tarball no local data for @eslint/core@https://registry.npmjs.org/@eslint/core/-/core-0.17.0.tgz. Extracting by manifest.
3143 silly tarball no local data for chalk@https://registry.npmjs.org/chalk/-/chalk-4.1.2.tgz. Extracting by manifest.
3144 silly tarball no local data for @eslint/config-helpers@https://registry.npmjs.org/@eslint/config-helpers/-/config-helpers-0.4.2.tgz. Extracting by manifest.
3145 silly tarball no local data for @eslint/config-array@https://registry.npmjs.org/@eslint/config-array/-/config-array-0.21.2.tgz. Extracting by manifest.
3146 silly tarball no local data for @eslint-community/regexpp@https://registry.npmjs.org/@eslint-community/regexpp/-/regexpp-4.12.2.tgz. Extracting by manifest.
3147 silly tarball no local data for @eslint-community/eslint-utils@https://registry.npmjs.org/@eslint-community/eslint-utils/-/eslint-utils-4.10.1.tgz. Extracting by manifest.
3148 silly tarball no local data for tapable@https://registry.npmjs.org/tapable/-/tapable-2.3.3.tgz. Extracting by manifest.
3149 silly tarball no local data for graceful-fs@https://registry.npmjs.org/graceful-fs/-/graceful-fs-4.2.11.tgz. Extracting by manifest.
3150 silly tarball no local data for @tailwindcss/oxide-darwin-arm64@https://registry.npmjs.org/@tailwindcss/oxide-darwin-arm64/-/oxide-darwin-arm64-4.3.3.tgz. Extracting by manifest.
3151 silly tarball no local data for @jridgewell/resolve-uri@https://registry.npmjs.org/@jridgewell/resolve-uri/-/resolve-uri-3.1.2.tgz. Extracting by manifest.
3152 silly tarball no local data for magic-string@https://registry.npmjs.org/magic-string/-/magic-string-0.30.21.tgz. Extracting by manifest.
3153 silly tarball no local data for @jridgewell/sourcemap-codec@https://registry.npmjs.org/@jridgewell/sourcemap-codec/-/sourcemap-codec-1.5.5.tgz. Extracting by manifest.
3154 silly tarball no local data for source-map-js@https://registry.npmjs.org/source-map-js/-/source-map-js-1.2.1.tgz. Extracting by manifest.
3155 silly tarball no local data for @jridgewell/gen-mapping@https://registry.npmjs.org/@jridgewell/gen-mapping/-/gen-mapping-0.3.13.tgz. Extracting by manifest.
3156 silly tarball no local data for @jridgewell/trace-mapping@https://registry.npmjs.org/@jridgewell/trace-mapping/-/trace-mapping-0.3.31.tgz. Extracting by manifest.
3157 silly tarball no local data for lightningcss@https://registry.npmjs.org/lightningcss/-/lightningcss-1.32.0.tgz. Extracting by manifest.
3158 silly tarball no local data for @jridgewell/remapping@https://registry.npmjs.org/@jridgewell/remapping/-/remapping-2.3.5.tgz. Extracting by manifest.
3159 silly tarball no local data for enhanced-resolve@https://registry.npmjs.org/enhanced-resolve/-/enhanced-resolve-5.24.5.tgz. Extracting by manifest.
3160 silly tarball no local data for @tailwindcss/oxide@https://registry.npmjs.org/@tailwindcss/oxide/-/oxide-4.3.3.tgz. Extracting by manifest.
3161 silly tarball no local data for @tailwindcss/node@https://registry.npmjs.org/@tailwindcss/node/-/node-4.3.3.tgz. Extracting by manifest.
3162 silly tarball no local data for jiti@https://registry.npmjs.org/jiti/-/jiti-2.7.0.tgz. Extracting by manifest.
3163 silly tarball no local data for @alloc/quick-lru@https://registry.npmjs.org/@alloc/quick-lru/-/quick-lru-5.2.0.tgz. Extracting by manifest.
3164 silly tarball no local data for next@https://registry.npmjs.org/next/-/next-16.3.0.tgz. Extracting by manifest.
3165 silly tarball no local data for postcss@https://registry.npmjs.org/postcss/-/postcss-8.5.25.tgz. Extracting by manifest.
3166 silly tarball no local data for tailwindcss@https://registry.npmjs.org/tailwindcss/-/tailwindcss-4.3.3.tgz. Extracting by manifest.
3167 silly tarball no local data for react@https://registry.npmjs.org/react/-/react-19.2.8.tgz. Extracting by manifest.
3168 silly tarball no local data for @tailwindcss/postcss@https://registry.npmjs.org/@tailwindcss/postcss/-/postcss-4.3.3.tgz. Extracting by manifest.
3169 silly tarball no local data for react-dom@https://registry.npmjs.org/react-dom/-/react-dom-19.2.8.tgz. Extracting by manifest.
3170 silly tarball no local data for brace-expansion@https://registry.npmjs.org/brace-expansion/-/brace-expansion-5.0.9.tgz. Extracting by manifest.
3171 silly tarball no local data for eslint-visitor-keys@https://registry.npmjs.org/eslint-visitor-keys/-/eslint-visitor-keys-5.0.1.tgz. Extracting by manifest.
3172 silly tarball no local data for eslint@https://registry.npmjs.org/eslint/-/eslint-9.39.5.tgz. Extracting by manifest.
3173 silly tarball no local data for minimatch@https://registry.npmjs.org/minimatch/-/minimatch-10.2.6.tgz. Extracting by manifest.
3174 silly tarball no local data for ignore@https://registry.npmjs.org/ignore/-/ignore-7.0.6.tgz. Extracting by manifest.
3175 silly tarball no local data for semver@https://registry.npmjs.org/semver/-/semver-7.8.5.tgz. Extracting by manifest.
3176 silly tarball no local data for eslint-config-next@https://registry.npmjs.org/eslint-config-next/-/eslint-config-next-16.3.0.tgz. Extracting by manifest.
3177 silly tarball no local data for semver@https://registry.npmjs.org/semver/-/semver-7.8.5.tgz. Extracting by manifest.
3178 silly tarball no local data for debug@https://registry.npmjs.org/debug/-/debug-3.2.7.tgz. Extracting by manifest.
3179 silly tarball no local data for json5@https://registry.npmjs.org/json5/-/json5-1.0.2.tgz. Extracting by manifest.
3180 silly tarball no local data for glob-parent@https://registry.npmjs.org/glob-parent/-/glob-parent-5.1.2.tgz. Extracting by manifest.
3181 silly tarball no local data for balanced-match@https://registry.npmjs.org/balanced-match/-/balanced-match-4.0.4.tgz. Extracting by manifest.
3182 silly tarball no local data for fdir@https://registry.npmjs.org/fdir/-/fdir-6.5.0.tgz. Extracting by manifest.
3183 silly tarball no local data for semver@https://registry.npmjs.org/semver/-/semver-7.8.5.tgz. Extracting by manifest.
3184 silly tarball no local data for debug@https://registry.npmjs.org/debug/-/debug-3.2.7.tgz. Extracting by manifest.
3185 silly tarball no local data for picomatch@https://registry.npmjs.org/picomatch/-/picomatch-4.0.5.tgz. Extracting by manifest.
3186 silly tarball no local data for @eslint-community/eslint-utils@https://registry.npmjs.org/@eslint-community/eslint-utils/-/eslint-utils-4.9.1.tgz. Extracting by manifest.
3187 silly tarball no local data for eslint-visitor-keys@https://registry.npmjs.org/eslint-visitor-keys/-/eslint-visitor-keys-3.4.3.tgz. Extracting by manifest.
3188 silly tarball no local data for eslint-visitor-keys@https://registry.npmjs.org/eslint-visitor-keys/-/eslint-visitor-keys-3.4.3.tgz. Extracting by manifest.
3189 silly tarball no local data for debug@https://registry.npmjs.org/debug/-/debug-3.2.7.tgz. Extracting by manifest.
3190 silly tarball no local data for postcss@https://registry.npmjs.org/postcss/-/postcss-8.5.23.tgz. Extracting by manifest.
3191 silly tarball no local data for globals@https://registry.npmjs.org/globals/-/globals-16.4.0.tgz. Extracting by manifest.
3192 http fetch POST 200 https://registry.npmjs.org/-/npm/v1/security/advisories/bulk 167ms
3193 silly audit report {}
3194 http fetch GET 200 https://registry.npmjs.org/is-weakmap/-/is-weakmap-2.0.2.tgz 110ms (cache miss)
3195 http fetch GET 200 https://registry.npmjs.org/is-map/-/is-map-2.0.3.tgz 109ms (cache miss)
3196 http fetch GET 200 https://registry.npmjs.org/async-function/-/async-function-1.0.0.tgz 109ms (cache miss)
3197 http fetch GET 200 https://registry.npmjs.org/is-finalizationregistry/-/is-finalizationregistry-1.1.1.tgz 109ms (cache miss)
3198 http fetch GET 200 https://registry.npmjs.org/is-weakset/-/is-weakset-2.0.4.tgz 111ms (cache miss)
3199 http fetch GET 200 https://registry.npmjs.org/generator-function/-/generator-function-2.0.1.tgz 110ms (cache miss)
3200 http fetch GET 200 https://registry.npmjs.org/which-collection/-/which-collection-1.0.2.tgz 117ms (cache miss)
3201 http fetch GET 200 https://registry.npmjs.org/is-generator-function/-/is-generator-function-1.1.2.tgz 116ms (cache miss)
3202 http fetch GET 200 https://registry.npmjs.org/has-bigints/-/has-bigints-1.1.0.tgz 139ms (cache miss)
3203 http fetch GET 200 https://registry.npmjs.org/escalade/-/escalade-3.2.0.tgz 141ms (cache miss)
3204 http fetch GET 200 https://registry.npmjs.org/napi-postinstall/-/napi-postinstall-0.3.4.tgz 144ms (cache miss)
3205 http fetch GET 200 https://registry.npmjs.org/which-boxed-primitive/-/which-boxed-primitive-1.1.1.tgz 143ms (cache miss)
3206 http fetch GET 200 https://registry.npmjs.org/ts-api-utils/-/ts-api-utils-2.5.0.tgz 153ms (cache miss)
3207 http fetch GET 200 https://registry.npmjs.org/@typescript-eslint/tsconfig-utils/-/tsconfig-utils-8.66.0.tgz 153ms (cache miss)
3208 http fetch GET 200 https://registry.npmjs.org/is-async-function/-/is-async-function-2.1.1.tgz 165ms (cache miss)
3209 http fetch GET 200 https://registry.npmjs.org/punycode/-/punycode-2.3.1.tgz 176ms (cache miss)
3210 http fetch GET 200 https://registry.npmjs.org/is-boolean-object/-/is-boolean-object-1.2.2.tgz 177ms (cache miss)
3211 http fetch GET 200 https://registry.npmjs.org/@typescript-eslint/types/-/types-8.66.0.tgz 187ms (cache miss)
3212 http fetch GET 200 https://registry.npmjs.org/@typescript-eslint/visitor-keys/-/visitor-keys-8.66.0.tgz 191ms (cache miss)
3213 http fetch GET 200 https://registry.npmjs.org/@typescript-eslint/project-service/-/project-service-8.66.0.tgz 193ms (cache miss)
3214 http fetch GET 200 https://registry.npmjs.org/is-number-object/-/is-number-object-1.1.1.tgz 195ms (cache miss)
3215 http fetch GET 200 https://registry.npmjs.org/@typescript-eslint/type-utils/-/type-utils-8.66.0.tgz 196ms (cache miss)
3216 http fetch GET 200 https://registry.npmjs.org/@typescript-eslint/utils/-/utils-8.66.0.tgz 197ms (cache miss)
3217 http fetch GET 200 https://registry.npmjs.org/which-builtin-type/-/which-builtin-type-1.2.1.tgz 210ms (cache miss)
3218 http fetch GET 200 https://registry.npmjs.org/@typescript-eslint/parser/-/parser-8.66.0.tgz 219ms (cache miss)
3219 http fetch GET 200 https://registry.npmjs.org/has-flag/-/has-flag-4.0.0.tgz 218ms (cache miss)
3220 http fetch GET 200 https://registry.npmjs.org/strip-bom/-/strip-bom-3.0.0.tgz 219ms (cache miss)
3221 http fetch GET 200 https://registry.npmjs.org/for-each/-/for-each-0.3.5.tgz 223ms (cache miss)
3222 http fetch GET 200 https://registry.npmjs.org/reflect.getprototypeof/-/reflect.getprototypeof-1.0.10.tgz 227ms (cache miss)
3223 http fetch GET 200 https://registry.npmjs.org/is-number/-/is-number-7.0.0.tgz 228ms (cache miss)
3224 http fetch GET 200 https://registry.npmjs.org/minimist/-/minimist-1.2.8.tgz 229ms (cache miss)
3225 http fetch GET 200 https://registry.npmjs.org/side-channel-list/-/side-channel-list-1.0.1.tgz 233ms (cache miss)
3226 http fetch GET 200 https://registry.npmjs.org/client-only/-/client-only-0.0.1.tgz 238ms (cache miss)
3227 http fetch GET 200 https://registry.npmjs.org/@types/json5/-/json5-0.0.29.tgz 240ms (cache miss)
3228 http fetch GET 200 https://registry.npmjs.org/@unrs/resolver-binding-darwin-arm64/-/resolver-binding-darwin-arm64-1.12.2.tgz 246ms (cache miss)
3229 http fetch GET 200 https://registry.npmjs.org/side-channel-weakmap/-/side-channel-weakmap-1.0.2.tgz 244ms (cache miss)
3230 http fetch GET 200 https://registry.npmjs.org/@typescript-eslint/typescript-estree/-/typescript-estree-8.66.0.tgz 250ms (cache miss)
3231 http fetch GET 200 https://registry.npmjs.org/side-channel-map/-/side-channel-map-1.0.1.tgz 250ms (cache miss)
3232 http fetch GET 200 https://registry.npmjs.org/shebang-regex/-/shebang-regex-3.0.0.tgz 268ms (cache miss)
3233 http fetch GET 200 https://registry.npmjs.org/isarray/-/isarray-2.0.5.tgz 268ms (cache miss)
3234 http fetch GET 200 https://registry.npmjs.org/queue-microtask/-/queue-microtask-1.2.3.tgz 268ms (cache miss)
3235 http fetch GET 200 https://registry.npmjs.org/node-exports-info/-/node-exports-info-1.6.2.tgz 272ms (cache miss)
3236 http fetch GET 200 https://registry.npmjs.org/path-parse/-/path-parse-1.0.7.tgz 272ms (cache miss)
3237 http fetch GET 200 https://registry.npmjs.org/react-is/-/react-is-16.13.1.tgz 275ms (cache miss)
3238 http fetch GET 200 https://registry.npmjs.org/nanoid/-/nanoid-3.3.17.tgz 278ms (cache miss)
3239 http fetch GET 200 https://registry.npmjs.org/scheduler/-/scheduler-0.27.0.tgz 278ms (cache miss)
3240 http fetch GET 200 https://registry.npmjs.org/object-assign/-/object-assign-4.1.1.tgz 282ms (cache miss)
3241 http fetch GET 200 https://registry.npmjs.org/yocto-queue/-/yocto-queue-0.1.0.tgz 283ms (cache miss)
3242 http fetch GET 200 https://registry.npmjs.org/@img/sharp-darwin-arm64/-/sharp-darwin-arm64-0.35.3.tgz 286ms (cache miss)
3243 http fetch GET 200 https://registry.npmjs.org/p-limit/-/p-limit-3.1.0.tgz 294ms (cache miss)
3244 http fetch GET 200 https://registry.npmjs.org/supports-preserve-symlinks-flag/-/supports-preserve-symlinks-flag-1.0.0.tgz 299ms (cache miss)
3245 http fetch GET 200 https://registry.npmjs.org/callsites/-/callsites-3.1.0.tgz 305ms (cache miss)
3246 http fetch GET 200 https://registry.npmjs.org/fast-levenshtein/-/fast-levenshtein-2.0.6.tgz 307ms (cache miss)
3247 http fetch GET 200 https://registry.npmjs.org/tslib/-/tslib-2.8.1.tgz 313ms (cache miss)
3248 http fetch GET 200 https://registry.npmjs.org/word-wrap/-/word-wrap-1.2.5.tgz 313ms (cache miss)
3249 http fetch GET 200 https://registry.npmjs.org/loose-envify/-/loose-envify-1.4.0.tgz 316ms (cache miss)
3250 http fetch GET 200 https://registry.npmjs.org/deep-is/-/deep-is-0.1.4.tgz 329ms (cache miss)
3251 http fetch GET 200 https://registry.npmjs.org/balanced-match/-/balanced-match-1.0.2.tgz 329ms (cache miss)
3252 http fetch GET 200 https://registry.npmjs.org/brace-expansion/-/brace-expansion-1.1.18.tgz 335ms (cache miss)
3253 http fetch GET 200 https://registry.npmjs.org/styled-jsx/-/styled-jsx-5.1.6.tgz 342ms (cache miss)
3254 http fetch GET 200 https://registry.npmjs.org/concat-map/-/concat-map-0.0.1.tgz 347ms (cache miss)
3255 http fetch GET 200 https://registry.npmjs.org/@img/colour/-/colour-1.1.0.tgz 367ms (cache miss)
3256 http fetch GET 200 https://registry.npmjs.org/fill-range/-/fill-range-7.1.1.tgz 366ms (cache miss)
3257 http fetch GET 200 https://registry.npmjs.org/picomatch/-/picomatch-2.3.2.tgz 371ms (cache miss)
3258 http fetch GET 200 https://registry.npmjs.org/p-locate/-/p-locate-5.0.0.tgz 376ms (cache miss)
3259 http fetch GET 200 https://registry.npmjs.org/sharp/-/sharp-0.35.3.tgz 385ms (cache miss)
3260 http fetch GET 200 https://registry.npmjs.org/yallist/-/yallist-3.1.1.tgz 390ms (cache miss)
3261 http fetch GET 200 https://registry.npmjs.org/detect-libc/-/detect-libc-2.1.2.tgz 391ms (cache miss)
3262 http fetch GET 200 https://registry.npmjs.org/braces/-/braces-3.0.3.tgz 392ms (cache miss)
3263 http fetch GET 200 https://registry.npmjs.org/to-regex-range/-/to-regex-range-5.0.1.tgz 406ms (cache miss)
3264 http fetch GET 200 https://registry.npmjs.org/json-buffer/-/json-buffer-3.0.1.tgz 422ms (cache miss)
3265 http fetch GET 200 https://registry.npmjs.org/side-channel/-/side-channel-1.1.1.tgz 422ms (cache miss)
3266 http fetch GET 200 https://registry.npmjs.org/argparse/-/argparse-2.0.1.tgz 423ms (cache miss)
3267 http fetch GET 200 https://registry.npmjs.org/is-bigint/-/is-bigint-1.1.0.tgz 438ms (cache miss)
3268 http fetch GET 200 https://registry.npmjs.org/isexe/-/isexe-2.0.0.tgz 438ms (cache miss)
3269 http fetch GET 200 https://registry.npmjs.org/prelude-ls/-/prelude-ls-1.2.1.tgz 430ms (cache miss)
3270 http fetch GET 200 https://registry.npmjs.org/@next/env/-/env-16.3.0.tgz 443ms (cache miss)
3271 http fetch GET 200 https://registry.npmjs.org/set-function-name/-/set-function-name-2.0.2.tgz 449ms (cache miss)
3272 http fetch GET 200 https://registry.npmjs.org/is-extglob/-/is-extglob-2.1.1.tgz 450ms (cache miss)
3273 http fetch GET 200 https://registry.npmjs.org/@typescript-eslint/scope-manager/-/scope-manager-8.66.0.tgz 481ms (cache miss)
3274 http fetch GET 200 https://registry.npmjs.org/resolve-pkg-maps/-/resolve-pkg-maps-1.0.0.tgz 493ms (cache miss)
3275 http fetch GET 200 https://registry.npmjs.org/type-check/-/type-check-0.4.0.tgz 492ms (cache miss)
3276 http fetch GET 200 https://registry.npmjs.org/parent-module/-/parent-module-1.0.1.tgz 494ms (cache miss)
3277 http fetch GET 200 https://registry.npmjs.org/resolve-from/-/resolve-from-4.0.0.tgz 495ms (cache miss)
3278 http fetch GET 200 https://registry.npmjs.org/dunder-proto/-/dunder-proto-1.0.1.tgz 496ms (cache miss)
3279 http fetch GET 200 https://registry.npmjs.org/keyv/-/keyv-4.5.4.tgz 502ms (cache miss)
3280 http fetch GET 200 https://registry.npmjs.org/path-exists/-/path-exists-4.0.0.tgz 503ms (cache miss)
3281 http fetch GET 200 https://registry.npmjs.org/is-document.all/-/is-document.all-1.0.0.tgz 504ms (cache miss)
3282 http fetch GET 200 https://registry.npmjs.org/hermes-estree/-/hermes-estree-0.25.1.tgz 508ms (cache miss)
3283 http fetch GET 200 https://registry.npmjs.org/functions-have-names/-/functions-have-names-1.2.3.tgz 510ms (cache miss)
3284 http fetch GET 200 https://registry.npmjs.org/reusify/-/reusify-1.1.0.tgz 513ms (cache miss)
3285 http fetch GET 200 https://registry.npmjs.org/flat-cache/-/flat-cache-4.0.1.tgz 524ms (cache miss)
3286 http fetch GET 200 https://registry.npmjs.org/run-parallel/-/run-parallel-1.2.0.tgz 525ms (cache miss)
3287 http fetch GET 200 https://registry.npmjs.org/locate-path/-/locate-path-6.0.0.tgz 525ms (cache miss)
3288 http fetch GET 200 https://registry.npmjs.org/fastq/-/fastq-1.20.1.tgz 528ms (cache miss)
3289 http fetch GET 200 https://registry.npmjs.org/language-subtag-registry/-/language-subtag-registry-0.3.23.tgz 533ms (cache miss)
3290 http fetch GET 200 https://registry.npmjs.org/flatted/-/flatted-3.4.4.tgz 535ms (cache miss)
3291 http fetch GET 200 https://registry.npmjs.org/@nodelib/fs.walk/-/fs.walk-1.2.8.tgz 540ms (cache miss)
3292 http fetch GET 200 https://registry.npmjs.org/acorn-jsx/-/acorn-jsx-5.3.2.tgz 541ms (cache miss)
3293 http fetch GET 200 https://registry.npmjs.org/micromatch/-/micromatch-4.0.8.tgz 548ms (cache miss)
3294 http fetch GET 200 https://registry.npmjs.org/node-releases/-/node-releases-2.0.51.tgz 550ms (cache miss)
3295 http fetch GET 200 https://registry.npmjs.org/update-browserslist-db/-/update-browserslist-db-1.2.3.tgz 551ms (cache miss)
3296 http fetch GET 200 https://registry.npmjs.org/acorn/-/acorn-8.18.0.tgz 557ms (cache miss)
3297 http fetch GET 200 https://registry.npmjs.org/@nodelib/fs.stat/-/fs.stat-2.0.5.tgz 558ms (cache miss)
3298 http fetch GET 200 https://registry.npmjs.org/esrecurse/-/esrecurse-4.3.0.tgz 559ms (cache miss)
3299 http fetch GET 200 https://registry.npmjs.org/lru-cache/-/lru-cache-5.1.1.tgz 558ms (cache miss)
3300 http fetch GET 200 https://registry.npmjs.org/electron-to-chromium/-/electron-to-chromium-1.5.400.tgz 567ms (cache miss)
3301 http fetch GET 200 https://registry.npmjs.org/@babel/helper-module-imports/-/helper-module-imports-7.29.7.tgz 573ms (cache miss)
3302 http fetch GET 200 https://registry.npmjs.org/@babel/helper-string-parser/-/helper-string-parser-7.29.7.tgz 575ms (cache miss)
3303 http fetch GET 200 https://registry.npmjs.org/browserslist/-/browserslist-4.28.7.tgz 575ms (cache miss)
3304 http fetch GET 200 https://registry.npmjs.org/baseline-browser-mapping/-/baseline-browser-mapping-2.11.12.tgz 582ms (cache miss)
3305 http fetch GET 200 https://registry.npmjs.org/@nodelib/fs.scandir/-/fs.scandir-2.1.5.tgz 584ms (cache miss)
3306 http fetch GET 200 https://registry.npmjs.org/jsesc/-/jsesc-3.1.0.tgz 588ms (cache miss)
3307 http fetch GET 200 https://registry.npmjs.org/@babel/helper-validator-option/-/helper-validator-option-7.29.7.tgz 589ms (cache miss)
3308 http fetch GET 200 https://registry.npmjs.org/picocolors/-/picocolors-1.1.1.tgz 590ms (cache miss)
3309 http fetch GET 200 https://registry.npmjs.org/merge2/-/merge2-1.4.1.tgz 591ms (cache miss)
3310 http fetch GET 200 https://registry.npmjs.org/lightningcss-darwin-arm64/-/lightningcss-darwin-arm64-1.32.0.tgz 598ms (cache miss)
3311 http fetch GET 200 https://registry.npmjs.org/convert-source-map/-/convert-source-map-2.0.0.tgz 599ms (cache miss)
3312 http fetch GET 200 https://registry.npmjs.org/js-tokens/-/js-tokens-4.0.0.tgz 600ms (cache miss)
3313 http fetch GET 200 https://registry.npmjs.org/gensync/-/gensync-1.0.0-beta.2.tgz 609ms (cache miss)
3314 http fetch GET 200 https://registry.npmjs.org/@img/sharp-libvips-darwin-arm64/-/sharp-libvips-darwin-arm64-1.3.2.tgz 626ms (cache miss)
3315 http fetch GET 200 https://registry.npmjs.org/@babel/helper-validator-identifier/-/helper-validator-identifier-7.29.7.tgz 613ms (cache miss)
3316 http fetch GET 200 https://registry.npmjs.org/json5/-/json5-2.2.3.tgz 616ms (cache miss)
3317 http fetch GET 200 https://registry.npmjs.org/@babel/helper-globals/-/helper-globals-7.29.7.tgz 620ms (cache miss)
3318 http fetch GET 200 https://registry.npmjs.org/@babel/code-frame/-/code-frame-7.29.7.tgz 625ms (cache miss)
3319 http fetch GET 200 https://registry.npmjs.org/zod-validation-error/-/zod-validation-error-4.0.2.tgz 632ms (cache miss)
3320 http fetch GET 200 https://registry.npmjs.org/@babel/helper-module-transforms/-/helper-module-transforms-7.29.7.tgz 651ms (cache miss)
3321 http fetch GET 200 https://registry.npmjs.org/@babel/compat-data/-/compat-data-7.29.7.tgz 651ms (cache miss)
3322 http fetch GET 200 https://registry.npmjs.org/iterator.prototype/-/iterator.prototype-1.1.5.tgz 657ms (cache miss)
3323 http fetch GET 200 https://registry.npmjs.org/string.prototype.repeat/-/string.prototype.repeat-1.0.0.tgz 658ms (cache miss)
3324 http fetch GET 200 https://registry.npmjs.org/string.prototype.matchall/-/string.prototype.matchall-4.0.12.tgz 665ms (cache miss)
3325 http fetch GET 200 https://registry.npmjs.org/prop-types/-/prop-types-15.8.1.tgz 670ms (cache miss)
3326 http fetch GET 200 https://registry.npmjs.org/@babel/helper-compilation-targets/-/helper-compilation-targets-7.29.7.tgz 674ms (cache miss)
3327 http fetch GET 200 https://registry.npmjs.org/estraverse/-/estraverse-5.3.0.tgz 673ms (cache miss)
3328 http fetch GET 200 https://registry.npmjs.org/array.prototype.tosorted/-/array.prototype.tosorted-1.1.4.tgz 690ms (cache miss)
3329 http fetch GET 200 https://registry.npmjs.org/damerau-levenshtein/-/damerau-levenshtein-1.0.8.tgz 693ms (cache miss)
3330 http fetch GET 200 https://registry.npmjs.org/object.entries/-/object.entries-1.1.9.tgz 695ms (cache miss)
3331 http fetch GET 200 https://registry.npmjs.org/array.prototype.findlast/-/array.prototype.findlast-1.2.5.tgz 696ms (cache miss)
3332 http fetch GET 200 https://registry.npmjs.org/language-tags/-/language-tags-1.0.9.tgz 702ms (cache miss)
3333 http fetch GET 200 https://registry.npmjs.org/string.prototype.includes/-/string.prototype.includes-2.0.1.tgz 703ms (cache miss)
3334 http fetch GET 200 https://registry.npmjs.org/@babel/template/-/template-7.29.7.tgz 716ms (cache miss)
3335 http fetch GET 200 https://registry.npmjs.org/@babel/parser/-/parser-7.29.8.tgz 725ms (cache miss)
3336 http fetch GET 200 https://registry.npmjs.org/@babel/generator/-/generator-7.29.8.tgz 728ms (cache miss)
3337 http fetch GET 200 https://registry.npmjs.org/emoji-regex/-/emoji-regex-9.2.2.tgz 727ms (cache miss)
3338 http fetch GET 200 https://registry.npmjs.org/which-typed-array/-/which-typed-array-1.1.22.tgz 729ms (cache miss)
3339 http fetch GET 200 https://registry.npmjs.org/ast-types-flow/-/ast-types-flow-0.0.8.tgz 733ms (cache miss)
3340 http fetch GET 200 https://registry.npmjs.org/has-tostringtag/-/has-tostringtag-1.0.2.tgz 735ms (cache miss)
3341 http fetch GET 200 https://registry.npmjs.org/is-date-object/-/is-date-object-1.1.0.tgz 735ms (cache miss)
3342 http fetch GET 200 https://registry.npmjs.org/es-abstract-get/-/es-abstract-get-1.0.0.tgz 744ms (cache miss)
3343 http fetch GET 200 https://registry.npmjs.org/possible-typed-array-names/-/possible-typed-array-names-1.1.0.tgz 745ms (cache miss)
3344 http fetch GET 200 https://registry.npmjs.org/unbox-primitive/-/unbox-primitive-1.1.0.tgz 748ms (cache miss)
3345 http fetch GET 200 https://registry.npmjs.org/is-symbol/-/is-symbol-1.1.1.tgz 749ms (cache miss)
3346 http fetch GET 200 https://registry.npmjs.org/typed-array-buffer/-/typed-array-buffer-1.0.3.tgz 756ms (cache miss)
3347 http fetch GET 200 https://registry.npmjs.org/typed-array-byte-length/-/typed-array-byte-length-1.0.3.tgz 756ms (cache miss)
3348 http fetch GET 200 https://registry.npmjs.org/safe-push-apply/-/safe-push-apply-1.0.0.tgz 766ms (cache miss)
3349 http fetch GET 200 https://registry.npmjs.org/typed-array-byte-offset/-/typed-array-byte-offset-1.0.4.tgz 771ms (cache miss)
3350 http fetch GET 200 https://registry.npmjs.org/hermes-parser/-/hermes-parser-0.25.1.tgz 778ms (cache miss)
3351 http fetch GET 200 https://registry.npmjs.org/typed-array-length/-/typed-array-length-1.0.8.tgz 776ms (cache miss)
3352 http fetch GET 200 https://registry.npmjs.org/set-proto/-/set-proto-1.0.0.tgz 776ms (cache miss)
3353 http fetch GET 200 https://registry.npmjs.org/string.prototype.trimstart/-/string.prototype.trimstart-1.0.8.tgz 777ms (cache miss)
3354 http fetch GET 200 https://registry.npmjs.org/safe-regex-test/-/safe-regex-test-1.1.0.tgz 777ms (cache miss)
3355 http fetch GET 200 https://registry.npmjs.org/safe-array-concat/-/safe-array-concat-1.1.4.tgz 778ms (cache miss)
3356 http fetch GET 200 https://registry.npmjs.org/stop-iteration-iterator/-/stop-iteration-iterator-1.1.0.tgz 778ms (cache miss)
3357 http fetch GET 200 https://registry.npmjs.org/regexp.prototype.flags/-/regexp.prototype.flags-1.5.4.tgz 778ms (cache miss)
3358 http fetch GET 200 https://registry.npmjs.org/is-typed-array/-/is-typed-array-1.1.15.tgz 781ms (cache miss)
3359 http fetch GET 200 https://registry.npmjs.org/object.assign/-/object.assign-4.1.7.tgz 788ms (cache miss)
3360 http fetch GET 200 https://registry.npmjs.org/string.prototype.trim/-/string.prototype.trim-1.2.11.tgz 794ms (cache miss)
3361 http fetch GET 200 https://registry.npmjs.org/own-keys/-/own-keys-1.0.2.tgz 804ms (cache miss)
3362 http fetch GET 200 https://registry.npmjs.org/is-shared-array-buffer/-/is-shared-array-buffer-1.0.4.tgz 808ms (cache miss)
3363 http fetch GET 200 https://registry.npmjs.org/is-weakref/-/is-weakref-1.1.1.tgz 809ms (cache miss)
3364 http fetch GET 200 https://registry.npmjs.org/is-negative-zero/-/is-negative-zero-2.0.3.tgz 808ms (cache miss)
3365 http fetch GET 200 https://registry.npmjs.org/get-symbol-description/-/get-symbol-description-1.1.0.tgz 813ms (cache miss)
3366 http fetch GET 200 https://registry.npmjs.org/is-set/-/is-set-2.0.3.tgz 814ms (cache miss)
3367 http fetch GET 200 https://registry.npmjs.org/is-array-buffer/-/is-array-buffer-3.0.5.tgz 813ms (cache miss)
3368 http fetch GET 200 https://registry.npmjs.org/internal-slot/-/internal-slot-1.1.0.tgz 814ms (cache miss)
3369 http fetch GET 200 https://registry.npmjs.org/is-data-view/-/is-data-view-1.0.2.tgz 815ms (cache miss)
3370 http fetch GET 200 https://registry.npmjs.org/is-callable/-/is-callable-1.2.7.tgz 815ms (cache miss)
3371 http fetch GET 200 https://registry.npmjs.org/get-proto/-/get-proto-1.0.1.tgz 817ms (cache miss)
3372 http fetch GET 200 https://registry.npmjs.org/globalthis/-/globalthis-1.0.4.tgz 818ms (cache miss)
3373 http fetch GET 200 https://registry.npmjs.org/is-regex/-/is-regex-1.2.1.tgz 822ms (cache miss)
3374 http fetch GET 200 https://registry.npmjs.org/object-inspect/-/object-inspect-1.13.4.tgz 823ms (cache miss)
3375 http fetch GET 200 https://registry.npmjs.org/data-view-byte-offset/-/data-view-byte-offset-1.0.1.tgz 824ms (cache miss)
3376 http fetch GET 200 https://registry.npmjs.org/arraybuffer.prototype.slice/-/arraybuffer.prototype.slice-1.0.4.tgz 840ms (cache miss)
3377 http fetch GET 200 https://registry.npmjs.org/has-proto/-/has-proto-1.2.0.tgz 847ms (cache miss)
3378 http fetch GET 200 https://registry.npmjs.org/has-symbols/-/has-symbols-1.1.0.tgz 847ms (cache miss)
3379 http fetch GET 200 https://registry.npmjs.org/gopd/-/gopd-1.2.0.tgz 846ms (cache miss)
3380 http fetch GET 200 https://registry.npmjs.org/available-typed-arrays/-/available-typed-arrays-1.0.7.tgz 848ms (cache miss)
3381 http fetch GET 200 https://registry.npmjs.org/array-buffer-byte-length/-/array-buffer-byte-length-1.0.2.tgz 847ms (cache miss)
3382 http fetch GET 200 https://registry.npmjs.org/object-keys/-/object-keys-1.1.1.tgz 848ms (cache miss)
3383 http fetch GET 200 https://registry.npmjs.org/es-to-primitive/-/es-to-primitive-1.3.4.tgz 849ms (cache miss)
3384 http fetch GET 200 https://registry.npmjs.org/data-view-buffer/-/data-view-buffer-1.0.2.tgz 850ms (cache miss)
3385 http fetch GET 200 https://registry.npmjs.org/has-property-descriptors/-/has-property-descriptors-1.0.2.tgz 849ms (cache miss)
3386 http fetch GET 200 https://registry.npmjs.org/function.prototype.name/-/function.prototype.name-1.2.0.tgz 851ms (cache miss)
3387 http fetch GET 200 https://registry.npmjs.org/data-view-byte-length/-/data-view-byte-length-1.0.2.tgz 851ms (cache miss)
3388 http fetch GET 200 https://registry.npmjs.org/function-bind/-/function-bind-1.1.2.tgz 865ms (cache miss)
3389 http fetch GET 200 https://registry.npmjs.org/axe-core/-/axe-core-4.12.1.tgz 873ms (cache miss)
3390 http fetch GET 200 https://registry.npmjs.org/math-intrinsics/-/math-intrinsics-1.1.0.tgz 865ms (cache miss)
3391 http fetch GET 200 https://registry.npmjs.org/define-data-property/-/define-data-property-1.1.4.tgz 870ms (cache miss)
3392 http fetch GET 200 https://registry.npmjs.org/es-shim-unscopables/-/es-shim-unscopables-1.1.0.tgz 869ms (cache miss)
3393 http fetch GET 200 https://registry.npmjs.org/set-function-length/-/set-function-length-1.2.2.tgz 871ms (cache miss)
3394 http fetch GET 200 https://registry.npmjs.org/es-define-property/-/es-define-property-1.0.1.tgz 872ms (cache miss)
3395 http fetch GET 200 https://registry.npmjs.org/call-bind-apply-helpers/-/call-bind-apply-helpers-1.0.2.tgz 872ms (cache miss)
3396 http fetch GET 200 https://registry.npmjs.org/call-bound/-/call-bound-1.0.4.tgz 872ms (cache miss)
3397 http fetch GET 200 https://registry.npmjs.org/get-intrinsic/-/get-intrinsic-1.3.0.tgz 878ms (cache miss)
3398 http fetch GET 200 https://registry.npmjs.org/@babel/traverse/-/traverse-7.29.8.tgz 890ms (cache miss)
3399 http fetch GET 200 https://registry.npmjs.org/is-string/-/is-string-1.1.1.tgz 880ms (cache miss)
3400 http fetch GET 200 https://registry.npmjs.org/es-set-tostringtag/-/es-set-tostringtag-2.1.0.tgz 893ms (cache miss)
3401 http fetch GET 200 https://registry.npmjs.org/es-errors/-/es-errors-1.3.0.tgz 891ms (cache miss)
3402 http fetch GET 200 https://registry.npmjs.org/@swc/helpers/-/helpers-0.5.15.tgz 916ms (cache miss)
3403 http fetch GET 200 https://registry.npmjs.org/es-iterator-helpers/-/es-iterator-helpers-1.4.0.tgz 907ms (cache miss)
3404 http fetch GET 200 https://registry.npmjs.org/define-properties/-/define-properties-1.2.1.tgz 906ms (cache miss)
3405 http fetch GET 200 https://registry.npmjs.org/call-bind/-/call-bind-1.0.9.tgz 910ms (cache miss)
3406 http fetch GET 200 https://registry.npmjs.org/object.fromentries/-/object.fromentries-2.0.8.tgz 915ms (cache miss)
3407 http fetch GET 200 https://registry.npmjs.org/object.groupby/-/object.groupby-1.0.3.tgz 916ms (cache miss)
3408 http fetch GET 200 https://registry.npmjs.org/es-object-atoms/-/es-object-atoms-1.1.2.tgz 917ms (cache miss)
3409 http fetch GET 200 https://registry.npmjs.org/semver/-/semver-6.3.1.tgz 917ms (cache miss)
3410 http fetch GET 200 https://registry.npmjs.org/hasown/-/hasown-2.0.4.tgz 923ms (cache miss)
3411 http fetch GET 200 https://registry.npmjs.org/string.prototype.trimend/-/string.prototype.trimend-1.0.10.tgz 923ms (cache miss)
3412 http fetch GET 200 https://registry.npmjs.org/@typescript-eslint/eslint-plugin/-/eslint-plugin-8.66.0.tgz 957ms (cache miss)
3413 http fetch GET 200 https://registry.npmjs.org/array.prototype.flatmap/-/array.prototype.flatmap-1.3.3.tgz 942ms (cache miss)
3414 http fetch GET 200 https://registry.npmjs.org/object.values/-/object.values-1.2.1.tgz 943ms (cache miss)
3415 http fetch GET 200 https://registry.npmjs.org/array-includes/-/array-includes-3.1.9.tgz 946ms (cache miss)
3416 http fetch GET 200 https://registry.npmjs.org/array.prototype.findlastindex/-/array.prototype.findlastindex-1.2.6.tgz 946ms (cache miss)
3417 http fetch GET 200 https://registry.npmjs.org/jsx-ast-utils/-/jsx-ast-utils-3.3.5.tgz 957ms (cache miss)
3418 http fetch GET 200 https://registry.npmjs.org/eslint-module-utils/-/eslint-module-utils-2.14.0.tgz 948ms (cache miss)
3419 http fetch GET 200 https://registry.npmjs.org/@babel/core/-/core-7.29.7.tgz 972ms (cache miss)
3420 http fetch GET 200 https://registry.npmjs.org/is-bun-module/-/is-bun-module-2.0.0.tgz 973ms (cache miss)
3421 http fetch GET 200 https://registry.npmjs.org/array.prototype.flat/-/array.prototype.flat-1.3.3.tgz 975ms (cache miss)
3422 http fetch GET 200 https://registry.npmjs.org/tinyglobby/-/tinyglobby-0.2.17.tgz 978ms (cache miss)
3423 http fetch GET 200 https://registry.npmjs.org/unrs-resolver/-/unrs-resolver-1.12.2.tgz 983ms (cache miss)
3424 http fetch GET 200 https://registry.npmjs.org/doctrine/-/doctrine-2.1.0.tgz 985ms (cache miss)
3425 http fetch GET 200 https://registry.npmjs.org/tsconfig-paths/-/tsconfig-paths-3.15.0.tgz 988ms (cache miss)
3426 http fetch GET 200 https://registry.npmjs.org/get-tsconfig/-/get-tsconfig-4.14.1.tgz 986ms (cache miss)
3427 http fetch GET 200 https://registry.npmjs.org/@nolyfill/is-core-module/-/is-core-module-1.0.39.tgz 996ms (cache miss)
3428 http fetch GET 200 https://registry.npmjs.org/stable-hash/-/stable-hash-0.0.5.tgz 997ms (cache miss)
3429 http fetch GET 200 https://registry.npmjs.org/is-core-module/-/is-core-module-2.16.2.tgz 996ms (cache miss)
3430 http fetch GET 200 https://registry.npmjs.org/@rtsao/scc/-/scc-1.1.0.tgz 998ms (cache miss)
3431 http fetch GET 200 https://registry.npmjs.org/which/-/which-2.0.2.tgz 1051ms (cache miss)
3432 http fetch GET 200 https://registry.npmjs.org/eslint-import-resolver-node/-/eslint-import-resolver-node-0.3.10.tgz 1055ms (cache miss)
3433 http fetch GET 200 https://registry.npmjs.org/typescript-eslint/-/typescript-eslint-8.66.0.tgz 1060ms (cache miss)
3434 http fetch GET 200 https://registry.npmjs.org/path-key/-/path-key-3.1.1.tgz 1061ms (cache miss)
3435 http fetch GET 200 https://registry.npmjs.org/shebang-command/-/shebang-command-2.0.0.tgz 1077ms (cache miss)
3436 http fetch GET 200 https://registry.npmjs.org/eslint-import-resolver-typescript/-/eslint-import-resolver-typescript-3.10.1.tgz 1077ms (cache miss)
3437 http fetch GET 200 https://registry.npmjs.org/ms/-/ms-2.1.3.tgz 1077ms (cache miss)
3438 http fetch GET 200 https://registry.npmjs.org/color-name/-/color-name-1.1.4.tgz 1098ms (cache miss)
3439 http fetch GET 200 https://registry.npmjs.org/supports-color/-/supports-color-7.2.0.tgz 1103ms (cache miss)
3440 http fetch GET 200 https://registry.npmjs.org/axobject-query/-/axobject-query-4.1.0.tgz 1117ms (cache miss)
3441 http fetch GET 200 https://registry.npmjs.org/fast-glob/-/fast-glob-3.3.1.tgz 1107ms (cache miss)
3442 http fetch GET 200 https://registry.npmjs.org/@babel/types/-/types-7.29.8.tgz 1131ms (cache miss)
3443 http fetch GET 200 https://registry.npmjs.org/eslint-plugin-react-hooks/-/eslint-plugin-react-hooks-7.1.1.tgz 1117ms (cache miss)
3444 http fetch GET 200 https://registry.npmjs.org/color-convert/-/color-convert-2.0.1.tgz 1118ms (cache miss)
3445 http fetch GET 200 https://registry.npmjs.org/fast-json-stable-stringify/-/fast-json-stable-stringify-2.1.0.tgz 1120ms (cache miss)
3446 http fetch GET 200 https://registry.npmjs.org/json-schema-traverse/-/json-schema-traverse-0.4.1.tgz 1121ms (cache miss)
3447 http fetch GET 200 https://registry.npmjs.org/levn/-/levn-0.4.1.tgz 1129ms (cache miss)
3448 http fetch GET 200 https://registry.npmjs.org/strip-json-comments/-/strip-json-comments-3.1.1.tgz 1130ms (cache miss)
3449 http fetch GET 200 https://registry.npmjs.org/ansi-styles/-/ansi-styles-4.3.0.tgz 1130ms (cache miss)
3450 http fetch GET 200 https://registry.npmjs.org/import-fresh/-/import-fresh-3.3.1.tgz 1157ms (cache miss)
3451 http fetch GET 200 https://registry.npmjs.org/@humanfs/core/-/core-0.19.2.tgz 1159ms (cache miss)
3452 http fetch GET 200 https://registry.npmjs.org/@humanfs/types/-/types-0.15.0.tgz 1162ms (cache miss)
3453 http fetch GET 200 https://registry.npmjs.org/is-glob/-/is-glob-4.0.3.tgz 1172ms (cache miss)
3454 http fetch GET 200 https://registry.npmjs.org/lodash.merge/-/lodash.merge-4.6.2.tgz 1173ms (cache miss)
3455 http fetch GET 200 https://registry.npmjs.org/optionator/-/optionator-0.9.4.tgz 1174ms (cache miss)
3456 http fetch GET 200 https://registry.npmjs.org/natural-compare/-/natural-compare-1.4.0.tgz 1175ms (cache miss)
3457 http fetch GET 200 https://registry.npmjs.org/@types/json-schema/-/json-schema-7.0.15.tgz 1175ms (cache miss)
3458 http fetch GET 200 https://registry.npmjs.org/minimatch/-/minimatch-3.1.5.tgz 1175ms (cache miss)
3459 http fetch GET 200 https://registry.npmjs.org/globals/-/globals-14.0.0.tgz 1181ms (cache miss)
3460 http fetch GET 200 https://registry.npmjs.org/imurmurhash/-/imurmurhash-0.1.4.tgz 1183ms (cache miss)
3461 http fetch GET 200 https://registry.npmjs.org/@eslint/object-schema/-/object-schema-2.1.7.tgz 1191ms (cache miss)
3462 http fetch GET 200 https://registry.npmjs.org/@babel/helpers/-/helpers-7.29.7.tgz 1217ms (cache miss)
3463 http fetch GET 200 https://registry.npmjs.org/ignore/-/ignore-5.3.2.tgz 1202ms (cache miss)
3464 http fetch GET 200 https://registry.npmjs.org/fast-deep-equal/-/fast-deep-equal-3.1.3.tgz 1203ms (cache miss)
3465 http fetch GET 200 https://registry.npmjs.org/json-stable-stringify-without-jsonify/-/json-stable-stringify-without-jsonify-1.0.1.tgz 1203ms (cache miss)
3466 http fetch GET 200 https://registry.npmjs.org/js-yaml/-/js-yaml-4.3.1.tgz 1205ms (cache miss)
3467 http fetch GET 200 https://registry.npmjs.org/file-entry-cache/-/file-entry-cache-8.0.0.tgz 1203ms (cache miss)
3468 http fetch GET 200 https://registry.npmjs.org/find-up/-/find-up-5.0.0.tgz 1204ms (cache miss)
3469 http fetch GET 200 https://registry.npmjs.org/glob-parent/-/glob-parent-6.0.2.tgz 1205ms (cache miss)
3470 http fetch GET 200 https://registry.npmjs.org/esutils/-/esutils-2.0.3.tgz 1206ms (cache miss)
3471 http fetch GET 200 https://registry.npmjs.org/espree/-/espree-10.4.0.tgz 1211ms (cache miss)
3472 http fetch GET 200 https://registry.npmjs.org/uri-js/-/uri-js-4.4.1.tgz 1218ms (cache miss)
3473 http fetch GET 200 https://registry.npmjs.org/eslint-visitor-keys/-/eslint-visitor-keys-4.2.1.tgz 1214ms (cache miss)
3474 http fetch GET 200 https://registry.npmjs.org/cross-spawn/-/cross-spawn-7.0.6.tgz 1217ms (cache miss)
3475 http fetch GET 200 https://registry.npmjs.org/escape-string-regexp/-/escape-string-regexp-4.0.0.tgz 1225ms (cache miss)
3476 http fetch GET 200 https://registry.npmjs.org/debug/-/debug-4.4.3.tgz 1231ms (cache miss)
3477 http fetch GET 200 https://registry.npmjs.org/eslint-scope/-/eslint-scope-8.4.0.tgz 1234ms (cache miss)
3478 http fetch GET 200 https://registry.npmjs.org/@humanwhocodes/module-importer/-/module-importer-1.0.1.tgz 1245ms (cache miss)
3479 http fetch GET 200 https://registry.npmjs.org/chalk/-/chalk-4.1.2.tgz 1245ms (cache miss)
3480 http fetch GET 200 https://registry.npmjs.org/esquery/-/esquery-1.7.0.tgz 1248ms (cache miss)
3481 http fetch GET 200 https://registry.npmjs.org/@humanfs/node/-/node-0.16.8.tgz 1249ms (cache miss)
3482 http fetch GET 200 https://registry.npmjs.org/@humanwhocodes/retry/-/retry-0.4.3.tgz 1252ms (cache miss)
3483 http fetch GET 200 https://registry.npmjs.org/aria-query/-/aria-query-5.3.2.tgz 1278ms (cache miss)
3484 http fetch GET 200 https://registry.npmjs.org/@eslint/js/-/js-9.39.5.tgz 1260ms (cache miss)
3485 http fetch GET 200 https://registry.npmjs.org/graceful-fs/-/graceful-fs-4.2.11.tgz 1268ms (cache miss)
3486 http fetch GET 200 https://registry.npmjs.org/@eslint/plugin-kit/-/plugin-kit-0.4.1.tgz 1272ms (cache miss)
3487 http fetch GET 200 https://registry.npmjs.org/@eslint/core/-/core-0.17.0.tgz 1274ms (cache miss)
3488 http fetch GET 200 https://registry.npmjs.org/tapable/-/tapable-2.3.3.tgz 1286ms (cache miss)
3489 http fetch GET 200 https://registry.npmjs.org/resolve/-/resolve-2.0.0-next.7.tgz 1300ms (cache miss)
3490 http fetch GET 200 https://registry.npmjs.org/@jridgewell/resolve-uri/-/resolve-uri-3.1.2.tgz 1293ms (cache miss)
3491 http fetch GET 200 https://registry.npmjs.org/@eslint-community/regexpp/-/regexpp-4.12.2.tgz 1302ms (cache miss)
3492 http fetch GET 200 https://registry.npmjs.org/magic-string/-/magic-string-0.30.21.tgz 1304ms (cache miss)
3493 http fetch GET 200 https://registry.npmjs.org/@eslint/config-helpers/-/config-helpers-0.4.2.tgz 1308ms (cache miss)
3494 http fetch GET 200 https://registry.npmjs.org/@eslint-community/eslint-utils/-/eslint-utils-4.10.1.tgz 1315ms (cache miss)
3495 http fetch GET 200 https://registry.npmjs.org/@jridgewell/remapping/-/remapping-2.3.5.tgz 1315ms (cache miss)
3496 http fetch GET 200 https://registry.npmjs.org/source-map-js/-/source-map-js-1.2.1.tgz 1315ms (cache miss)
3497 http fetch GET 200 https://registry.npmjs.org/@eslint/config-array/-/config-array-0.21.2.tgz 1320ms (cache miss)
3498 http fetch GET 200 https://registry.npmjs.org/@types/estree/-/estree-1.0.9.tgz 1324ms (cache miss)
3499 http fetch GET 200 https://registry.npmjs.org/@tailwindcss/oxide/-/oxide-4.3.3.tgz 1332ms (cache miss)
3500 http fetch GET 200 https://registry.npmjs.org/eslint-plugin-import/-/eslint-plugin-import-2.32.0.tgz 1342ms (cache miss)
3501 http fetch GET 200 https://registry.npmjs.org/lightningcss/-/lightningcss-1.32.0.tgz 1337ms (cache miss)
3502 http fetch GET 200 https://registry.npmjs.org/@eslint/eslintrc/-/eslintrc-3.3.6.tgz 1343ms (cache miss)
3503 http fetch GET 200 https://registry.npmjs.org/@jridgewell/sourcemap-codec/-/sourcemap-codec-1.5.5.tgz 1345ms (cache miss)
3504 http fetch GET 200 https://registry.npmjs.org/@tailwindcss/node/-/node-4.3.3.tgz 1399ms (cache miss)
3505 http fetch GET 200 https://registry.npmjs.org/@alloc/quick-lru/-/quick-lru-5.2.0.tgz 1409ms (cache miss)
3506 http fetch GET 200 https://registry.npmjs.org/brace-expansion/-/brace-expansion-5.0.9.tgz 1408ms (cache miss)
3507 http fetch GET 200 https://registry.npmjs.org/eslint-visitor-keys/-/eslint-visitor-keys-5.0.1.tgz 1409ms (cache miss)
3508 http fetch GET 200 https://registry.npmjs.org/ignore/-/ignore-7.0.6.tgz 1413ms (cache miss)
3509 http fetch GET 200 https://registry.npmjs.org/@tailwindcss/postcss/-/postcss-4.3.3.tgz 1415ms (cache miss)
3510 http fetch GET 200 https://registry.npmjs.org/eslint-config-next/-/eslint-config-next-16.3.0.tgz 1420ms (cache miss)
3511 http fetch GET 200 https://registry.npmjs.org/@jridgewell/gen-mapping/-/gen-mapping-0.3.13.tgz 1424ms (cache miss)
3512 http fetch GET 200 https://registry.npmjs.org/@next/eslint-plugin-next/-/eslint-plugin-next-16.3.0.tgz 1438ms (cache miss)
3513 http fetch GET 200 https://registry.npmjs.org/react/-/react-19.2.8.tgz 1434ms (cache miss)
3514 http fetch GET 200 https://registry.npmjs.org/debug/-/debug-3.2.7.tgz 1436ms (cache miss)
3515 http fetch GET 200 https://registry.npmjs.org/json5/-/json5-1.0.2.tgz 1445ms (cache miss)
3516 http fetch GET 200 https://registry.npmjs.org/@jridgewell/trace-mapping/-/trace-mapping-0.3.31.tgz 1454ms (cache miss)
3517 http fetch GET 200 https://registry.npmjs.org/jiti/-/jiti-2.7.0.tgz 1458ms (cache miss)
3518 http fetch GET 200 https://registry.npmjs.org/glob-parent/-/glob-parent-5.1.2.tgz 1457ms (cache miss)
3519 http fetch GET 200 https://registry.npmjs.org/balanced-match/-/balanced-match-4.0.4.tgz 1458ms (cache miss)
3520 http fetch GET 200 https://registry.npmjs.org/enhanced-resolve/-/enhanced-resolve-5.24.5.tgz 1478ms (cache miss)
3521 http fetch GET 200 https://registry.npmjs.org/tailwindcss/-/tailwindcss-4.3.3.tgz 1481ms (cache miss)
3522 http fetch GET 200 https://registry.npmjs.org/eslint-visitor-keys/-/eslint-visitor-keys-3.4.3.tgz 1480ms (cache miss)
3523 http fetch GET 200 https://registry.npmjs.org/fdir/-/fdir-6.5.0.tgz 1483ms (cache miss)
3524 http fetch GET 200 https://registry.npmjs.org/picomatch/-/picomatch-4.0.5.tgz 1487ms (cache miss)
3525 http fetch GET 200 https://registry.npmjs.org/eslint-visitor-keys/-/eslint-visitor-keys-3.4.3.tgz 1492ms (cache miss)
3526 http fetch GET 200 https://registry.npmjs.org/semver/-/semver-7.8.5.tgz 1494ms (cache miss)
3527 http fetch GET 200 https://registry.npmjs.org/postcss/-/postcss-8.5.25.tgz 1499ms (cache miss)
3528 http fetch GET 200 https://registry.npmjs.org/globals/-/globals-16.4.0.tgz 1490ms (cache miss)
3529 http fetch GET 200 https://registry.npmjs.org/semver/-/semver-7.8.5.tgz 1504ms (cache miss)
3530 http fetch GET 200 https://registry.npmjs.org/debug/-/debug-3.2.7.tgz 1506ms (cache miss)
3531 http fetch GET 200 https://registry.npmjs.org/@tailwindcss/oxide-darwin-arm64/-/oxide-darwin-arm64-4.3.3.tgz 1513ms (cache miss)
3532 http fetch GET 200 https://registry.npmjs.org/debug/-/debug-3.2.7.tgz 1509ms (cache miss)
3533 http fetch GET 200 https://registry.npmjs.org/@eslint-community/eslint-utils/-/eslint-utils-4.9.1.tgz 1510ms (cache miss)
3534 http fetch GET 200 https://registry.npmjs.org/ajv/-/ajv-6.15.0.tgz 1517ms (cache miss)
3535 http fetch GET 200 https://registry.npmjs.org/minimatch/-/minimatch-10.2.6.tgz 1532ms (cache miss)
3536 http fetch GET 200 https://registry.npmjs.org/semver/-/semver-7.8.5.tgz 1540ms (cache miss)
3537 http fetch GET 200 https://registry.npmjs.org/postcss/-/postcss-8.5.23.tgz 1537ms (cache miss)
3538 http fetch GET 200 https://registry.npmjs.org/eslint-plugin-jsx-a11y/-/eslint-plugin-jsx-a11y-6.10.2.tgz 1614ms (cache miss)
3539 http fetch GET 200 https://registry.npmjs.org/react-dom/-/react-dom-19.2.8.tgz 1610ms (cache miss)
3540 http fetch GET 200 https://registry.npmjs.org/eslint-plugin-react/-/eslint-plugin-react-7.37.5.tgz 1723ms (cache miss)
3541 http fetch GET 200 https://registry.npmjs.org/typescript/-/typescript-6.0.3.tgz 1732ms (cache miss)
3542 http fetch GET 200 https://registry.npmjs.org/caniuse-lite/-/caniuse-lite-1.0.30001806.tgz 1878ms (cache miss)
3543 http fetch GET 200 https://registry.npmjs.org/eslint/-/eslint-9.39.5.tgz 1910ms (cache miss)
3544 http fetch GET 200 https://registry.npmjs.org/zod/-/zod-4.4.3.tgz 1982ms (cache miss)
3545 http fetch GET 200 https://registry.npmjs.org/@next/swc-darwin-arm64/-/swc-darwin-arm64-16.3.0.tgz 2046ms (cache miss)
3546 http fetch GET 200 https://registry.npmjs.org/es-abstract/-/es-abstract-1.24.2.tgz 2151ms (cache miss)
3547 http fetch GET 200 https://registry.npmjs.org/next/-/next-16.3.0.tgz 4024ms (cache miss)
3548 info run unrs-resolver@1.12.2 postinstall node_modules/unrs-resolver node postinstall.js
3549 info run unrs-resolver@1.12.2 postinstall { code: 0, signal: null }
3550 silly ADD node_modules/is-weakset
3551 silly ADD node_modules/is-weakmap
3552 silly ADD node_modules/is-map
3553 silly ADD node_modules/generator-function
3554 silly ADD node_modules/async-function
3555 silly ADD node_modules/which-collection
3556 silly ADD node_modules/is-generator-function
3557 silly ADD node_modules/is-finalizationregistry
3558 silly ADD node_modules/is-async-function
3559 silly ADD node_modules/is-number-object
3560 silly ADD node_modules/is-boolean-object
3561 silly ADD node_modules/is-bigint
3562 silly ADD node_modules/isexe
3563 silly ADD node_modules/punycode
3564 silly ADD node_modules/escalade
3565 silly ADD node_modules/napi-postinstall
3566 silly ADD node_modules/@unrs/resolver-binding-darwin-arm64
3567 silly ADD node_modules/which-boxed-primitive
3568 silly ADD node_modules/has-bigints
3569 silly ADD node_modules/@typescript-eslint/tsconfig-utils
3570 silly ADD node_modules/@typescript-eslint/project-service
3571 silly ADD node_modules/@typescript-eslint/types
3572 silly ADD node_modules/ts-api-utils
3573 silly ADD node_modules/@typescript-eslint/visitor-keys
3574 silly ADD node_modules/@typescript-eslint/visitor-keys/node_modules/eslint-visitor-keys
3575 silly ADD node_modules/@typescript-eslint/type-utils
3576 silly ADD node_modules/@typescript-eslint/scope-manager
3577 silly ADD node_modules/@typescript-eslint/utils
3578 silly ADD node_modules/@typescript-eslint/typescript-estree
3579 silly ADD node_modules/@typescript-eslint/typescript-estree/node_modules/balanced-match
3580 silly ADD node_modules/@typescript-eslint/typescript-estree/node_modules/brace-expansion
3581 silly ADD node_modules/@typescript-eslint/typescript-estree/node_modules/semver
3582 silly ADD node_modules/@typescript-eslint/typescript-estree/node_modules/minimatch
3583 silly ADD node_modules/@typescript-eslint/parser
3584 silly ADD node_modules/@typescript-eslint/eslint-plugin
3585 silly ADD node_modules/@typescript-eslint/eslint-plugin/node_modules/ignore
3586 silly ADD node_modules/which-builtin-type
3587 silly ADD node_modules/reflect.getprototypeof
3588 silly ADD node_modules/for-each
3589 silly ADD node_modules/strip-bom
3590 silly ADD node_modules/minimist
3591 silly ADD node_modules/@types/json5
3592 silly ADD node_modules/is-number
3593 silly ADD node_modules/has-flag
3594 silly ADD node_modules/client-only
3595 silly ADD node_modules/side-channel-weakmap
3596 silly ADD node_modules/side-channel-map
3597 silly ADD node_modules/side-channel-list
3598 silly ADD node_modules/shebang-regex
3599 silly ADD node_modules/@img/sharp-libvips-darwin-arm64
3600 silly ADD node_modules/@img/sharp-darwin-arm64
3601 silly ADD node_modules/@img/colour
3602 silly ADD node_modules/isarray
3603 silly ADD node_modules/queue-microtask
3604 silly ADD node_modules/supports-preserve-symlinks-flag
3605 silly ADD node_modules/path-parse
3606 silly ADD node_modules/node-exports-info
3607 silly ADD node_modules/scheduler
3608 silly ADD node_modules/react-is
3609 silly ADD node_modules/object-assign
3610 silly ADD node_modules/loose-envify
3611 silly ADD node_modules/nanoid
3612 silly ADD node_modules/callsites
3613 silly ADD node_modules/yocto-queue
3614 silly ADD node_modules/p-limit
3615 silly ADD node_modules/word-wrap
3616 silly ADD node_modules/fast-levenshtein
3617 silly ADD node_modules/deep-is
3618 silly ADD node_modules/tslib
3619 silly ADD node_modules/styled-jsx
3620 silly ADD node_modules/sharp
3621 silly ADD node_modules/sharp/node_modules/semver
3622 silly ADD node_modules/@swc/helpers
3623 silly ADD node_modules/@next/swc-darwin-arm64
3624 silly ADD node_modules/@next/env
3625 silly ADD node_modules/concat-map
3626 silly ADD node_modules/balanced-match
3627 silly ADD node_modules/brace-expansion
3628 silly ADD node_modules/to-regex-range
3629 silly ADD node_modules/fill-range
3630 silly ADD node_modules/picomatch
3631 silly ADD node_modules/braces
3632 silly ADD node_modules/yallist
3633 silly ADD node_modules/p-locate
3634 silly ADD node_modules/lightningcss-darwin-arm64
3635 silly ADD node_modules/detect-libc
3636 silly ADD node_modules/type-check
3637 silly ADD node_modules/prelude-ls
3638 silly ADD node_modules/language-subtag-registry
3639 silly ADD node_modules/json-buffer
3640 silly ADD node_modules/argparse
3641 silly ADD node_modules/set-function-name
3642 silly ADD node_modules/is-extglob
3643 silly ADD node_modules/side-channel
3644 silly ADD node_modules/resolve-from
3645 silly ADD node_modules/parent-module
3646 silly ADD node_modules/hermes-estree
3647 silly ADD node_modules/resolve-pkg-maps
3648 silly ADD node_modules/dunder-proto
3649 silly ADD node_modules/is-document.all
3650 silly ADD node_modules/functions-have-names
3651 silly ADD node_modules/keyv
3652 silly ADD node_modules/flatted
3653 silly ADD node_modules/path-exists
3654 silly ADD node_modules/locate-path
3655 silly ADD node_modules/flat-cache
3656 silly ADD node_modules/reusify
3657 silly ADD node_modules/run-parallel
3658 silly ADD node_modules/fastq
3659 silly ADD node_modules/@nodelib/fs.scandir
3660 silly ADD node_modules/micromatch
3661 silly ADD node_modules/merge2
3662 silly ADD node_modules/@nodelib/fs.walk
3663 silly ADD node_modules/@nodelib/fs.stat
3664 silly ADD node_modules/acorn-jsx
3665 silly ADD node_modules/acorn
3666 silly ADD node_modules/esrecurse
3667 silly ADD node_modules/update-browserslist-db
3668 silly ADD node_modules/node-releases
3669 silly ADD node_modules/electron-to-chromium
3670 silly ADD node_modules/caniuse-lite
3671 silly ADD node_modules/baseline-browser-mapping
3672 silly ADD node_modules/@babel/helper-string-parser
3673 silly ADD node_modules/@babel/helper-globals
3674 silly ADD node_modules/@babel/helper-module-imports
3675 silly ADD node_modules/lru-cache
3676 silly ADD node_modules/browserslist
3677 silly ADD node_modules/@babel/helper-validator-option
3678 silly ADD node_modules/@babel/compat-data
3679 silly ADD node_modules/jsesc
3680 silly ADD node_modules/picocolors
3681 silly ADD node_modules/js-tokens
3682 silly ADD node_modules/@babel/helper-validator-identifier
3683 silly ADD node_modules/json5
3684 silly ADD node_modules/gensync
3685 silly ADD node_modules/convert-source-map
3686 silly ADD node_modules/@babel/types
3687 silly ADD node_modules/@babel/traverse
3688 silly ADD node_modules/@babel/template
3689 silly ADD node_modules/@babel/helpers
3690 silly ADD node_modules/@babel/helper-module-transforms
3691 silly ADD node_modules/@babel/helper-compilation-targets
3692 silly ADD node_modules/@babel/generator
3693 silly ADD node_modules/@babel/code-frame
3694 silly ADD node_modules/zod-validation-error
3695 silly ADD node_modules/zod
3696 silly ADD node_modules/hermes-parser
3697 silly ADD node_modules/@babel/parser
3698 silly ADD node_modules/@babel/core
3699 silly ADD node_modules/iterator.prototype
3700 silly ADD node_modules/string.prototype.repeat
3701 silly ADD node_modules/string.prototype.matchall
3702 silly ADD node_modules/prop-types
3703 silly ADD node_modules/object.entries
3704 silly ADD node_modules/estraverse
3705 silly ADD node_modules/es-iterator-helpers
3706 silly ADD node_modules/array.prototype.tosorted
3707 silly ADD node_modules/array.prototype.findlast
3708 silly ADD node_modules/string.prototype.includes
3709 silly ADD node_modules/language-tags
3710 silly ADD node_modules/jsx-ast-utils
3711 silly ADD node_modules/emoji-regex
3712 silly ADD node_modules/damerau-levenshtein
3713 silly ADD node_modules/axobject-query
3714 silly ADD node_modules/axe-core
3715 silly ADD node_modules/ast-types-flow
3716 silly ADD node_modules/aria-query
3717 silly ADD node_modules/is-symbol
3718 silly ADD node_modules/is-date-object
3719 silly ADD node_modules/es-abstract-get
3720 silly ADD node_modules/has-tostringtag
3721 silly ADD node_modules/possible-typed-array-names
3722 silly ADD node_modules/which-typed-array
3723 silly ADD node_modules/unbox-primitive
3724 silly ADD node_modules/typed-array-length
3725 silly ADD node_modules/typed-array-byte-offset
3726 silly ADD node_modules/typed-array-byte-length
3727 silly ADD node_modules/typed-array-buffer
3728 silly ADD node_modules/string.prototype.trimstart
3729 silly ADD node_modules/string.prototype.trim
3730 silly ADD node_modules/stop-iteration-iterator
3731 silly ADD node_modules/set-proto
3732 silly ADD node_modules/safe-regex-test
3733 silly ADD node_modules/safe-push-apply
3734 silly ADD node_modules/safe-array-concat
3735 silly ADD node_modules/regexp.prototype.flags
3736 silly ADD node_modules/own-keys
3737 silly ADD node_modules/object.assign
3738 silly ADD node_modules/object-inspect
3739 silly ADD node_modules/is-weakref
3740 silly ADD node_modules/is-typed-array
3741 silly ADD node_modules/is-shared-array-buffer
3742 silly ADD node_modules/is-set
3743 silly ADD node_modules/is-regex
3744 silly ADD node_modules/is-negative-zero
3745 silly ADD node_modules/is-data-view
3746 silly ADD node_modules/is-callable
3747 silly ADD node_modules/is-array-buffer
3748 silly ADD node_modules/internal-slot
3749 silly ADD node_modules/has-symbols
3750 silly ADD node_modules/has-proto
3751 silly ADD node_modules/globalthis
3752 silly ADD node_modules/get-symbol-description
3753 silly ADD node_modules/get-proto
3754 silly ADD node_modules/function.prototype.name
3755 silly ADD node_modules/es-to-primitive
3756 silly ADD node_modules/es-set-tostringtag
3757 silly ADD node_modules/data-view-byte-offset
3758 silly ADD node_modules/data-view-byte-length
3759 silly ADD node_modules/data-view-buffer
3760 silly ADD node_modules/available-typed-arrays
3761 silly ADD node_modules/arraybuffer.prototype.slice
3762 silly ADD node_modules/array-buffer-byte-length
3763 silly ADD node_modules/gopd
3764 silly ADD node_modules/object-keys
3765 silly ADD node_modules/has-property-descriptors
3766 silly ADD node_modules/define-data-property
3767 silly ADD node_modules/function-bind
3768 silly ADD node_modules/set-function-length
3769 silly ADD node_modules/es-define-property
3770 silly ADD node_modules/call-bind-apply-helpers
3771 silly ADD node_modules/es-shim-unscopables
3772 silly ADD node_modules/es-errors
3773 silly ADD node_modules/math-intrinsics
3774 silly ADD node_modules/is-string
3775 silly ADD node_modules/get-intrinsic
3776 silly ADD node_modules/es-object-atoms
3777 silly ADD node_modules/es-abstract
3778 silly ADD node_modules/define-properties
3779 silly ADD node_modules/call-bound
3780 silly ADD node_modules/call-bind
3781 silly ADD node_modules/tsconfig-paths
3782 silly ADD node_modules/tsconfig-paths/node_modules/json5
3783 silly ADD node_modules/string.prototype.trimend
3784 silly ADD node_modules/semver
3785 silly ADD node_modules/object.values
3786 silly ADD node_modules/object.groupby
3787 silly ADD node_modules/object.fromentries
3788 silly ADD node_modules/hasown
3789 silly ADD node_modules/eslint-module-utils
3790 silly ADD node_modules/eslint-module-utils/node_modules/debug
3791 silly ADD node_modules/doctrine
3792 silly ADD node_modules/array.prototype.flatmap
3793 silly ADD node_modules/array.prototype.flat
3794 silly ADD node_modules/array.prototype.findlastindex
3795 silly ADD node_modules/array-includes
3796 silly ADD node_modules/@rtsao/scc
3797 silly ADD node_modules/unrs-resolver
3798 silly ADD node_modules/tinyglobby
3799 silly ADD node_modules/tinyglobby/node_modules/picomatch
3800 silly ADD node_modules/tinyglobby/node_modules/fdir
3801 silly ADD node_modules/stable-hash
3802 silly ADD node_modules/is-bun-module
3803 silly ADD node_modules/is-bun-module/node_modules/semver
3804 silly ADD node_modules/get-tsconfig
3805 silly ADD node_modules/@nolyfill/is-core-module
3806 silly ADD node_modules/resolve
3807 silly ADD node_modules/is-core-module
3808 silly ADD node_modules/fast-glob
3809 silly ADD node_modules/fast-glob/node_modules/glob-parent
3810 silly ADD node_modules/typescript
3811 silly ADD node_modules/typescript-eslint
3812 silly ADD node_modules/eslint-plugin-react-hooks
3813 silly ADD node_modules/eslint-plugin-react
3814 silly ADD node_modules/eslint-plugin-jsx-a11y
3815 silly ADD node_modules/eslint-plugin-import
3816 silly ADD node_modules/eslint-plugin-import/node_modules/debug
3817 silly ADD node_modules/eslint-import-resolver-typescript
3818 silly ADD node_modules/eslint-import-resolver-node
3819 silly ADD node_modules/eslint-import-resolver-node/node_modules/debug
3820 silly ADD node_modules/@next/eslint-plugin-next
3821 silly ADD node_modules/@next/eslint-plugin-next/node_modules/eslint-visitor-keys
3822 silly ADD node_modules/@next/eslint-plugin-next/node_modules/@eslint-community/eslint-utils
3823 silly ADD node_modules/ms
3824 silly ADD node_modules/which
3825 silly ADD node_modules/shebang-command
3826 silly ADD node_modules/path-key
3827 silly ADD node_modules/color-name
3828 silly ADD node_modules/color-convert
3829 silly ADD node_modules/supports-color
3830 silly ADD node_modules/ansi-styles
3831 silly ADD node_modules/uri-js
3832 silly ADD node_modules/json-schema-traverse
3833 silly ADD node_modules/fast-json-stable-stringify
3834 silly ADD node_modules/@humanfs/types
3835 silly ADD node_modules/@humanfs/core
3836 silly ADD node_modules/levn
3837 silly ADD node_modules/strip-json-comments
3838 silly ADD node_modules/js-yaml
3839 silly ADD node_modules/import-fresh
3840 silly ADD node_modules/globals
3841 silly ADD node_modules/@types/json-schema
3842 silly ADD node_modules/@eslint/object-schema
3843 silly ADD node_modules/optionator
3844 silly ADD node_modules/natural-compare
3845 silly ADD node_modules/minimatch
3846 silly ADD node_modules/lodash.merge
3847 silly ADD node_modules/json-stable-stringify-without-jsonify
3848 silly ADD node_modules/is-glob
3849 silly ADD node_modules/imurmurhash
3850 silly ADD node_modules/ignore
3851 silly ADD node_modules/glob-parent
3852 silly ADD node_modules/find-up
3853 silly ADD node_modules/file-entry-cache
3854 silly ADD node_modules/fast-deep-equal
3855 silly ADD node_modules/esutils
3856 silly ADD node_modules/esquery
3857 silly ADD node_modules/espree
3858 silly ADD node_modules/eslint-visitor-keys
3859 silly ADD node_modules/eslint-scope
3860 silly ADD node_modules/escape-string-regexp
3861 silly ADD node_modules/debug
3862 silly ADD node_modules/cross-spawn
3863 silly ADD node_modules/chalk
3864 silly ADD node_modules/ajv
3865 silly ADD node_modules/@types/estree
3866 silly ADD node_modules/@humanwhocodes/retry
3867 silly ADD node_modules/@humanwhocodes/module-importer
3868 silly ADD node_modules/@humanfs/node
3869 silly ADD node_modules/@eslint/plugin-kit
3870 silly ADD node_modules/@eslint/js
3871 silly ADD node_modules/@eslint/eslintrc
3872 silly ADD node_modules/@eslint/core
3873 silly ADD node_modules/@eslint/config-helpers
3874 silly ADD node_modules/@eslint/config-array
3875 silly ADD node_modules/@eslint-community/regexpp
3876 silly ADD node_modules/@eslint-community/eslint-utils
3877 silly ADD node_modules/@eslint-community/eslint-utils/node_modules/eslint-visitor-keys
3878 silly ADD node_modules/tapable
3879 silly ADD node_modules/graceful-fs
3880 silly ADD node_modules/@tailwindcss/oxide-darwin-arm64
3881 silly ADD node_modules/@jridgewell/resolve-uri
3882 silly ADD node_modules/@jridgewell/sourcemap-codec
3883 silly ADD node_modules/@jridgewell/trace-mapping
3884 silly ADD node_modules/@jridgewell/gen-mapping
3885 silly ADD node_modules/source-map-js
3886 silly ADD node_modules/magic-string
3887 silly ADD node_modules/lightningcss
3888 silly ADD node_modules/jiti
3889 silly ADD node_modules/enhanced-resolve
3890 silly ADD node_modules/@jridgewell/remapping
3891 silly ADD node_modules/postcss
3892 silly ADD node_modules/@tailwindcss/oxide
3893 silly ADD node_modules/@tailwindcss/node
3894 silly ADD node_modules/@alloc/quick-lru
3895 silly ADD node_modules/tailwindcss
3896 silly ADD node_modules/react-dom
3897 silly ADD node_modules/react
3898 silly ADD node_modules/next
3899 silly ADD node_modules/next/node_modules/postcss
3900 silly ADD node_modules/eslint-config-next
3901 silly ADD node_modules/eslint-config-next/node_modules/globals
3902 silly ADD node_modules/eslint
3903 silly ADD node_modules/@tailwindcss/postcss
3904 warn allow-scripts 1 package has install scripts not yet covered by allowScripts:
3904 warn allow-scripts   unrs-resolver@1.12.2 (postinstall: node postinstall.js)
3904 warn allow-scripts
3904 warn allow-scripts Run `npm approve-scripts --allow-scripts-pending` to review, or `npm approve-scripts <pkg>` to allow.
3905 verbose cwd /Users/rafaeltoledanojuarez/.gemini/antigravity/scratch/flota-app
3906 verbose os Darwin 25.5.0
3907 verbose node v24.18.1
3908 verbose npm  v11.16.0
3909 notice
3909 notice New major version of npm available! 11.16.0 -> 12.0.2
3909 notice Changelog: https://github.com/npm/cli/releases/tag/v12.0.2
3909 notice To update run: npm install -g npm@12.0.2
3909 notice  { force: true, Symbol(proc-log.meta): true }
3910 verbose exit 0
3911 info ok
